<Layer><Header>
  <AmericaMakesSchemaVersion>2021-04-30</AmericaMakesSchemaVersion>
  <LayerNum>7</LayerNum>
  <LayerThickness>0.05</LayerThickness>
  <DosingFactor>1.75</DosingFactor>
</Header>
<VelocityProfileList>
  <VelocityProfile>
    <ID>0</ID>
    <Velocity>5000</Velocity>
    <Mode>Delay</Mode>
    <LaserOnDelay>500</LaserOnDelay>
    <LaserOffDelay>0</LaserOffDelay>
    <MarkDelay>0</MarkDelay>
    <PolygonDelay>0</PolygonDelay>
  </VelocityProfile>
  <VelocityProfile>
    <ID>1</ID>
    <Velocity>500</Velocity>
    <Mode>Delay</Mode>
    <LaserOnDelay>250</LaserOnDelay>
    <LaserOffDelay>0</LaserOffDelay>
    <MarkDelay>300</MarkDelay>
    <PolygonDelay>0</PolygonDelay>
  </VelocityProfile>
  <VelocityProfile>
    <ID>2</ID>
    <Velocity>250</Velocity>
    <Mode>Auto</Mode>
    <LaserOnDelay>0</LaserOnDelay>
    <LaserOffDelay>0</LaserOffDelay>
    <MarkDelay>0</MarkDelay>
    <PolygonDelay>0</PolygonDelay>
  </VelocityProfile>
</VelocityProfileList>
<SegmentStyleList>
  <SegmentStyle>
    <ID>Contour1</ID>
    <VelocityProfileID>2</VelocityProfileID>
    <LaserMode>Independent</LaserMode>
  </SegmentStyle>
  <Traveler>
    <ID>1</ID>
    <SyncDelay>0</SyncDelay>
    <Power>250</Power>
    <SpotSize>50</SpotSize>
  </Traveler>
  <SegmentStyle>
    <ID>Hatch1</ID>
    <VelocityProfileID>1</VelocityProfileID>
    <LaserMode>Independent</LaserMode>
  </SegmentStyle>
  <Traveler>
    <ID>1</ID>
    <SyncDelay>0</SyncDelay>
    <Power>300</Power>
    <SpotSize>50</SpotSize>
  </Traveler>
  <SegmentStyle>
    <ID>SupportContour</ID>
    <VelocityProfileID>2</VelocityProfileID>
    <LaserMode>Independent</LaserMode>
  </SegmentStyle>
  <Traveler>
    <ID>1</ID>
    <SyncDelay>0</SyncDelay>
    <Power>250</Power>
    <SpotSize>70</SpotSize>
  </Traveler>
</SegmentStyleList>
<TrajectoryList>
  <Trajectory>
    <TrajectoryID>0</TrajectoryID>
    <PathProcessingMode>sequential</PathProcessingMode>
    <Path>
      <Type>contour</Type>
      <Tag>part1</Tag>
      <NumSegments>20.0</NumSegments>
      <SkyWritingMode>0</SkyWritingMode>
      <Start>
        <X>-20.957</X>
        <Y>54.5499</Y>
      </Start>
      <Segment>
        <SegmentID>1</SegmentID>
        <SegStyle>Contour1</SegStyle>
        <End>
          <X>-38.1638</X>
          <Y>54.5499</Y>
        </End>
      </Segment>
      <Segment>
        <SegmentID>2</SegmentID>
        <SegStyle>Contour1</SegStyle>
        <End>
          <X>-38.1638</X>
          <Y>42.13</Y>
        </End>
      </Segment>
      <Segment>
        <SegmentID>3</SegmentID>
        <SegStyle>Contour1</SegStyle>
        <End>
          <X>-20.957</X>
          <Y>42.13</Y>
        </End>
      </Segment>
      <Segment>
        <SegmentID>4</SegmentID>
        <SegStyle>Contour1</SegStyle>
        <End>
          <X>-20.957</X>
          <Y>54.5499</Y>
        </End>
      </Segment>
      <Segment>
        <SegmentID>5</SegmentID>
        <SegStyle>Contour1</SegStyle>
        <End>
          <X>-21.037</X>
          <Y>54.4699</Y>
        </End>
      </Segment>
      <Segment>
        <SegmentID>6</SegmentID>
        <SegStyle>Contour1</SegStyle>
        <End>
          <X>-38.0838</X>
          <Y>54.4699</Y>
        </End>
      </Segment>
      <Segment>
        <SegmentID>7</SegmentID>
        <SegStyle>Contour1</SegStyle>
        <End>
          <X>-38.0838</X>
          <Y>42.21</Y>
        </End>
      </Segment>
      <Segment>
        <SegmentID>8</SegmentID>
        <SegStyle>Contour1</SegStyle>
        <End>
          <X>-21.037</X>
          <Y>42.21</Y>
        </End>
      </Segment>
      <Segment>
        <SegmentID>9</SegmentID>
        <SegStyle>Contour1</SegStyle>
        <End>
          <X>-21.037</X>
          <Y>54.4699</Y>
        </End>
      </Segment>
      <Segment>
        <SegmentID>10</SegmentID>
        <SegStyle>Contour1</SegStyle>
        <End>
          <X>-21.117</X>
          <Y>54.3899</Y>
        </End>
      </Segment>
      <Segment>
        <SegmentID>11</SegmentID>
        <SegStyle>Contour1</SegStyle>
        <End>
          <X>-38.0038</X>
          <Y>54.3899</Y>
        </End>
      </Segment>
      <Segment>
        <SegmentID>12</SegmentID>
        <SegStyle>Contour1</SegStyle>
        <End>
          <X>-38.0038</X>
          <Y>42.29</Y>
        </End>
      </Segment>
      <Segment>
        <SegmentID>13</SegmentID>
        <SegStyle>Contour1</SegStyle>
        <End>
          <X>-21.117</X>
          <Y>42.29</Y>
        </End>
      </Segment>
      <Segment>
        <SegmentID>14</SegmentID>
        <SegStyle>Contour1</SegStyle>
        <End>
          <X>-21.117</X>
          <Y>54.3899</Y>
        </End>
      </Segment>
      <Segment>
        <SegmentID>15</SegmentID>
        <SegStyle>Contour1</SegStyle>
        <End>
          <X>-21.197</X>
          <Y>54.3099</Y>
        </End>
      </Segment>
      <Segment>
        <SegmentID>16</SegmentID>
        <SegStyle>Contour1</SegStyle>
        <End>
          <X>-37.9238</X>
          <Y>54.3099</Y>
        </End>
      </Segment>
      <Segment>
        <SegmentID>17</SegmentID>
        <SegStyle>Contour1</SegStyle>
        <End>
          <X>-37.9238</X>
          <Y>42.37</Y>
        </End>
      </Segment>
      <Segment>
        <SegmentID>18</SegmentID>
        <SegStyle>Contour1</SegStyle>
        <End>
          <X>-21.197</X>
          <Y>42.37</Y>
        </End>
      </Segment>
      <Segment>
        <SegmentID>19</SegmentID>
        <SegStyle>Contour1</SegStyle>
        <End>
          <X>-21.197</X>
          <Y>54.3099</Y>
        </End>
      </Segment>
    </Path>
  </Trajectory>
  <Trajectory>
    <TrajectoryID>1</TrajectoryID>
    <PathProcessingMode>sequential</PathProcessingMode>
    <Path>
      <Type>hatch</Type>
      <Tag>part1</Tag>
      <NumSegments>328.0</NumSegments>
      <SkyWritingMode>0</SkyWritingMode>
      <Start>
        <X>-36.9063</X>
        <Y>42.45</Y>
      </Start>
      <Segment>
        <SegmentID>1</SegmentID>
        <SegStyle>Hatch1</SegStyle>
        <End>
          <X>-37.8438</X>
          <Y>42.5287</Y>
        </End>
      </Segment>
      <Segment>
        <SegmentID>2</SegmentID>
        <SegStyle>Hatch1</SegStyle>
        <End>
          <X>-37.8438</X>
          <Y>42.609</Y>
        </End>
      </Segment>
      <Segment>
        <SegmentID>3</SegmentID>
        <SegStyle>Hatch1</SegStyle>
        <End>
          <X>-35.9505</X>
          <Y>42.45</Y>
        </End>
      </Segment>
      <Segment>
        <SegmentID>4</SegmentID>
        <SegStyle>Hatch1</SegStyle>
        <End>
          <X>-34.9947</X>
          <Y>42.45</Y>
        </End>
      </Segment>
      <Segment>
        <SegmentID>5</SegmentID>
        <SegStyle>Hatch1</SegStyle>
        <End>
          <X>-37.8438</X>
          <Y>42.6892</Y>
        </End>
      </Segment>
      <Segment>
        <SegmentID>6</SegmentID>
        <SegStyle>Hatch1</SegStyle>
        <End>
          <X>-37.8438</X>
          <Y>42.7695</Y>
        </End>
      </Segment>
      <Segment>
        <SegmentID>7</SegmentID>
        <SegStyle>Hatch1</SegStyle>
        <End>
          <X>-34.0389</X>
          <Y>42.45</Y>
        </End>
      </Segment>
      <Segment>
        <SegmentID>8</SegmentID>
        <SegStyle>Hatch1</SegStyle>
        <End>
          <X>-33.0831</X>
          <Y>42.45</Y>
        </End>
      </Segment>
      <Segment>
        <SegmentID>9</SegmentID>
        <SegStyle>Hatch1</SegStyle>
        <End>
          <X>-37.8438</X>
          <Y>42.8498</Y>
        </End>
      </Segment>
      <Segment>
        <SegmentID>10</SegmentID>
        <SegStyle>Hatch1</SegStyle>
        <End>
          <X>-37.8438</X>
          <Y>42.9301</Y>
        </End>
      </Segment>
      <Segment>
        <SegmentID>11</SegmentID>
        <SegStyle>Hatch1</SegStyle>
        <End>
          <X>-32.1261</X>
          <Y>42.45</Y>
        </End>
      </Segment>
      <Segment>
        <SegmentID>12</SegmentID>
        <SegStyle>Hatch1</SegStyle>
        <End>
          <X>-31.1703</X>
          <Y>42.45</Y>
        </End>
      </Segment>
      <Segment>
        <SegmentID>13</SegmentID>
        <SegStyle>Hatch1</SegStyle>
        <End>
          <X>-37.8438</X>
          <Y>43.0104</Y>
        </End>
      </Segment>
      <Segment>
        <SegmentID>14</SegmentID>
        <SegStyle>Hatch1</SegStyle>
        <End>
          <X>-37.8438</X>
          <Y>43.0907</Y>
        </End>
      </Segment>
      <Segment>
        <SegmentID>15</SegmentID>
        <SegStyle>Hatch1</SegStyle>
        <End>
          <X>-30.2144</X>
          <Y>42.45</Y>
        </End>
      </Segment>
      <Segment>
        <SegmentID>16</SegmentID>
        <SegStyle>Hatch1</SegStyle>
        <End>
          <X>-29.2586</X>
          <Y>42.45</Y>
        </End>
      </Segment>
      <Segment>
        <SegmentID>17</SegmentID>
        <SegStyle>Hatch1</SegStyle>
        <End>
          <X>-37.8438</X>
          <Y>43.1709</Y>
        </End>
      </Segment>
      <Segment>
        <SegmentID>18</SegmentID>
        <SegStyle>Hatch1</SegStyle>
        <End>
          <X>-37.8438</X>
          <Y>43.2512</Y>
        </End>
      </Segment>
      <Segment>
        <SegmentID>19</SegmentID>
        <SegStyle>Hatch1</SegStyle>
        <End>
          <X>-28.3028</X>
          <Y>42.45</Y>
        </End>
      </Segment>
      <Segment>
        <SegmentID>20</SegmentID>
        <SegStyle>Hatch1</SegStyle>
        <End>
          <X>-27.3458</X>
          <Y>42.45</Y>
        </End>
      </Segment>
      <Segment>
        <SegmentID>21</SegmentID>
        <SegStyle>Hatch1</SegStyle>
        <End>
          <X>-37.8438</X>
          <Y>43.3315</Y>
        </End>
      </Segment>
      <Segment>
        <SegmentID>22</SegmentID>
        <SegStyle>Hatch1</SegStyle>
        <End>
          <X>-37.8438</X>
          <Y>43.4118</Y>
        </End>
      </Segment>
      <Segment>
        <SegmentID>23</SegmentID>
        <SegStyle>Hatch1</SegStyle>
        <End>
          <X>-26.39</X>
          <Y>42.45</Y>
        </End>
      </Segment>
      <Segment>
        <SegmentID>24</SegmentID>
        <SegStyle>Hatch1</SegStyle>
        <End>
          <X>-25.4342</X>
          <Y>42.45</Y>
        </End>
      </Segment>
      <Segment>
        <SegmentID>25</SegmentID>
        <SegStyle>Hatch1</SegStyle>
        <End>
          <X>-37.8438</X>
          <Y>43.4921</Y>
        </End>
      </Segment>
      <Segment>
        <SegmentID>26</SegmentID>
        <SegStyle>Hatch1</SegStyle>
        <End>
          <X>-37.8438</X>
          <Y>43.5723</Y>
        </End>
      </Segment>
      <Segment>
        <SegmentID>27</SegmentID>
        <SegStyle>Hatch1</SegStyle>
        <End>
          <X>-24.4784</X>
          <Y>42.45</Y>
        </End>
      </Segment>
      <Segment>
        <SegmentID>28</SegmentID>
        <SegStyle>Hatch1</SegStyle>
        <End>
          <X>-23.5226</X>
          <Y>42.45</Y>
        </End>
      </Segment>
      <Segment>
        <SegmentID>29</SegmentID>
        <SegStyle>Hatch1</SegStyle>
        <End>
          <X>-37.8438</X>
          <Y>43.6526</Y>
        </End>
      </Segment>
      <Segment>
        <SegmentID>30</SegmentID>
        <SegStyle>Hatch1</SegStyle>
        <End>
          <X>-37.8438</X>
          <Y>43.733</Y>
        </End>
      </Segment>
      <Segment>
        <SegmentID>31</SegmentID>
        <SegStyle>Hatch1</SegStyle>
        <End>
          <X>-22.5656</X>
          <Y>42.45</Y>
        </End>
      </Segment>
      <Segment>
        <SegmentID>32</SegmentID>
        <SegStyle>Hatch1</SegStyle>
        <End>
          <X>-21.6097</X>
          <Y>42.45</Y>
        </End>
      </Segment>
      <Segment>
        <SegmentID>33</SegmentID>
        <SegStyle>Hatch1</SegStyle>
        <End>
          <X>-37.8438</X>
          <Y>43.8132</Y>
        </End>
      </Segment>
      <Segment>
        <SegmentID>34</SegmentID>
        <SegStyle>Hatch1</SegStyle>
        <End>
          <X>-37.8438</X>
          <Y>43.8935</Y>
        </End>
      </Segment>
      <Segment>
        <SegmentID>35</SegmentID>
        <SegStyle>Hatch1</SegStyle>
        <End>
          <X>-21.277</X>
          <Y>42.5023</Y>
        </End>
      </Segment>
      <Segment>
        <SegmentID>36</SegmentID>
        <SegStyle>Hatch1</SegStyle>
        <End>
          <X>-21.277</X>
          <Y>42.5826</Y>
        </End>
      </Segment>
      <Segment>
        <SegmentID>37</SegmentID>
        <SegStyle>Hatch1</SegStyle>
        <End>
          <X>-37.8438</X>
          <Y>43.9737</Y>
        </End>
      </Segment>
      <Segment>
        <SegmentID>38</SegmentID>
        <SegStyle>Hatch1</SegStyle>
        <End>
          <X>-37.8438</X>
          <Y>44.054</Y>
        </End>
      </Segment>
      <Segment>
        <SegmentID>39</SegmentID>
        <SegStyle>Hatch1</SegStyle>
        <End>
          <X>-21.277</X>
          <Y>42.6628</Y>
        </End>
      </Segment>
      <Segment>
        <SegmentID>40</SegmentID>
        <SegStyle>Hatch1</SegStyle>
        <End>
          <X>-21.277</X>
          <Y>42.7432</Y>
        </End>
      </Segment>
      <Segment>
        <SegmentID>41</SegmentID>
        <SegStyle>Hatch1</SegStyle>
        <End>
          <X>-37.8438</X>
          <Y>44.1344</Y>
        </End>
      </Segment>
      <Segment>
        <SegmentID>42</SegmentID>
        <SegStyle>Hatch1</SegStyle>
        <End>
          <X>-37.8438</X>
          <Y>44.2146</Y>
        </End>
      </Segment>
      <Segment>
        <SegmentID>43</SegmentID>
        <SegStyle>Hatch1</SegStyle>
        <End>
          <X>-21.277</X>
          <Y>42.8235</Y>
        </End>
      </Segment>
      <Segment>
        <SegmentID>44</SegmentID>
        <SegStyle>Hatch1</SegStyle>
        <End>
          <X>-21.277</X>
          <Y>42.9037</Y>
        </End>
      </Segment>
      <Segment>
        <SegmentID>45</SegmentID>
        <SegStyle>Hatch1</SegStyle>
        <End>
          <X>-37.8438</X>
          <Y>44.2949</Y>
        </End>
      </Segment>
      <Segment>
        <SegmentID>46</SegmentID>
        <SegStyle>Hatch1</SegStyle>
        <End>
          <X>-37.8438</X>
          <Y>44.3751</Y>
        </End>
      </Segment>
      <Segment>
        <SegmentID>47</SegmentID>
        <SegStyle>Hatch1</SegStyle>
        <End>
          <X>-21.277</X>
          <Y>42.984</Y>
        </End>
      </Segment>
      <Segment>
        <SegmentID>48</SegmentID>
        <SegStyle>Hatch1</SegStyle>
        <End>
          <X>-21.277</X>
          <Y>43.0643</Y>
        </End>
      </Segment>
      <Segment>
        <SegmentID>49</SegmentID>
        <SegStyle>Hatch1</SegStyle>
        <End>
          <X>-37.8438</X>
          <Y>44.4554</Y>
        </End>
      </Segment>
      <Segment>
        <SegmentID>50</SegmentID>
        <SegStyle>Hatch1</SegStyle>
        <End>
          <X>-37.8438</X>
          <Y>44.5358</Y>
        </End>
      </Segment>
      <Segment>
        <SegmentID>51</SegmentID>
        <SegStyle>Hatch1</SegStyle>
        <End>
          <X>-21.277</X>
          <Y>43.1446</Y>
        </End>
      </Segment>
      <Segment>
        <SegmentID>52</SegmentID>
        <SegStyle>Hatch1</SegStyle>
        <End>
          <X>-21.277</X>
          <Y>43.2249</Y>
        </End>
      </Segment>
      <Segment>
        <SegmentID>53</SegmentID>
        <SegStyle>Hatch1</SegStyle>
        <End>
          <X>-37.8438</X>
          <Y>44.616</Y>
        </End>
      </Segment>
      <Segment>
        <SegmentID>54</SegmentID>
        <SegStyle>Hatch1</SegStyle>
        <End>
          <X>-37.8438</X>
          <Y>44.6963</Y>
        </End>
      </Segment>
      <Segment>
        <SegmentID>55</SegmentID>
        <SegStyle>Hatch1</SegStyle>
        <End>
          <X>-21.277</X>
          <Y>43.3051</Y>
        </End>
      </Segment>
      <Segment>
        <SegmentID>56</SegmentID>
        <SegStyle>Hatch1</SegStyle>
        <End>
          <X>-21.277</X>
          <Y>43.3854</Y>
        </End>
      </Segment>
      <Segment>
        <SegmentID>57</SegmentID>
        <SegStyle>Hatch1</SegStyle>
        <End>
          <X>-37.8438</X>
          <Y>44.7766</Y>
        </End>
      </Segment>
      <Segment>
        <SegmentID>58</SegmentID>
        <SegStyle>Hatch1</SegStyle>
        <End>
          <X>-37.8438</X>
          <Y>44.8568</Y>
        </End>
      </Segment>
      <Segment>
        <SegmentID>59</SegmentID>
        <SegStyle>Hatch1</SegStyle>
        <End>
          <X>-21.277</X>
          <Y>43.4657</Y>
        </End>
      </Segment>
      <Segment>
        <SegmentID>60</SegmentID>
        <SegStyle>Hatch1</SegStyle>
        <End>
          <X>-21.277</X>
          <Y>43.546</Y>
        </End>
      </Segment>
      <Segment>
        <SegmentID>61</SegmentID>
        <SegStyle>Hatch1</SegStyle>
        <End>
          <X>-37.8438</X>
          <Y>44.9371</Y>
        </End>
      </Segment>
      <Segment>
        <SegmentID>62</SegmentID>
        <SegStyle>Hatch1</SegStyle>
        <End>
          <X>-37.8438</X>
          <Y>45.0174</Y>
        </End>
      </Segment>
      <Segment>
        <SegmentID>63</SegmentID>
        <SegStyle>Hatch1</SegStyle>
        <End>
          <X>-21.277</X>
          <Y>43.6263</Y>
        </End>
      </Segment>
      <Segment>
        <SegmentID>64</SegmentID>
        <SegStyle>Hatch1</SegStyle>
        <End>
          <X>-21.277</X>
          <Y>43.7066</Y>
        </End>
      </Segment>
      <Segment>
        <SegmentID>65</SegmentID>
        <SegStyle>Hatch1</SegStyle>
        <End>
          <X>-37.8438</X>
          <Y>45.0977</Y>
        </End>
      </Segment>
      <Segment>
        <SegmentID>66</SegmentID>
        <SegStyle>Hatch1</SegStyle>
        <End>
          <X>-37.8438</X>
          <Y>45.178</Y>
        </End>
      </Segment>
      <Segment>
        <SegmentID>67</SegmentID>
        <SegStyle>Hatch1</SegStyle>
        <End>
          <X>-21.277</X>
          <Y>43.7868</Y>
        </End>
      </Segment>
      <Segment>
        <SegmentID>68</SegmentID>
        <SegStyle>Hatch1</SegStyle>
        <End>
          <X>-21.277</X>
          <Y>43.8671</Y>
        </End>
      </Segment>
      <Segment>
        <SegmentID>69</SegmentID>
        <SegStyle>Hatch1</SegStyle>
        <End>
          <X>-37.8438</X>
          <Y>45.2582</Y>
        </End>
      </Segment>
      <Segment>
        <SegmentID>70</SegmentID>
        <SegStyle>Hatch1</SegStyle>
        <End>
          <X>-37.8438</X>
          <Y>45.3385</Y>
        </End>
      </Segment>
      <Segment>
        <SegmentID>71</SegmentID>
        <SegStyle>Hatch1</SegStyle>
        <End>
          <X>-21.277</X>
          <Y>43.9473</Y>
        </End>
      </Segment>
      <Segment>
        <SegmentID>72</SegmentID>
        <SegStyle>Hatch1</SegStyle>
        <End>
          <X>-21.277</X>
          <Y>44.0277</Y>
        </End>
      </Segment>
      <Segment>
        <SegmentID>73</SegmentID>
        <SegStyle>Hatch1</SegStyle>
        <End>
          <X>-37.8438</X>
          <Y>45.4189</Y>
        </End>
      </Segment>
      <Segment>
        <SegmentID>74</SegmentID>
        <SegStyle>Hatch1</SegStyle>
        <End>
          <X>-37.8438</X>
          <Y>45.4991</Y>
        </End>
      </Segment>
      <Segment>
        <SegmentID>75</SegmentID>
        <SegStyle>Hatch1</SegStyle>
        <End>
          <X>-21.277</X>
          <Y>44.108</Y>
        </End>
      </Segment>
      <Segment>
        <SegmentID>76</SegmentID>
        <SegStyle>Hatch1</SegStyle>
        <End>
          <X>-21.277</X>
          <Y>44.1882</Y>
        </End>
      </Segment>
      <Segment>
        <SegmentID>77</SegmentID>
        <SegStyle>Hatch1</SegStyle>
        <End>
          <X>-37.8438</X>
          <Y>45.5794</Y>
        </End>
      </Segment>
      <Segment>
        <SegmentID>78</SegmentID>
        <SegStyle>Hatch1</SegStyle>
        <End>
          <X>-37.8438</X>
          <Y>45.6596</Y>
        </End>
      </Segment>
      <Segment>
        <SegmentID>79</SegmentID>
        <SegStyle>Hatch1</SegStyle>
        <End>
          <X>-21.277</X>
          <Y>44.2685</Y>
        </End>
      </Segment>
      <Segment>
        <SegmentID>80</SegmentID>
        <SegStyle>Hatch1</SegStyle>
        <End>
          <X>-21.277</X>
          <Y>44.3488</Y>
        </End>
      </Segment>
      <Segment>
        <SegmentID>81</SegmentID>
        <SegStyle>Hatch1</SegStyle>
        <End>
          <X>-37.8438</X>
          <Y>45.7399</Y>
        </End>
      </Segment>
      <Segment>
        <SegmentID>82</SegmentID>
        <SegStyle>Hatch1</SegStyle>
        <End>
          <X>-37.8438</X>
          <Y>45.8203</Y>
        </End>
      </Segment>
      <Segment>
        <SegmentID>83</SegmentID>
        <SegStyle>Hatch1</SegStyle>
        <End>
          <X>-21.277</X>
          <Y>44.4291</Y>
        </End>
      </Segment>
      <Segment>
        <SegmentID>84</SegmentID>
        <SegStyle>Hatch1</SegStyle>
        <End>
          <X>-21.277</X>
          <Y>44.5094</Y>
        </End>
      </Segment>
      <Segment>
        <SegmentID>85</SegmentID>
        <SegStyle>Hatch1</SegStyle>
        <End>
          <X>-37.8438</X>
          <Y>45.9005</Y>
        </End>
      </Segment>
      <Segment>
        <SegmentID>86</SegmentID>
        <SegStyle>Hatch1</SegStyle>
        <End>
          <X>-37.8438</X>
          <Y>45.9808</Y>
        </End>
      </Segment>
      <Segment>
        <SegmentID>87</SegmentID>
        <SegStyle>Hatch1</SegStyle>
        <End>
          <X>-21.277</X>
          <Y>44.5896</Y>
        </End>
      </Segment>
      <Segment>
        <SegmentID>88</SegmentID>
        <SegStyle>Hatch1</SegStyle>
        <End>
          <X>-21.277</X>
          <Y>44.6699</Y>
        </End>
      </Segment>
      <Segment>
        <SegmentID>89</SegmentID>
        <SegStyle>Hatch1</SegStyle>
        <End>
          <X>-37.8438</X>
          <Y>46.0611</Y>
        </End>
      </Segment>
      <Segment>
        <SegmentID>90</SegmentID>
        <SegStyle>Hatch1</SegStyle>
        <End>
          <X>-37.8438</X>
          <Y>46.1413</Y>
        </End>
      </Segment>
      <Segment>
        <SegmentID>91</SegmentID>
        <SegStyle>Hatch1</SegStyle>
        <End>
          <X>-21.277</X>
          <Y>44.7502</Y>
        </End>
      </Segment>
      <Segment>
        <SegmentID>92</SegmentID>
        <SegStyle>Hatch1</SegStyle>
        <End>
          <X>-21.277</X>
          <Y>44.8305</Y>
        </End>
      </Segment>
      <Segment>
        <SegmentID>93</SegmentID>
        <SegStyle>Hatch1</SegStyle>
        <End>
          <X>-37.8438</X>
          <Y>46.2217</Y>
        </End>
      </Segment>
      <Segment>
        <SegmentID>94</SegmentID>
        <SegStyle>Hatch1</SegStyle>
        <End>
          <X>-37.8438</X>
          <Y>46.3019</Y>
        </End>
      </Segment>
      <Segment>
        <SegmentID>95</SegmentID>
        <SegStyle>Hatch1</SegStyle>
        <End>
          <X>-21.277</X>
          <Y>44.9108</Y>
        </End>
      </Segment>
      <Segment>
        <SegmentID>96</SegmentID>
        <SegStyle>Hatch1</SegStyle>
        <End>
          <X>-21.277</X>
          <Y>44.991</Y>
        </End>
      </Segment>
      <Segment>
        <SegmentID>97</SegmentID>
        <SegStyle>Hatch1</SegStyle>
        <End>
          <X>-37.8438</X>
          <Y>46.3822</Y>
        </End>
      </Segment>
      <Segment>
        <SegmentID>98</SegmentID>
        <SegStyle>Hatch1</SegStyle>
        <End>
          <X>-37.8438</X>
          <Y>46.4625</Y>
        </End>
      </Segment>
      <Segment>
        <SegmentID>99</SegmentID>
        <SegStyle>Hatch1</SegStyle>
        <End>
          <X>-21.277</X>
          <Y>45.0713</Y>
        </End>
      </Segment>
      <Segment>
        <SegmentID>100</SegmentID>
        <SegStyle>Hatch1</SegStyle>
        <End>
          <X>-21.277</X>
          <Y>45.1516</Y>
        </End>
      </Segment>
      <Segment>
        <SegmentID>101</SegmentID>
        <SegStyle>Hatch1</SegStyle>
        <End>
          <X>-37.8438</X>
          <Y>46.5427</Y>
        </End>
      </Segment>
      <Segment>
        <SegmentID>102</SegmentID>
        <SegStyle>Hatch1</SegStyle>
        <End>
          <X>-37.8438</X>
          <Y>46.6231</Y>
        </End>
      </Segment>
      <Segment>
        <SegmentID>103</SegmentID>
        <SegStyle>Hatch1</SegStyle>
        <End>
          <X>-21.277</X>
          <Y>45.2319</Y>
        </End>
      </Segment>
      <Segment>
        <SegmentID>104</SegmentID>
        <SegStyle>Hatch1</SegStyle>
        <End>
          <X>-21.277</X>
          <Y>45.3122</Y>
        </End>
      </Segment>
      <Segment>
        <SegmentID>105</SegmentID>
        <SegStyle>Hatch1</SegStyle>
        <End>
          <X>-37.8438</X>
          <Y>46.7034</Y>
        </End>
      </Segment>
      <Segment>
        <SegmentID>106</SegmentID>
        <SegStyle>Hatch1</SegStyle>
        <End>
          <X>-37.8438</X>
          <Y>46.7836</Y>
        </End>
      </Segment>
      <Segment>
        <SegmentID>107</SegmentID>
        <SegStyle>Hatch1</SegStyle>
        <End>
          <X>-21.277</X>
          <Y>45.3925</Y>
        </End>
      </Segment>
      <Segment>
        <SegmentID>108</SegmentID>
        <SegStyle>Hatch1</SegStyle>
        <End>
          <X>-21.277</X>
          <Y>45.4727</Y>
        </End>
      </Segment>
      <Segment>
        <SegmentID>109</SegmentID>
        <SegStyle>Hatch1</SegStyle>
        <End>
          <X>-37.8438</X>
          <Y>46.8639</Y>
        </End>
      </Segment>
      <Segment>
        <SegmentID>110</SegmentID>
        <SegStyle>Hatch1</SegStyle>
        <End>
          <X>-37.8438</X>
          <Y>46.9441</Y>
        </End>
      </Segment>
      <Segment>
        <SegmentID>111</SegmentID>
        <SegStyle>Hatch1</SegStyle>
        <End>
          <X>-21.277</X>
          <Y>45.553</Y>
        </End>
      </Segment>
      <Segment>
        <SegmentID>112</SegmentID>
        <SegStyle>Hatch1</SegStyle>
        <End>
          <X>-21.277</X>
          <Y>45.6333</Y>
        </End>
      </Segment>
      <Segment>
        <SegmentID>113</SegmentID>
        <SegStyle>Hatch1</SegStyle>
        <End>
          <X>-37.8438</X>
          <Y>47.0245</Y>
        </End>
      </Segment>
      <Segment>
        <SegmentID>114</SegmentID>
        <SegStyle>Hatch1</SegStyle>
        <End>
          <X>-37.8438</X>
          <Y>47.1048</Y>
        </End>
      </Segment>
      <Segment>
        <SegmentID>115</SegmentID>
        <SegStyle>Hatch1</SegStyle>
        <End>
          <X>-21.277</X>
          <Y>45.7136</Y>
        </End>
      </Segment>
      <Segment>
        <SegmentID>116</SegmentID>
        <SegStyle>Hatch1</SegStyle>
        <End>
          <X>-21.277</X>
          <Y>45.7939</Y>
        </End>
      </Segment>
      <Segment>
        <SegmentID>117</SegmentID>
        <SegStyle>Hatch1</SegStyle>
        <End>
          <X>-37.8438</X>
          <Y>47.185</Y>
        </End>
      </Segment>
      <Segment>
        <SegmentID>118</SegmentID>
        <SegStyle>Hatch1</SegStyle>
        <End>
          <X>-37.8438</X>
          <Y>47.2653</Y>
        </End>
      </Segment>
      <Segment>
        <SegmentID>119</SegmentID>
        <SegStyle>Hatch1</SegStyle>
        <End>
          <X>-21.277</X>
          <Y>45.8741</Y>
        </End>
      </Segment>
      <Segment>
        <SegmentID>120</SegmentID>
        <SegStyle>Hatch1</SegStyle>
        <End>
          <X>-21.277</X>
          <Y>45.9544</Y>
        </End>
      </Segment>
      <Segment>
        <SegmentID>121</SegmentID>
        <SegStyle>Hatch1</SegStyle>
        <End>
          <X>-37.8438</X>
          <Y>47.3455</Y>
        </End>
      </Segment>
      <Segment>
        <SegmentID>122</SegmentID>
        <SegStyle>Hatch1</SegStyle>
        <End>
          <X>-37.8438</X>
          <Y>47.4258</Y>
        </End>
      </Segment>
      <Segment>
        <SegmentID>123</SegmentID>
        <SegStyle>Hatch1</SegStyle>
        <End>
          <X>-21.277</X>
          <Y>46.0348</Y>
        </End>
      </Segment>
      <Segment>
        <SegmentID>124</SegmentID>
        <SegStyle>Hatch1</SegStyle>
        <End>
          <X>-21.277</X>
          <Y>46.115</Y>
        </End>
      </Segment>
      <Segment>
        <SegmentID>125</SegmentID>
        <SegStyle>Hatch1</SegStyle>
        <End>
          <X>-37.8438</X>
          <Y>47.5062</Y>
        </End>
      </Segment>
      <Segment>
        <SegmentID>126</SegmentID>
        <SegStyle>Hatch1</SegStyle>
        <End>
          <X>-37.8438</X>
          <Y>47.5864</Y>
        </End>
      </Segment>
      <Segment>
        <SegmentID>127</SegmentID>
        <SegStyle>Hatch1</SegStyle>
        <End>
          <X>-21.277</X>
          <Y>46.1953</Y>
        </End>
      </Segment>
      <Segment>
        <SegmentID>128</SegmentID>
        <SegStyle>Hatch1</SegStyle>
        <End>
          <X>-21.277</X>
          <Y>46.2755</Y>
        </End>
      </Segment>
      <Segment>
        <SegmentID>129</SegmentID>
        <SegStyle>Hatch1</SegStyle>
        <End>
          <X>-37.8438</X>
          <Y>47.6667</Y>
        </End>
      </Segment>
      <Segment>
        <SegmentID>130</SegmentID>
        <SegStyle>Hatch1</SegStyle>
        <End>
          <X>-37.8438</X>
          <Y>47.747</Y>
        </End>
      </Segment>
      <Segment>
        <SegmentID>131</SegmentID>
        <SegStyle>Hatch1</SegStyle>
        <End>
          <X>-21.277</X>
          <Y>46.3558</Y>
        </End>
      </Segment>
      <Segment>
        <SegmentID>132</SegmentID>
        <SegStyle>Hatch1</SegStyle>
        <End>
          <X>-21.277</X>
          <Y>46.4361</Y>
        </End>
      </Segment>
      <Segment>
        <SegmentID>133</SegmentID>
        <SegStyle>Hatch1</SegStyle>
        <End>
          <X>-37.8438</X>
          <Y>47.8272</Y>
        </End>
      </Segment>
      <Segment>
        <SegmentID>134</SegmentID>
        <SegStyle>Hatch1</SegStyle>
        <End>
          <X>-37.8438</X>
          <Y>47.9076</Y>
        </End>
      </Segment>
      <Segment>
        <SegmentID>135</SegmentID>
        <SegStyle>Hatch1</SegStyle>
        <End>
          <X>-21.277</X>
          <Y>46.5164</Y>
        </End>
      </Segment>
      <Segment>
        <SegmentID>136</SegmentID>
        <SegStyle>Hatch1</SegStyle>
        <End>
          <X>-21.277</X>
          <Y>46.5967</Y>
        </End>
      </Segment>
      <Segment>
        <SegmentID>137</SegmentID>
        <SegStyle>Hatch1</SegStyle>
        <End>
          <X>-37.8438</X>
          <Y>47.9878</Y>
        </End>
      </Segment>
      <Segment>
        <SegmentID>138</SegmentID>
        <SegStyle>Hatch1</SegStyle>
        <End>
          <X>-37.8438</X>
          <Y>48.0681</Y>
        </End>
      </Segment>
      <Segment>
        <SegmentID>139</SegmentID>
        <SegStyle>Hatch1</SegStyle>
        <End>
          <X>-21.277</X>
          <Y>46.677</Y>
        </End>
      </Segment>
      <Segment>
        <SegmentID>140</SegmentID>
        <SegStyle>Hatch1</SegStyle>
        <End>
          <X>-21.277</X>
          <Y>46.7572</Y>
        </End>
      </Segment>
      <Segment>
        <SegmentID>141</SegmentID>
        <SegStyle>Hatch1</SegStyle>
        <End>
          <X>-37.8438</X>
          <Y>48.1484</Y>
        </End>
      </Segment>
      <Segment>
        <SegmentID>142</SegmentID>
        <SegStyle>Hatch1</SegStyle>
        <End>
          <X>-37.8438</X>
          <Y>48.2286</Y>
        </End>
      </Segment>
      <Segment>
        <SegmentID>143</SegmentID>
        <SegStyle>Hatch1</SegStyle>
        <End>
          <X>-21.277</X>
          <Y>46.8375</Y>
        </End>
      </Segment>
      <Segment>
        <SegmentID>144</SegmentID>
        <SegStyle>Hatch1</SegStyle>
        <End>
          <X>-21.277</X>
          <Y>46.9178</Y>
        </End>
      </Segment>
      <Segment>
        <SegmentID>145</SegmentID>
        <SegStyle>Hatch1</SegStyle>
        <End>
          <X>-37.8438</X>
          <Y>48.309</Y>
        </End>
      </Segment>
      <Segment>
        <SegmentID>146</SegmentID>
        <SegStyle>Hatch1</SegStyle>
        <End>
          <X>-37.8438</X>
          <Y>48.3893</Y>
        </End>
      </Segment>
      <Segment>
        <SegmentID>147</SegmentID>
        <SegStyle>Hatch1</SegStyle>
        <End>
          <X>-21.277</X>
          <Y>46.9981</Y>
        </End>
      </Segment>
      <Segment>
        <SegmentID>148</SegmentID>
        <SegStyle>Hatch1</SegStyle>
        <End>
          <X>-21.277</X>
          <Y>47.0784</Y>
        </End>
      </Segment>
      <Segment>
        <SegmentID>149</SegmentID>
        <SegStyle>Hatch1</SegStyle>
        <End>
          <X>-37.8438</X>
          <Y>48.4695</Y>
        </End>
      </Segment>
      <Segment>
        <SegmentID>150</SegmentID>
        <SegStyle>Hatch1</SegStyle>
        <End>
          <X>-37.8438</X>
          <Y>48.5498</Y>
        </End>
      </Segment>
      <Segment>
        <SegmentID>151</SegmentID>
        <SegStyle>Hatch1</SegStyle>
        <End>
          <X>-21.277</X>
          <Y>47.1586</Y>
        </End>
      </Segment>
      <Segment>
        <SegmentID>152</SegmentID>
        <SegStyle>Hatch1</SegStyle>
        <End>
          <X>-21.277</X>
          <Y>47.2389</Y>
        </End>
      </Segment>
      <Segment>
        <SegmentID>153</SegmentID>
        <SegStyle>Hatch1</SegStyle>
        <End>
          <X>-37.8438</X>
          <Y>48.63</Y>
        </End>
      </Segment>
      <Segment>
        <SegmentID>154</SegmentID>
        <SegStyle>Hatch1</SegStyle>
        <End>
          <X>-37.8438</X>
          <Y>48.7104</Y>
        </End>
      </Segment>
      <Segment>
        <SegmentID>155</SegmentID>
        <SegStyle>Hatch1</SegStyle>
        <End>
          <X>-21.277</X>
          <Y>47.3193</Y>
        </End>
      </Segment>
      <Segment>
        <SegmentID>156</SegmentID>
        <SegStyle>Hatch1</SegStyle>
        <End>
          <X>-21.277</X>
          <Y>47.3995</Y>
        </End>
      </Segment>
      <Segment>
        <SegmentID>157</SegmentID>
        <SegStyle>Hatch1</SegStyle>
        <End>
          <X>-37.8438</X>
          <Y>48.7907</Y>
        </End>
      </Segment>
      <Segment>
        <SegmentID>158</SegmentID>
        <SegStyle>Hatch1</SegStyle>
        <End>
          <X>-37.8438</X>
          <Y>48.8709</Y>
        </End>
      </Segment>
      <Segment>
        <SegmentID>159</SegmentID>
        <SegStyle>Hatch1</SegStyle>
        <End>
          <X>-21.277</X>
          <Y>47.4798</Y>
        </End>
      </Segment>
      <Segment>
        <SegmentID>160</SegmentID>
        <SegStyle>Hatch1</SegStyle>
        <End>
          <X>-21.277</X>
          <Y>47.56</Y>
        </End>
      </Segment>
      <Segment>
        <SegmentID>161</SegmentID>
        <SegStyle>Hatch1</SegStyle>
        <End>
          <X>-37.8438</X>
          <Y>48.9512</Y>
        </End>
      </Segment>
      <Segment>
        <SegmentID>162</SegmentID>
        <SegStyle>Hatch1</SegStyle>
        <End>
          <X>-37.8438</X>
          <Y>49.0315</Y>
        </End>
      </Segment>
      <Segment>
        <SegmentID>163</SegmentID>
        <SegStyle>Hatch1</SegStyle>
        <End>
          <X>-21.277</X>
          <Y>47.6403</Y>
        </End>
      </Segment>
      <Segment>
        <SegmentID>164</SegmentID>
        <SegStyle>Hatch1</SegStyle>
        <End>
          <X>-21.277</X>
          <Y>47.7207</Y>
        </End>
      </Segment>
      <Segment>
        <SegmentID>165</SegmentID>
        <SegStyle>Hatch1</SegStyle>
        <End>
          <X>-37.8438</X>
          <Y>49.1118</Y>
        </End>
      </Segment>
      <Segment>
        <SegmentID>166</SegmentID>
        <SegStyle>Hatch1</SegStyle>
        <End>
          <X>-37.8438</X>
          <Y>49.1921</Y>
        </End>
      </Segment>
      <Segment>
        <SegmentID>167</SegmentID>
        <SegStyle>Hatch1</SegStyle>
        <End>
          <X>-21.277</X>
          <Y>47.8009</Y>
        </End>
      </Segment>
      <Segment>
        <SegmentID>168</SegmentID>
        <SegStyle>Hatch1</SegStyle>
        <End>
          <X>-21.277</X>
          <Y>47.8812</Y>
        </End>
      </Segment>
      <Segment>
        <SegmentID>169</SegmentID>
        <SegStyle>Hatch1</SegStyle>
        <End>
          <X>-37.8438</X>
          <Y>49.2723</Y>
        </End>
      </Segment>
      <Segment>
        <SegmentID>170</SegmentID>
        <SegStyle>Hatch1</SegStyle>
        <End>
          <X>-37.8438</X>
          <Y>49.3526</Y>
        </End>
      </Segment>
      <Segment>
        <SegmentID>171</SegmentID>
        <SegStyle>Hatch1</SegStyle>
        <End>
          <X>-21.277</X>
          <Y>47.9614</Y>
        </End>
      </Segment>
      <Segment>
        <SegmentID>172</SegmentID>
        <SegStyle>Hatch1</SegStyle>
        <End>
          <X>-21.277</X>
          <Y>48.0417</Y>
        </End>
      </Segment>
      <Segment>
        <SegmentID>173</SegmentID>
        <SegStyle>Hatch1</SegStyle>
        <End>
          <X>-37.8438</X>
          <Y>49.4329</Y>
        </End>
      </Segment>
      <Segment>
        <SegmentID>174</SegmentID>
        <SegStyle>Hatch1</SegStyle>
        <End>
          <X>-37.8438</X>
          <Y>49.5132</Y>
        </End>
      </Segment>
      <Segment>
        <SegmentID>175</SegmentID>
        <SegStyle>Hatch1</SegStyle>
        <End>
          <X>-21.277</X>
          <Y>48.1221</Y>
        </End>
      </Segment>
      <Segment>
        <SegmentID>176</SegmentID>
        <SegStyle>Hatch1</SegStyle>
        <End>
          <X>-21.277</X>
          <Y>48.2023</Y>
        </End>
      </Segment>
      <Segment>
        <SegmentID>177</SegmentID>
        <SegStyle>Hatch1</SegStyle>
        <End>
          <X>-37.8438</X>
          <Y>49.5935</Y>
        </End>
      </Segment>
      <Segment>
        <SegmentID>178</SegmentID>
        <SegStyle>Hatch1</SegStyle>
        <End>
          <X>-37.8438</X>
          <Y>49.6738</Y>
        </End>
      </Segment>
      <Segment>
        <SegmentID>179</SegmentID>
        <SegStyle>Hatch1</SegStyle>
        <End>
          <X>-21.277</X>
          <Y>48.2826</Y>
        </End>
      </Segment>
      <Segment>
        <SegmentID>180</SegmentID>
        <SegStyle>Hatch1</SegStyle>
        <End>
          <X>-21.277</X>
          <Y>48.3629</Y>
        </End>
      </Segment>
      <Segment>
        <SegmentID>181</SegmentID>
        <SegStyle>Hatch1</SegStyle>
        <End>
          <X>-37.8438</X>
          <Y>49.754</Y>
        </End>
      </Segment>
      <Segment>
        <SegmentID>182</SegmentID>
        <SegStyle>Hatch1</SegStyle>
        <End>
          <X>-37.8438</X>
          <Y>49.8343</Y>
        </End>
      </Segment>
      <Segment>
        <SegmentID>183</SegmentID>
        <SegStyle>Hatch1</SegStyle>
        <End>
          <X>-21.277</X>
          <Y>48.4431</Y>
        </End>
      </Segment>
      <Segment>
        <SegmentID>184</SegmentID>
        <SegStyle>Hatch1</SegStyle>
        <End>
          <X>-21.277</X>
          <Y>48.5235</Y>
        </End>
      </Segment>
      <Segment>
        <SegmentID>185</SegmentID>
        <SegStyle>Hatch1</SegStyle>
        <End>
          <X>-37.8438</X>
          <Y>49.9145</Y>
        </End>
      </Segment>
      <Segment>
        <SegmentID>186</SegmentID>
        <SegStyle>Hatch1</SegStyle>
        <End>
          <X>-37.8438</X>
          <Y>49.9949</Y>
        </End>
      </Segment>
      <Segment>
        <SegmentID>187</SegmentID>
        <SegStyle>Hatch1</SegStyle>
        <End>
          <X>-21.277</X>
          <Y>48.6037</Y>
        </End>
      </Segment>
      <Segment>
        <SegmentID>188</SegmentID>
        <SegStyle>Hatch1</SegStyle>
        <End>
          <X>-21.277</X>
          <Y>48.684</Y>
        </End>
      </Segment>
      <Segment>
        <SegmentID>189</SegmentID>
        <SegStyle>Hatch1</SegStyle>
        <End>
          <X>-37.8438</X>
          <Y>50.0752</Y>
        </End>
      </Segment>
      <Segment>
        <SegmentID>190</SegmentID>
        <SegStyle>Hatch1</SegStyle>
        <End>
          <X>-37.8438</X>
          <Y>50.1554</Y>
        </End>
      </Segment>
      <Segment>
        <SegmentID>191</SegmentID>
        <SegStyle>Hatch1</SegStyle>
        <End>
          <X>-21.277</X>
          <Y>48.7643</Y>
        </End>
      </Segment>
      <Segment>
        <SegmentID>192</SegmentID>
        <SegStyle>Hatch1</SegStyle>
        <End>
          <X>-21.277</X>
          <Y>48.8445</Y>
        </End>
      </Segment>
      <Segment>
        <SegmentID>193</SegmentID>
        <SegStyle>Hatch1</SegStyle>
        <End>
          <X>-37.8438</X>
          <Y>50.2357</Y>
        </End>
      </Segment>
      <Segment>
        <SegmentID>194</SegmentID>
        <SegStyle>Hatch1</SegStyle>
        <End>
          <X>-37.8438</X>
          <Y>50.3159</Y>
        </End>
      </Segment>
      <Segment>
        <SegmentID>195</SegmentID>
        <SegStyle>Hatch1</SegStyle>
        <End>
          <X>-21.277</X>
          <Y>48.9248</Y>
        </End>
      </Segment>
      <Segment>
        <SegmentID>196</SegmentID>
        <SegStyle>Hatch1</SegStyle>
        <End>
          <X>-21.277</X>
          <Y>49.0052</Y>
        </End>
      </Segment>
      <Segment>
        <SegmentID>197</SegmentID>
        <SegStyle>Hatch1</SegStyle>
        <End>
          <X>-37.8438</X>
          <Y>50.3963</Y>
        </End>
      </Segment>
      <Segment>
        <SegmentID>198</SegmentID>
        <SegStyle>Hatch1</SegStyle>
        <End>
          <X>-37.8438</X>
          <Y>50.4766</Y>
        </End>
      </Segment>
      <Segment>
        <SegmentID>199</SegmentID>
        <SegStyle>Hatch1</SegStyle>
        <End>
          <X>-21.277</X>
          <Y>49.0854</Y>
        </End>
      </Segment>
      <Segment>
        <SegmentID>200</SegmentID>
        <SegStyle>Hatch1</SegStyle>
        <End>
          <X>-21.277</X>
          <Y>49.1657</Y>
        </End>
      </Segment>
      <Segment>
        <SegmentID>201</SegmentID>
        <SegStyle>Hatch1</SegStyle>
        <End>
          <X>-37.8438</X>
          <Y>50.5568</Y>
        </End>
      </Segment>
      <Segment>
        <SegmentID>202</SegmentID>
        <SegStyle>Hatch1</SegStyle>
        <End>
          <X>-37.8438</X>
          <Y>50.6371</Y>
        </End>
      </Segment>
      <Segment>
        <SegmentID>203</SegmentID>
        <SegStyle>Hatch1</SegStyle>
        <End>
          <X>-21.277</X>
          <Y>49.2459</Y>
        </End>
      </Segment>
      <Segment>
        <SegmentID>204</SegmentID>
        <SegStyle>Hatch1</SegStyle>
        <End>
          <X>-21.277</X>
          <Y>49.3262</Y>
        </End>
      </Segment>
      <Segment>
        <SegmentID>205</SegmentID>
        <SegStyle>Hatch1</SegStyle>
        <End>
          <X>-37.8438</X>
          <Y>50.7174</Y>
        </End>
      </Segment>
      <Segment>
        <SegmentID>206</SegmentID>
        <SegStyle>Hatch1</SegStyle>
        <End>
          <X>-37.8438</X>
          <Y>50.7977</Y>
        </End>
      </Segment>
      <Segment>
        <SegmentID>207</SegmentID>
        <SegStyle>Hatch1</SegStyle>
        <End>
          <X>-21.277</X>
          <Y>49.4066</Y>
        </End>
      </Segment>
      <Segment>
        <SegmentID>208</SegmentID>
        <SegStyle>Hatch1</SegStyle>
        <End>
          <X>-21.277</X>
          <Y>49.4868</Y>
        </End>
      </Segment>
      <Segment>
        <SegmentID>209</SegmentID>
        <SegStyle>Hatch1</SegStyle>
        <End>
          <X>-37.8438</X>
          <Y>50.878</Y>
        </End>
      </Segment>
      <Segment>
        <SegmentID>210</SegmentID>
        <SegStyle>Hatch1</SegStyle>
        <End>
          <X>-37.8438</X>
          <Y>50.9582</Y>
        </End>
      </Segment>
      <Segment>
        <SegmentID>211</SegmentID>
        <SegStyle>Hatch1</SegStyle>
        <End>
          <X>-21.277</X>
          <Y>49.5671</Y>
        </End>
      </Segment>
      <Segment>
        <SegmentID>212</SegmentID>
        <SegStyle>Hatch1</SegStyle>
        <End>
          <X>-21.277</X>
          <Y>49.6474</Y>
        </End>
      </Segment>
      <Segment>
        <SegmentID>213</SegmentID>
        <SegStyle>Hatch1</SegStyle>
        <End>
          <X>-37.8438</X>
          <Y>51.0385</Y>
        </End>
      </Segment>
      <Segment>
        <SegmentID>214</SegmentID>
        <SegStyle>Hatch1</SegStyle>
        <End>
          <X>-37.8438</X>
          <Y>51.1188</Y>
        </End>
      </Segment>
      <Segment>
        <SegmentID>215</SegmentID>
        <SegStyle>Hatch1</SegStyle>
        <End>
          <X>-21.277</X>
          <Y>49.7276</Y>
        </End>
      </Segment>
      <Segment>
        <SegmentID>216</SegmentID>
        <SegStyle>Hatch1</SegStyle>
        <End>
          <X>-21.277</X>
          <Y>49.808</Y>
        </End>
      </Segment>
      <Segment>
        <SegmentID>217</SegmentID>
        <SegStyle>Hatch1</SegStyle>
        <End>
          <X>-37.8438</X>
          <Y>51.1991</Y>
        </End>
      </Segment>
      <Segment>
        <SegmentID>218</SegmentID>
        <SegStyle>Hatch1</SegStyle>
        <End>
          <X>-37.8438</X>
          <Y>51.2794</Y>
        </End>
      </Segment>
      <Segment>
        <SegmentID>219</SegmentID>
        <SegStyle>Hatch1</SegStyle>
        <End>
          <X>-21.277</X>
          <Y>49.8882</Y>
        </End>
      </Segment>
      <Segment>
        <SegmentID>220</SegmentID>
        <SegStyle>Hatch1</SegStyle>
        <End>
          <X>-21.277</X>
          <Y>49.9685</Y>
        </End>
      </Segment>
      <Segment>
        <SegmentID>221</SegmentID>
        <SegStyle>Hatch1</SegStyle>
        <End>
          <X>-37.8438</X>
          <Y>51.3597</Y>
        </End>
      </Segment>
      <Segment>
        <SegmentID>222</SegmentID>
        <SegStyle>Hatch1</SegStyle>
        <End>
          <X>-37.8438</X>
          <Y>51.4399</Y>
        </End>
      </Segment>
      <Segment>
        <SegmentID>223</SegmentID>
        <SegStyle>Hatch1</SegStyle>
        <End>
          <X>-21.277</X>
          <Y>50.0488</Y>
        </End>
      </Segment>
      <Segment>
        <SegmentID>224</SegmentID>
        <SegStyle>Hatch1</SegStyle>
        <End>
          <X>-21.277</X>
          <Y>50.129</Y>
        </End>
      </Segment>
      <Segment>
        <SegmentID>225</SegmentID>
        <SegStyle>Hatch1</SegStyle>
        <End>
          <X>-37.8438</X>
          <Y>51.5202</Y>
        </End>
      </Segment>
      <Segment>
        <SegmentID>226</SegmentID>
        <SegStyle>Hatch1</SegStyle>
        <End>
          <X>-37.8438</X>
          <Y>51.6005</Y>
        </End>
      </Segment>
      <Segment>
        <SegmentID>227</SegmentID>
        <SegStyle>Hatch1</SegStyle>
        <End>
          <X>-21.277</X>
          <Y>50.2094</Y>
        </End>
      </Segment>
      <Segment>
        <SegmentID>228</SegmentID>
        <SegStyle>Hatch1</SegStyle>
        <End>
          <X>-21.277</X>
          <Y>50.2896</Y>
        </End>
      </Segment>
      <Segment>
        <SegmentID>229</SegmentID>
        <SegStyle>Hatch1</SegStyle>
        <End>
          <X>-37.8438</X>
          <Y>51.6808</Y>
        </End>
      </Segment>
      <Segment>
        <SegmentID>230</SegmentID>
        <SegStyle>Hatch1</SegStyle>
        <End>
          <X>-37.8438</X>
          <Y>51.7611</Y>
        </End>
      </Segment>
      <Segment>
        <SegmentID>231</SegmentID>
        <SegStyle>Hatch1</SegStyle>
        <End>
          <X>-21.277</X>
          <Y>50.3699</Y>
        </End>
      </Segment>
      <Segment>
        <SegmentID>232</SegmentID>
        <SegStyle>Hatch1</SegStyle>
        <End>
          <X>-21.277</X>
          <Y>50.4502</Y>
        </End>
      </Segment>
      <Segment>
        <SegmentID>233</SegmentID>
        <SegStyle>Hatch1</SegStyle>
        <End>
          <X>-37.8438</X>
          <Y>51.8413</Y>
        </End>
      </Segment>
      <Segment>
        <SegmentID>234</SegmentID>
        <SegStyle>Hatch1</SegStyle>
        <End>
          <X>-37.8438</X>
          <Y>51.9216</Y>
        </End>
      </Segment>
      <Segment>
        <SegmentID>235</SegmentID>
        <SegStyle>Hatch1</SegStyle>
        <End>
          <X>-21.277</X>
          <Y>50.5304</Y>
        </End>
      </Segment>
      <Segment>
        <SegmentID>236</SegmentID>
        <SegStyle>Hatch1</SegStyle>
        <End>
          <X>-21.277</X>
          <Y>50.6108</Y>
        </End>
      </Segment>
      <Segment>
        <SegmentID>237</SegmentID>
        <SegStyle>Hatch1</SegStyle>
        <End>
          <X>-37.8438</X>
          <Y>52.002</Y>
        </End>
      </Segment>
      <Segment>
        <SegmentID>238</SegmentID>
        <SegStyle>Hatch1</SegStyle>
        <End>
          <X>-37.8438</X>
          <Y>52.0822</Y>
        </End>
      </Segment>
      <Segment>
        <SegmentID>239</SegmentID>
        <SegStyle>Hatch1</SegStyle>
        <End>
          <X>-21.277</X>
          <Y>50.6911</Y>
        </End>
      </Segment>
      <Segment>
        <SegmentID>240</SegmentID>
        <SegStyle>Hatch1</SegStyle>
        <End>
          <X>-21.277</X>
          <Y>50.7713</Y>
        </End>
      </Segment>
      <Segment>
        <SegmentID>241</SegmentID>
        <SegStyle>Hatch1</SegStyle>
        <End>
          <X>-37.8438</X>
          <Y>52.1625</Y>
        </End>
      </Segment>
      <Segment>
        <SegmentID>242</SegmentID>
        <SegStyle>Hatch1</SegStyle>
        <End>
          <X>-37.8438</X>
          <Y>52.2427</Y>
        </End>
      </Segment>
      <Segment>
        <SegmentID>243</SegmentID>
        <SegStyle>Hatch1</SegStyle>
        <End>
          <X>-21.277</X>
          <Y>50.8516</Y>
        </End>
      </Segment>
      <Segment>
        <SegmentID>244</SegmentID>
        <SegStyle>Hatch1</SegStyle>
        <End>
          <X>-21.277</X>
          <Y>50.9318</Y>
        </End>
      </Segment>
      <Segment>
        <SegmentID>245</SegmentID>
        <SegStyle>Hatch1</SegStyle>
        <End>
          <X>-37.8438</X>
          <Y>52.323</Y>
        </End>
      </Segment>
      <Segment>
        <SegmentID>246</SegmentID>
        <SegStyle>Hatch1</SegStyle>
        <End>
          <X>-37.8438</X>
          <Y>52.4033</Y>
        </End>
      </Segment>
      <Segment>
        <SegmentID>247</SegmentID>
        <SegStyle>Hatch1</SegStyle>
        <End>
          <X>-21.277</X>
          <Y>51.0122</Y>
        </End>
      </Segment>
      <Segment>
        <SegmentID>248</SegmentID>
        <SegStyle>Hatch1</SegStyle>
        <End>
          <X>-21.277</X>
          <Y>51.0925</Y>
        </End>
      </Segment>
      <Segment>
        <SegmentID>249</SegmentID>
        <SegStyle>Hatch1</SegStyle>
        <End>
          <X>-37.8438</X>
          <Y>52.4836</Y>
        </End>
      </Segment>
      <Segment>
        <SegmentID>250</SegmentID>
        <SegStyle>Hatch1</SegStyle>
        <End>
          <X>-37.8438</X>
          <Y>52.5639</Y>
        </End>
      </Segment>
      <Segment>
        <SegmentID>251</SegmentID>
        <SegStyle>Hatch1</SegStyle>
        <End>
          <X>-21.277</X>
          <Y>51.1727</Y>
        </End>
      </Segment>
      <Segment>
        <SegmentID>252</SegmentID>
        <SegStyle>Hatch1</SegStyle>
        <End>
          <X>-21.277</X>
          <Y>51.253</Y>
        </End>
      </Segment>
      <Segment>
        <SegmentID>253</SegmentID>
        <SegStyle>Hatch1</SegStyle>
        <End>
          <X>-37.8438</X>
          <Y>52.6441</Y>
        </End>
      </Segment>
      <Segment>
        <SegmentID>254</SegmentID>
        <SegStyle>Hatch1</SegStyle>
        <End>
          <X>-37.8438</X>
          <Y>52.7244</Y>
        </End>
      </Segment>
      <Segment>
        <SegmentID>255</SegmentID>
        <SegStyle>Hatch1</SegStyle>
        <End>
          <X>-21.277</X>
          <Y>51.3333</Y>
        </End>
      </Segment>
      <Segment>
        <SegmentID>256</SegmentID>
        <SegStyle>Hatch1</SegStyle>
        <End>
          <X>-21.277</X>
          <Y>51.4135</Y>
        </End>
      </Segment>
      <Segment>
        <SegmentID>257</SegmentID>
        <SegStyle>Hatch1</SegStyle>
        <End>
          <X>-37.8438</X>
          <Y>52.8047</Y>
        </End>
      </Segment>
      <Segment>
        <SegmentID>258</SegmentID>
        <SegStyle>Hatch1</SegStyle>
        <End>
          <X>-37.8438</X>
          <Y>52.885</Y>
        </End>
      </Segment>
      <Segment>
        <SegmentID>259</SegmentID>
        <SegStyle>Hatch1</SegStyle>
        <End>
          <X>-21.277</X>
          <Y>51.4939</Y>
        </End>
      </Segment>
      <Segment>
        <SegmentID>260</SegmentID>
        <SegStyle>Hatch1</SegStyle>
        <End>
          <X>-21.277</X>
          <Y>51.5741</Y>
        </End>
      </Segment>
      <Segment>
        <SegmentID>261</SegmentID>
        <SegStyle>Hatch1</SegStyle>
        <End>
          <X>-37.8438</X>
          <Y>52.9653</Y>
        </End>
      </Segment>
      <Segment>
        <SegmentID>262</SegmentID>
        <SegStyle>Hatch1</SegStyle>
        <End>
          <X>-37.8438</X>
          <Y>53.0456</Y>
        </End>
      </Segment>
      <Segment>
        <SegmentID>263</SegmentID>
        <SegStyle>Hatch1</SegStyle>
        <End>
          <X>-21.277</X>
          <Y>51.6544</Y>
        </End>
      </Segment>
      <Segment>
        <SegmentID>264</SegmentID>
        <SegStyle>Hatch1</SegStyle>
        <End>
          <X>-21.277</X>
          <Y>51.7347</Y>
        </End>
      </Segment>
      <Segment>
        <SegmentID>265</SegmentID>
        <SegStyle>Hatch1</SegStyle>
        <End>
          <X>-37.8438</X>
          <Y>53.1258</Y>
        </End>
      </Segment>
      <Segment>
        <SegmentID>266</SegmentID>
        <SegStyle>Hatch1</SegStyle>
        <End>
          <X>-37.8438</X>
          <Y>53.2061</Y>
        </End>
      </Segment>
      <Segment>
        <SegmentID>267</SegmentID>
        <SegStyle>Hatch1</SegStyle>
        <End>
          <X>-21.277</X>
          <Y>51.8149</Y>
        </End>
      </Segment>
      <Segment>
        <SegmentID>268</SegmentID>
        <SegStyle>Hatch1</SegStyle>
        <End>
          <X>-21.277</X>
          <Y>51.8953</Y>
        </End>
      </Segment>
      <Segment>
        <SegmentID>269</SegmentID>
        <SegStyle>Hatch1</SegStyle>
        <End>
          <X>-37.8438</X>
          <Y>53.2864</Y>
        </End>
      </Segment>
      <Segment>
        <SegmentID>270</SegmentID>
        <SegStyle>Hatch1</SegStyle>
        <End>
          <X>-37.8438</X>
          <Y>53.3667</Y>
        </End>
      </Segment>
      <Segment>
        <SegmentID>271</SegmentID>
        <SegStyle>Hatch1</SegStyle>
        <End>
          <X>-21.277</X>
          <Y>51.9756</Y>
        </End>
      </Segment>
      <Segment>
        <SegmentID>272</SegmentID>
        <SegStyle>Hatch1</SegStyle>
        <End>
          <X>-21.277</X>
          <Y>52.0558</Y>
        </End>
      </Segment>
      <Segment>
        <SegmentID>273</SegmentID>
        <SegStyle>Hatch1</SegStyle>
        <End>
          <X>-37.8438</X>
          <Y>53.447</Y>
        </End>
      </Segment>
      <Segment>
        <SegmentID>274</SegmentID>
        <SegStyle>Hatch1</SegStyle>
        <End>
          <X>-37.8438</X>
          <Y>53.5272</Y>
        </End>
      </Segment>
      <Segment>
        <SegmentID>275</SegmentID>
        <SegStyle>Hatch1</SegStyle>
        <End>
          <X>-21.277</X>
          <Y>52.1361</Y>
        </End>
      </Segment>
      <Segment>
        <SegmentID>276</SegmentID>
        <SegStyle>Hatch1</SegStyle>
        <End>
          <X>-21.277</X>
          <Y>52.2163</Y>
        </End>
      </Segment>
      <Segment>
        <SegmentID>277</SegmentID>
        <SegStyle>Hatch1</SegStyle>
        <End>
          <X>-37.8438</X>
          <Y>53.6075</Y>
        </End>
      </Segment>
      <Segment>
        <SegmentID>278</SegmentID>
        <SegStyle>Hatch1</SegStyle>
        <End>
          <X>-37.8438</X>
          <Y>53.6879</Y>
        </End>
      </Segment>
      <Segment>
        <SegmentID>279</SegmentID>
        <SegStyle>Hatch1</SegStyle>
        <End>
          <X>-21.277</X>
          <Y>52.2967</Y>
        </End>
      </Segment>
      <Segment>
        <SegmentID>280</SegmentID>
        <SegStyle>Hatch1</SegStyle>
        <End>
          <X>-21.277</X>
          <Y>52.377</Y>
        </End>
      </Segment>
      <Segment>
        <SegmentID>281</SegmentID>
        <SegStyle>Hatch1</SegStyle>
        <End>
          <X>-37.8438</X>
          <Y>53.7681</Y>
        </End>
      </Segment>
      <Segment>
        <SegmentID>282</SegmentID>
        <SegStyle>Hatch1</SegStyle>
        <End>
          <X>-37.8438</X>
          <Y>53.8484</Y>
        </End>
      </Segment>
      <Segment>
        <SegmentID>283</SegmentID>
        <SegStyle>Hatch1</SegStyle>
        <End>
          <X>-21.277</X>
          <Y>52.4572</Y>
        </End>
      </Segment>
      <Segment>
        <SegmentID>284</SegmentID>
        <SegStyle>Hatch1</SegStyle>
        <End>
          <X>-21.277</X>
          <Y>52.5375</Y>
        </End>
      </Segment>
      <Segment>
        <SegmentID>285</SegmentID>
        <SegStyle>Hatch1</SegStyle>
        <End>
          <X>-37.8438</X>
          <Y>53.9286</Y>
        </End>
      </Segment>
      <Segment>
        <SegmentID>286</SegmentID>
        <SegStyle>Hatch1</SegStyle>
        <End>
          <X>-37.8438</X>
          <Y>54.0089</Y>
        </End>
      </Segment>
      <Segment>
        <SegmentID>287</SegmentID>
        <SegStyle>Hatch1</SegStyle>
        <End>
          <X>-21.277</X>
          <Y>52.6178</Y>
        </End>
      </Segment>
      <Segment>
        <SegmentID>288</SegmentID>
        <SegStyle>Hatch1</SegStyle>
        <End>
          <X>-21.277</X>
          <Y>52.6981</Y>
        </End>
      </Segment>
      <Segment>
        <SegmentID>289</SegmentID>
        <SegStyle>Hatch1</SegStyle>
        <End>
          <X>-37.8438</X>
          <Y>54.0893</Y>
        </End>
      </Segment>
      <Segment>
        <SegmentID>290</SegmentID>
        <SegStyle>Hatch1</SegStyle>
        <End>
          <X>-37.8438</X>
          <Y>54.1695</Y>
        </End>
      </Segment>
      <Segment>
        <SegmentID>291</SegmentID>
        <SegStyle>Hatch1</SegStyle>
        <End>
          <X>-21.277</X>
          <Y>52.7784</Y>
        </End>
      </Segment>
      <Segment>
        <SegmentID>292</SegmentID>
        <SegStyle>Hatch1</SegStyle>
        <End>
          <X>-21.277</X>
          <Y>52.8586</Y>
        </End>
      </Segment>
      <Segment>
        <SegmentID>293</SegmentID>
        <SegStyle>Hatch1</SegStyle>
        <End>
          <X>-37.6069</X>
          <Y>54.2299</Y>
        </End>
      </Segment>
      <Segment>
        <SegmentID>294</SegmentID>
        <SegStyle>Hatch1</SegStyle>
        <End>
          <X>-36.6511</X>
          <Y>54.2299</Y>
        </End>
      </Segment>
      <Segment>
        <SegmentID>295</SegmentID>
        <SegStyle>Hatch1</SegStyle>
        <End>
          <X>-21.277</X>
          <Y>52.9389</Y>
        </End>
      </Segment>
      <Segment>
        <SegmentID>296</SegmentID>
        <SegStyle>Hatch1</SegStyle>
        <End>
          <X>-21.277</X>
          <Y>53.0192</Y>
        </End>
      </Segment>
      <Segment>
        <SegmentID>297</SegmentID>
        <SegStyle>Hatch1</SegStyle>
        <End>
          <X>-35.6953</X>
          <Y>54.2299</Y>
        </End>
      </Segment>
      <Segment>
        <SegmentID>298</SegmentID>
        <SegStyle>Hatch1</SegStyle>
        <End>
          <X>-34.7383</X>
          <Y>54.2299</Y>
        </End>
      </Segment>
      <Segment>
        <SegmentID>299</SegmentID>
        <SegStyle>Hatch1</SegStyle>
        <End>
          <X>-21.277</X>
          <Y>53.0995</Y>
        </End>
      </Segment>
      <Segment>
        <SegmentID>300</SegmentID>
        <SegStyle>Hatch1</SegStyle>
        <End>
          <X>-21.277</X>
          <Y>53.1798</Y>
        </End>
      </Segment>
      <Segment>
        <SegmentID>301</SegmentID>
        <SegStyle>Hatch1</SegStyle>
        <End>
          <X>-33.7825</X>
          <Y>54.2299</Y>
        </End>
      </Segment>
      <Segment>
        <SegmentID>302</SegmentID>
        <SegStyle>Hatch1</SegStyle>
        <End>
          <X>-32.8267</X>
          <Y>54.2299</Y>
        </End>
      </Segment>
      <Segment>
        <SegmentID>303</SegmentID>
        <SegStyle>Hatch1</SegStyle>
        <End>
          <X>-21.277</X>
          <Y>53.26</Y>
        </End>
      </Segment>
      <Segment>
        <SegmentID>304</SegmentID>
        <SegStyle>Hatch1</SegStyle>
        <End>
          <X>-21.277</X>
          <Y>53.3403</Y>
        </End>
      </Segment>
      <Segment>
        <SegmentID>305</SegmentID>
        <SegStyle>Hatch1</SegStyle>
        <End>
          <X>-31.8708</X>
          <Y>54.2299</Y>
        </End>
      </Segment>
      <Segment>
        <SegmentID>306</SegmentID>
        <SegStyle>Hatch1</SegStyle>
        <End>
          <X>-30.915</X>
          <Y>54.2299</Y>
        </End>
      </Segment>
      <Segment>
        <SegmentID>307</SegmentID>
        <SegStyle>Hatch1</SegStyle>
        <End>
          <X>-21.277</X>
          <Y>53.4206</Y>
        </End>
      </Segment>
      <Segment>
        <SegmentID>308</SegmentID>
        <SegStyle>Hatch1</SegStyle>
        <End>
          <X>-21.277</X>
          <Y>53.5009</Y>
        </End>
      </Segment>
      <Segment>
        <SegmentID>309</SegmentID>
        <SegStyle>Hatch1</SegStyle>
        <End>
          <X>-29.9587</X>
          <Y>54.2299</Y>
        </End>
      </Segment>
      <Segment>
        <SegmentID>310</SegmentID>
        <SegStyle>Hatch1</SegStyle>
        <End>
          <X>-29.0022</X>
          <Y>54.2299</Y>
        </End>
      </Segment>
      <Segment>
        <SegmentID>311</SegmentID>
        <SegStyle>Hatch1</SegStyle>
        <End>
          <X>-21.277</X>
          <Y>53.5812</Y>
        </End>
      </Segment>
      <Segment>
        <SegmentID>312</SegmentID>
        <SegStyle>Hatch1</SegStyle>
        <End>
          <X>-21.277</X>
          <Y>53.6615</Y>
        </End>
      </Segment>
      <Segment>
        <SegmentID>313</SegmentID>
        <SegStyle>Hatch1</SegStyle>
        <End>
          <X>-28.0464</X>
          <Y>54.2299</Y>
        </End>
      </Segment>
      <Segment>
        <SegmentID>314</SegmentID>
        <SegStyle>Hatch1</SegStyle>
        <End>
          <X>-27.0905</X>
          <Y>54.2299</Y>
        </End>
      </Segment>
      <Segment>
        <SegmentID>315</SegmentID>
        <SegStyle>Hatch1</SegStyle>
        <End>
          <X>-21.277</X>
          <Y>53.7417</Y>
        </End>
      </Segment>
      <Segment>
        <SegmentID>316</SegmentID>
        <SegStyle>Hatch1</SegStyle>
        <End>
          <X>-21.277</X>
          <Y>53.822</Y>
        </End>
      </Segment>
      <Segment>
        <SegmentID>317</SegmentID>
        <SegStyle>Hatch1</SegStyle>
        <End>
          <X>-26.1347</X>
          <Y>54.2299</Y>
        </End>
      </Segment>
      <Segment>
        <SegmentID>318</SegmentID>
        <SegStyle>Hatch1</SegStyle>
        <End>
          <X>-25.1789</X>
          <Y>54.2299</Y>
        </End>
      </Segment>
      <Segment>
        <SegmentID>319</SegmentID>
        <SegStyle>Hatch1</SegStyle>
        <End>
          <X>-21.277</X>
          <Y>53.9022</Y>
        </End>
      </Segment>
      <Segment>
        <SegmentID>320</SegmentID>
        <SegStyle>Hatch1</SegStyle>
        <End>
          <X>-21.277</X>
          <Y>53.9826</Y>
        </End>
      </Segment>
      <Segment>
        <SegmentID>321</SegmentID>
        <SegStyle>Hatch1</SegStyle>
        <End>
          <X>-24.2219</X>
          <Y>54.2299</Y>
        </End>
      </Segment>
      <Segment>
        <SegmentID>322</SegmentID>
        <SegStyle>Hatch1</SegStyle>
        <End>
          <X>-23.2661</X>
          <Y>54.2299</Y>
        </End>
      </Segment>
      <Segment>
        <SegmentID>323</SegmentID>
        <SegStyle>Hatch1</SegStyle>
        <End>
          <X>-21.277</X>
          <Y>54.0629</Y>
        </End>
      </Segment>
      <Segment>
        <SegmentID>324</SegmentID>
        <SegStyle>Hatch1</SegStyle>
        <End>
          <X>-21.277</X>
          <Y>54.1431</Y>
        </End>
      </Segment>
      <Segment>
        <SegmentID>325</SegmentID>
        <SegStyle>Hatch1</SegStyle>
        <End>
          <X>-22.3103</X>
          <Y>54.2299</Y>
        </End>
      </Segment>
      <Segment>
        <SegmentID>326</SegmentID>
        <SegStyle>Hatch1</SegStyle>
        <End>
          <X>-21.277</X>
          <Y>54.2234</Y>
        </End>
      </Segment>
      <Segment>
        <SegmentID>327</SegmentID>
        <SegStyle>Hatch1</SegStyle>
        <End>
          <X>-21.3545</X>
          <Y>54.2299</Y>
        </End>
      </Segment>
    </Path>
  </Trajectory>
</TrajectoryList>
</Layer>