<Layer><Header>
  <AmericaMakesSchemaVersion>2021-04-30</AmericaMakesSchemaVersion>
  <LayerNum>1</LayerNum>
  <LayerThickness>0.05</LayerThickness>
  <DosingFactor>1.75</DosingFactor>
</Header>
<VelocityProfileList>
  <VelocityProfile>
    <ID>0</ID>
    <Velocity>5000</Velocity>
    <Mode>Delay</Mode>
    <LaserOnDelay>500</LaserOnDelay>
    <LaserOffDelay>0</LaserOffDelay>
    <MarkDelay>0</MarkDelay>
    <PolygonDelay>0</PolygonDelay>
  </VelocityProfile>
  <VelocityProfile>
    <ID>1</ID>
    <Velocity>500</Velocity>
    <Mode>Delay</Mode>
    <LaserOnDelay>250</LaserOnDelay>
    <LaserOffDelay>0</LaserOffDelay>
    <MarkDelay>300</MarkDelay>
    <PolygonDelay>0</PolygonDelay>
  </VelocityProfile>
  <VelocityProfile>
    <ID>2</ID>
    <Velocity>250</Velocity>
    <Mode>Auto</Mode>
    <LaserOnDelay>0</LaserOnDelay>
    <LaserOffDelay>0</LaserOffDelay>
    <MarkDelay>0</MarkDelay>
    <PolygonDelay>0</PolygonDelay>
  </VelocityProfile>
</VelocityProfileList>
<SegmentStyleList>
  <SegmentStyle>
    <ID>Contour1</ID>
    <VelocityProfileID>2</VelocityProfileID>
    <LaserMode>Independent</LaserMode>
  </SegmentStyle>
  <Traveler>
    <ID>1</ID>
    <SyncDelay>0</SyncDelay>
    <Power>250</Power>
    <SpotSize>50</SpotSize>
  </Traveler>
  <SegmentStyle>
    <ID>Hatch1</ID>
    <VelocityProfileID>1</VelocityProfileID>
    <LaserMode>Independent</LaserMode>
  </SegmentStyle>
  <Traveler>
    <ID>1</ID>
    <SyncDelay>0</SyncDelay>
    <Power>300</Power>
    <SpotSize>50</SpotSize>
  </Traveler>
  <SegmentStyle>
    <ID>SupportContour</ID>
    <VelocityProfileID>2</VelocityProfileID>
    <LaserMode>Independent</LaserMode>
  </SegmentStyle>
  <Traveler>
    <ID>1</ID>
    <SyncDelay>0</SyncDelay>
    <Power>250</Power>
    <SpotSize>70</SpotSize>
  </Traveler>
</SegmentStyleList>
<TrajectoryList>
  <Trajectory>
    <TrajectoryID>0</TrajectoryID>
    <PathProcessingMode>sequential</PathProcessingMode>
    <Path>
      <Type>contour</Type>
      <Tag>part1</Tag>
      <NumSegments>20.0</NumSegments>
      <SkyWritingMode>0</SkyWritingMode>
      <Start>
        <X>-23.0463</X>
        <Y>54.5499</Y>
      </Start>
      <Segment>
        <SegmentID>1</SegmentID>
        <SegStyle>Contour1</SegStyle>
        <End>
          <X>-34.08</X>
          <Y>54.5499</Y>
        </End>
      </Segment>
      <Segment>
        <SegmentID>2</SegmentID>
        <SegStyle>Contour1</SegStyle>
        <End>
          <X>-34.08</X>
          <Y>42.13</Y>
        </End>
      </Segment>
      <Segment>
        <SegmentID>3</SegmentID>
        <SegStyle>Contour1</SegStyle>
        <End>
          <X>-23.0463</X>
          <Y>42.13</Y>
        </End>
      </Segment>
      <Segment>
        <SegmentID>4</SegmentID>
        <SegStyle>Contour1</SegStyle>
        <End>
          <X>-23.0463</X>
          <Y>54.5499</Y>
        </End>
      </Segment>
      <Segment>
        <SegmentID>5</SegmentID>
        <SegStyle>Contour1</SegStyle>
        <End>
          <X>-23.1263</X>
          <Y>54.4699</Y>
        </End>
      </Segment>
      <Segment>
        <SegmentID>6</SegmentID>
        <SegStyle>Contour1</SegStyle>
        <End>
          <X>-34.0</X>
          <Y>54.4699</Y>
        </End>
      </Segment>
      <Segment>
        <SegmentID>7</SegmentID>
        <SegStyle>Contour1</SegStyle>
        <End>
          <X>-34.0</X>
          <Y>42.21</Y>
        </End>
      </Segment>
      <Segment>
        <SegmentID>8</SegmentID>
        <SegStyle>Contour1</SegStyle>
        <End>
          <X>-23.1263</X>
          <Y>42.21</Y>
        </End>
      </Segment>
      <Segment>
        <SegmentID>9</SegmentID>
        <SegStyle>Contour1</SegStyle>
        <End>
          <X>-23.1263</X>
          <Y>54.4699</Y>
        </End>
      </Segment>
      <Segment>
        <SegmentID>10</SegmentID>
        <SegStyle>Contour1</SegStyle>
        <End>
          <X>-23.2063</X>
          <Y>54.3899</Y>
        </End>
      </Segment>
      <Segment>
        <SegmentID>11</SegmentID>
        <SegStyle>Contour1</SegStyle>
        <End>
          <X>-33.92</X>
          <Y>54.3899</Y>
        </End>
      </Segment>
      <Segment>
        <SegmentID>12</SegmentID>
        <SegStyle>Contour1</SegStyle>
        <End>
          <X>-33.92</X>
          <Y>42.29</Y>
        </End>
      </Segment>
      <Segment>
        <SegmentID>13</SegmentID>
        <SegStyle>Contour1</SegStyle>
        <End>
          <X>-23.2063</X>
          <Y>42.29</Y>
        </End>
      </Segment>
      <Segment>
        <SegmentID>14</SegmentID>
        <SegStyle>Contour1</SegStyle>
        <End>
          <X>-23.2063</X>
          <Y>54.3899</Y>
        </End>
      </Segment>
      <Segment>
        <SegmentID>15</SegmentID>
        <SegStyle>Contour1</SegStyle>
        <End>
          <X>-23.2863</X>
          <Y>54.3099</Y>
        </End>
      </Segment>
      <Segment>
        <SegmentID>16</SegmentID>
        <SegStyle>Contour1</SegStyle>
        <End>
          <X>-33.84</X>
          <Y>54.3099</Y>
        </End>
      </Segment>
      <Segment>
        <SegmentID>17</SegmentID>
        <SegStyle>Contour1</SegStyle>
        <End>
          <X>-33.84</X>
          <Y>42.37</Y>
        </End>
      </Segment>
      <Segment>
        <SegmentID>18</SegmentID>
        <SegStyle>Contour1</SegStyle>
        <End>
          <X>-23.2863</X>
          <Y>42.37</Y>
        </End>
      </Segment>
      <Segment>
        <SegmentID>19</SegmentID>
        <SegStyle>Contour1</SegStyle>
        <End>
          <X>-23.2863</X>
          <Y>54.3099</Y>
        </End>
      </Segment>
    </Path>
  </Trajectory>
  <Trajectory>
    <TrajectoryID>1</TrajectoryID>
    <PathProcessingMode>sequential</PathProcessingMode>
    <Path>
      <Type>hatch</Type>
      <Tag>part1</Tag>
      <NumSegments>392.0</NumSegments>
      <SkyWritingMode>0</SkyWritingMode>
      <Start>
        <X>-33.6685</X>
        <Y>42.45</Y>
      </Start>
      <Segment>
        <SegmentID>1</SegmentID>
        <SegStyle>Hatch1</SegStyle>
        <End>
          <X>-33.76</X>
          <Y>42.5415</Y>
        </End>
      </Segment>
      <Segment>
        <SegmentID>2</SegmentID>
        <SegStyle>Hatch1</SegStyle>
        <End>
          <X>-33.76</X>
          <Y>42.6546</Y>
        </End>
      </Segment>
      <Segment>
        <SegmentID>3</SegmentID>
        <SegStyle>Hatch1</SegStyle>
        <End>
          <X>-33.5554</X>
          <Y>42.45</Y>
        </End>
      </Segment>
      <Segment>
        <SegmentID>4</SegmentID>
        <SegStyle>Hatch1</SegStyle>
        <End>
          <X>-33.4422</X>
          <Y>42.45</Y>
        </End>
      </Segment>
      <Segment>
        <SegmentID>5</SegmentID>
        <SegStyle>Hatch1</SegStyle>
        <End>
          <X>-33.76</X>
          <Y>42.7678</Y>
        </End>
      </Segment>
      <Segment>
        <SegmentID>6</SegmentID>
        <SegStyle>Hatch1</SegStyle>
        <End>
          <X>-33.76</X>
          <Y>42.8809</Y>
        </End>
      </Segment>
      <Segment>
        <SegmentID>7</SegmentID>
        <SegStyle>Hatch1</SegStyle>
        <End>
          <X>-33.3291</X>
          <Y>42.45</Y>
        </End>
      </Segment>
      <Segment>
        <SegmentID>8</SegmentID>
        <SegStyle>Hatch1</SegStyle>
        <End>
          <X>-33.216</X>
          <Y>42.45</Y>
        </End>
      </Segment>
      <Segment>
        <SegmentID>9</SegmentID>
        <SegStyle>Hatch1</SegStyle>
        <End>
          <X>-33.76</X>
          <Y>42.994</Y>
        </End>
      </Segment>
      <Segment>
        <SegmentID>10</SegmentID>
        <SegStyle>Hatch1</SegStyle>
        <End>
          <X>-33.76</X>
          <Y>43.1072</Y>
        </End>
      </Segment>
      <Segment>
        <SegmentID>11</SegmentID>
        <SegStyle>Hatch1</SegStyle>
        <End>
          <X>-33.1028</X>
          <Y>42.45</Y>
        </End>
      </Segment>
      <Segment>
        <SegmentID>12</SegmentID>
        <SegStyle>Hatch1</SegStyle>
        <End>
          <X>-32.9897</X>
          <Y>42.45</Y>
        </End>
      </Segment>
      <Segment>
        <SegmentID>13</SegmentID>
        <SegStyle>Hatch1</SegStyle>
        <End>
          <X>-33.76</X>
          <Y>43.2203</Y>
        </End>
      </Segment>
      <Segment>
        <SegmentID>14</SegmentID>
        <SegStyle>Hatch1</SegStyle>
        <End>
          <X>-33.76</X>
          <Y>43.3334</Y>
        </End>
      </Segment>
      <Segment>
        <SegmentID>15</SegmentID>
        <SegStyle>Hatch1</SegStyle>
        <End>
          <X>-32.8766</X>
          <Y>42.45</Y>
        </End>
      </Segment>
      <Segment>
        <SegmentID>16</SegmentID>
        <SegStyle>Hatch1</SegStyle>
        <End>
          <X>-32.7634</X>
          <Y>42.45</Y>
        </End>
      </Segment>
      <Segment>
        <SegmentID>17</SegmentID>
        <SegStyle>Hatch1</SegStyle>
        <End>
          <X>-33.76</X>
          <Y>43.4466</Y>
        </End>
      </Segment>
      <Segment>
        <SegmentID>18</SegmentID>
        <SegStyle>Hatch1</SegStyle>
        <End>
          <X>-33.76</X>
          <Y>43.5597</Y>
        </End>
      </Segment>
      <Segment>
        <SegmentID>19</SegmentID>
        <SegStyle>Hatch1</SegStyle>
        <End>
          <X>-32.6503</X>
          <Y>42.45</Y>
        </End>
      </Segment>
      <Segment>
        <SegmentID>20</SegmentID>
        <SegStyle>Hatch1</SegStyle>
        <End>
          <X>-32.5371</X>
          <Y>42.45</Y>
        </End>
      </Segment>
      <Segment>
        <SegmentID>21</SegmentID>
        <SegStyle>Hatch1</SegStyle>
        <End>
          <X>-33.76</X>
          <Y>43.6729</Y>
        </End>
      </Segment>
      <Segment>
        <SegmentID>22</SegmentID>
        <SegStyle>Hatch1</SegStyle>
        <End>
          <X>-33.76</X>
          <Y>43.786</Y>
        </End>
      </Segment>
      <Segment>
        <SegmentID>23</SegmentID>
        <SegStyle>Hatch1</SegStyle>
        <End>
          <X>-32.424</X>
          <Y>42.45</Y>
        </End>
      </Segment>
      <Segment>
        <SegmentID>24</SegmentID>
        <SegStyle>Hatch1</SegStyle>
        <End>
          <X>-32.3109</X>
          <Y>42.45</Y>
        </End>
      </Segment>
      <Segment>
        <SegmentID>25</SegmentID>
        <SegStyle>Hatch1</SegStyle>
        <End>
          <X>-33.76</X>
          <Y>43.8991</Y>
        </End>
      </Segment>
      <Segment>
        <SegmentID>26</SegmentID>
        <SegStyle>Hatch1</SegStyle>
        <End>
          <X>-33.76</X>
          <Y>44.0123</Y>
        </End>
      </Segment>
      <Segment>
        <SegmentID>27</SegmentID>
        <SegStyle>Hatch1</SegStyle>
        <End>
          <X>-32.1977</X>
          <Y>42.45</Y>
        </End>
      </Segment>
      <Segment>
        <SegmentID>28</SegmentID>
        <SegStyle>Hatch1</SegStyle>
        <End>
          <X>-32.0846</X>
          <Y>42.45</Y>
        </End>
      </Segment>
      <Segment>
        <SegmentID>29</SegmentID>
        <SegStyle>Hatch1</SegStyle>
        <End>
          <X>-33.76</X>
          <Y>44.1254</Y>
        </End>
      </Segment>
      <Segment>
        <SegmentID>30</SegmentID>
        <SegStyle>Hatch1</SegStyle>
        <End>
          <X>-33.76</X>
          <Y>44.2386</Y>
        </End>
      </Segment>
      <Segment>
        <SegmentID>31</SegmentID>
        <SegStyle>Hatch1</SegStyle>
        <End>
          <X>-31.9714</X>
          <Y>42.45</Y>
        </End>
      </Segment>
      <Segment>
        <SegmentID>32</SegmentID>
        <SegStyle>Hatch1</SegStyle>
        <End>
          <X>-31.8583</X>
          <Y>42.45</Y>
        </End>
      </Segment>
      <Segment>
        <SegmentID>33</SegmentID>
        <SegStyle>Hatch1</SegStyle>
        <End>
          <X>-33.76</X>
          <Y>44.3517</Y>
        </End>
      </Segment>
      <Segment>
        <SegmentID>34</SegmentID>
        <SegStyle>Hatch1</SegStyle>
        <End>
          <X>-33.76</X>
          <Y>44.4648</Y>
        </End>
      </Segment>
      <Segment>
        <SegmentID>35</SegmentID>
        <SegStyle>Hatch1</SegStyle>
        <End>
          <X>-31.7452</X>
          <Y>42.45</Y>
        </End>
      </Segment>
      <Segment>
        <SegmentID>36</SegmentID>
        <SegStyle>Hatch1</SegStyle>
        <End>
          <X>-31.632</X>
          <Y>42.45</Y>
        </End>
      </Segment>
      <Segment>
        <SegmentID>37</SegmentID>
        <SegStyle>Hatch1</SegStyle>
        <End>
          <X>-33.76</X>
          <Y>44.578</Y>
        </End>
      </Segment>
      <Segment>
        <SegmentID>38</SegmentID>
        <SegStyle>Hatch1</SegStyle>
        <End>
          <X>-33.76</X>
          <Y>44.6911</Y>
        </End>
      </Segment>
      <Segment>
        <SegmentID>39</SegmentID>
        <SegStyle>Hatch1</SegStyle>
        <End>
          <X>-31.5189</X>
          <Y>42.45</Y>
        </End>
      </Segment>
      <Segment>
        <SegmentID>40</SegmentID>
        <SegStyle>Hatch1</SegStyle>
        <End>
          <X>-31.4058</X>
          <Y>42.45</Y>
        </End>
      </Segment>
      <Segment>
        <SegmentID>41</SegmentID>
        <SegStyle>Hatch1</SegStyle>
        <End>
          <X>-33.76</X>
          <Y>44.8042</Y>
        </End>
      </Segment>
      <Segment>
        <SegmentID>42</SegmentID>
        <SegStyle>Hatch1</SegStyle>
        <End>
          <X>-33.76</X>
          <Y>44.9174</Y>
        </End>
      </Segment>
      <Segment>
        <SegmentID>43</SegmentID>
        <SegStyle>Hatch1</SegStyle>
        <End>
          <X>-31.2926</X>
          <Y>42.45</Y>
        </End>
      </Segment>
      <Segment>
        <SegmentID>44</SegmentID>
        <SegStyle>Hatch1</SegStyle>
        <End>
          <X>-31.1795</X>
          <Y>42.45</Y>
        </End>
      </Segment>
      <Segment>
        <SegmentID>45</SegmentID>
        <SegStyle>Hatch1</SegStyle>
        <End>
          <X>-33.76</X>
          <Y>45.0305</Y>
        </End>
      </Segment>
      <Segment>
        <SegmentID>46</SegmentID>
        <SegStyle>Hatch1</SegStyle>
        <End>
          <X>-33.76</X>
          <Y>45.1436</Y>
        </End>
      </Segment>
      <Segment>
        <SegmentID>47</SegmentID>
        <SegStyle>Hatch1</SegStyle>
        <End>
          <X>-31.0664</X>
          <Y>42.45</Y>
        </End>
      </Segment>
      <Segment>
        <SegmentID>48</SegmentID>
        <SegStyle>Hatch1</SegStyle>
        <End>
          <X>-30.9532</X>
          <Y>42.45</Y>
        </End>
      </Segment>
      <Segment>
        <SegmentID>49</SegmentID>
        <SegStyle>Hatch1</SegStyle>
        <End>
          <X>-33.76</X>
          <Y>45.2568</Y>
        </End>
      </Segment>
      <Segment>
        <SegmentID>50</SegmentID>
        <SegStyle>Hatch1</SegStyle>
        <End>
          <X>-33.76</X>
          <Y>45.3699</Y>
        </End>
      </Segment>
      <Segment>
        <SegmentID>51</SegmentID>
        <SegStyle>Hatch1</SegStyle>
        <End>
          <X>-30.8401</X>
          <Y>42.45</Y>
        </End>
      </Segment>
      <Segment>
        <SegmentID>52</SegmentID>
        <SegStyle>Hatch1</SegStyle>
        <End>
          <X>-30.727</X>
          <Y>42.45</Y>
        </End>
      </Segment>
      <Segment>
        <SegmentID>53</SegmentID>
        <SegStyle>Hatch1</SegStyle>
        <End>
          <X>-33.76</X>
          <Y>45.483</Y>
        </End>
      </Segment>
      <Segment>
        <SegmentID>54</SegmentID>
        <SegStyle>Hatch1</SegStyle>
        <End>
          <X>-33.76</X>
          <Y>45.5962</Y>
        </End>
      </Segment>
      <Segment>
        <SegmentID>55</SegmentID>
        <SegStyle>Hatch1</SegStyle>
        <End>
          <X>-30.6138</X>
          <Y>42.45</Y>
        </End>
      </Segment>
      <Segment>
        <SegmentID>56</SegmentID>
        <SegStyle>Hatch1</SegStyle>
        <End>
          <X>-30.5007</X>
          <Y>42.45</Y>
        </End>
      </Segment>
      <Segment>
        <SegmentID>57</SegmentID>
        <SegStyle>Hatch1</SegStyle>
        <End>
          <X>-33.76</X>
          <Y>45.7093</Y>
        </End>
      </Segment>
      <Segment>
        <SegmentID>58</SegmentID>
        <SegStyle>Hatch1</SegStyle>
        <End>
          <X>-33.76</X>
          <Y>45.8225</Y>
        </End>
      </Segment>
      <Segment>
        <SegmentID>59</SegmentID>
        <SegStyle>Hatch1</SegStyle>
        <End>
          <X>-30.3875</X>
          <Y>42.45</Y>
        </End>
      </Segment>
      <Segment>
        <SegmentID>60</SegmentID>
        <SegStyle>Hatch1</SegStyle>
        <End>
          <X>-30.2744</X>
          <Y>42.45</Y>
        </End>
      </Segment>
      <Segment>
        <SegmentID>61</SegmentID>
        <SegStyle>Hatch1</SegStyle>
        <End>
          <X>-33.76</X>
          <Y>45.9356</Y>
        </End>
      </Segment>
      <Segment>
        <SegmentID>62</SegmentID>
        <SegStyle>Hatch1</SegStyle>
        <End>
          <X>-33.76</X>
          <Y>46.0487</Y>
        </End>
      </Segment>
      <Segment>
        <SegmentID>63</SegmentID>
        <SegStyle>Hatch1</SegStyle>
        <End>
          <X>-30.1613</X>
          <Y>42.45</Y>
        </End>
      </Segment>
      <Segment>
        <SegmentID>64</SegmentID>
        <SegStyle>Hatch1</SegStyle>
        <End>
          <X>-30.0481</X>
          <Y>42.45</Y>
        </End>
      </Segment>
      <Segment>
        <SegmentID>65</SegmentID>
        <SegStyle>Hatch1</SegStyle>
        <End>
          <X>-33.76</X>
          <Y>46.1619</Y>
        </End>
      </Segment>
      <Segment>
        <SegmentID>66</SegmentID>
        <SegStyle>Hatch1</SegStyle>
        <End>
          <X>-33.76</X>
          <Y>46.275</Y>
        </End>
      </Segment>
      <Segment>
        <SegmentID>67</SegmentID>
        <SegStyle>Hatch1</SegStyle>
        <End>
          <X>-29.935</X>
          <Y>42.45</Y>
        </End>
      </Segment>
      <Segment>
        <SegmentID>68</SegmentID>
        <SegStyle>Hatch1</SegStyle>
        <End>
          <X>-29.8218</X>
          <Y>42.45</Y>
        </End>
      </Segment>
      <Segment>
        <SegmentID>69</SegmentID>
        <SegStyle>Hatch1</SegStyle>
        <End>
          <X>-33.76</X>
          <Y>46.3882</Y>
        </End>
      </Segment>
      <Segment>
        <SegmentID>70</SegmentID>
        <SegStyle>Hatch1</SegStyle>
        <End>
          <X>-33.76</X>
          <Y>46.5013</Y>
        </End>
      </Segment>
      <Segment>
        <SegmentID>71</SegmentID>
        <SegStyle>Hatch1</SegStyle>
        <End>
          <X>-29.7087</X>
          <Y>42.45</Y>
        </End>
      </Segment>
      <Segment>
        <SegmentID>72</SegmentID>
        <SegStyle>Hatch1</SegStyle>
        <End>
          <X>-29.5956</X>
          <Y>42.45</Y>
        </End>
      </Segment>
      <Segment>
        <SegmentID>73</SegmentID>
        <SegStyle>Hatch1</SegStyle>
        <End>
          <X>-33.76</X>
          <Y>46.6144</Y>
        </End>
      </Segment>
      <Segment>
        <SegmentID>74</SegmentID>
        <SegStyle>Hatch1</SegStyle>
        <End>
          <X>-33.76</X>
          <Y>46.7276</Y>
        </End>
      </Segment>
      <Segment>
        <SegmentID>75</SegmentID>
        <SegStyle>Hatch1</SegStyle>
        <End>
          <X>-29.4824</X>
          <Y>42.45</Y>
        </End>
      </Segment>
      <Segment>
        <SegmentID>76</SegmentID>
        <SegStyle>Hatch1</SegStyle>
        <End>
          <X>-29.3693</X>
          <Y>42.45</Y>
        </End>
      </Segment>
      <Segment>
        <SegmentID>77</SegmentID>
        <SegStyle>Hatch1</SegStyle>
        <End>
          <X>-33.76</X>
          <Y>46.8407</Y>
        </End>
      </Segment>
      <Segment>
        <SegmentID>78</SegmentID>
        <SegStyle>Hatch1</SegStyle>
        <End>
          <X>-33.76</X>
          <Y>46.9538</Y>
        </End>
      </Segment>
      <Segment>
        <SegmentID>79</SegmentID>
        <SegStyle>Hatch1</SegStyle>
        <End>
          <X>-29.2562</X>
          <Y>42.45</Y>
        </End>
      </Segment>
      <Segment>
        <SegmentID>80</SegmentID>
        <SegStyle>Hatch1</SegStyle>
        <End>
          <X>-29.143</X>
          <Y>42.45</Y>
        </End>
      </Segment>
      <Segment>
        <SegmentID>81</SegmentID>
        <SegStyle>Hatch1</SegStyle>
        <End>
          <X>-33.76</X>
          <Y>47.067</Y>
        </End>
      </Segment>
      <Segment>
        <SegmentID>82</SegmentID>
        <SegStyle>Hatch1</SegStyle>
        <End>
          <X>-33.76</X>
          <Y>47.1801</Y>
        </End>
      </Segment>
      <Segment>
        <SegmentID>83</SegmentID>
        <SegStyle>Hatch1</SegStyle>
        <End>
          <X>-29.0299</X>
          <Y>42.45</Y>
        </End>
      </Segment>
      <Segment>
        <SegmentID>84</SegmentID>
        <SegStyle>Hatch1</SegStyle>
        <End>
          <X>-28.9168</X>
          <Y>42.45</Y>
        </End>
      </Segment>
      <Segment>
        <SegmentID>85</SegmentID>
        <SegStyle>Hatch1</SegStyle>
        <End>
          <X>-33.76</X>
          <Y>47.2932</Y>
        </End>
      </Segment>
      <Segment>
        <SegmentID>86</SegmentID>
        <SegStyle>Hatch1</SegStyle>
        <End>
          <X>-33.76</X>
          <Y>47.4064</Y>
        </End>
      </Segment>
      <Segment>
        <SegmentID>87</SegmentID>
        <SegStyle>Hatch1</SegStyle>
        <End>
          <X>-28.8036</X>
          <Y>42.45</Y>
        </End>
      </Segment>
      <Segment>
        <SegmentID>88</SegmentID>
        <SegStyle>Hatch1</SegStyle>
        <End>
          <X>-28.6905</X>
          <Y>42.45</Y>
        </End>
      </Segment>
      <Segment>
        <SegmentID>89</SegmentID>
        <SegStyle>Hatch1</SegStyle>
        <End>
          <X>-33.76</X>
          <Y>47.5195</Y>
        </End>
      </Segment>
      <Segment>
        <SegmentID>90</SegmentID>
        <SegStyle>Hatch1</SegStyle>
        <End>
          <X>-33.76</X>
          <Y>47.6327</Y>
        </End>
      </Segment>
      <Segment>
        <SegmentID>91</SegmentID>
        <SegStyle>Hatch1</SegStyle>
        <End>
          <X>-28.5773</X>
          <Y>42.45</Y>
        </End>
      </Segment>
      <Segment>
        <SegmentID>92</SegmentID>
        <SegStyle>Hatch1</SegStyle>
        <End>
          <X>-28.4642</X>
          <Y>42.45</Y>
        </End>
      </Segment>
      <Segment>
        <SegmentID>93</SegmentID>
        <SegStyle>Hatch1</SegStyle>
        <End>
          <X>-33.76</X>
          <Y>47.7458</Y>
        </End>
      </Segment>
      <Segment>
        <SegmentID>94</SegmentID>
        <SegStyle>Hatch1</SegStyle>
        <End>
          <X>-33.76</X>
          <Y>47.8589</Y>
        </End>
      </Segment>
      <Segment>
        <SegmentID>95</SegmentID>
        <SegStyle>Hatch1</SegStyle>
        <End>
          <X>-28.3511</X>
          <Y>42.45</Y>
        </End>
      </Segment>
      <Segment>
        <SegmentID>96</SegmentID>
        <SegStyle>Hatch1</SegStyle>
        <End>
          <X>-28.2379</X>
          <Y>42.45</Y>
        </End>
      </Segment>
      <Segment>
        <SegmentID>97</SegmentID>
        <SegStyle>Hatch1</SegStyle>
        <End>
          <X>-33.76</X>
          <Y>47.9721</Y>
        </End>
      </Segment>
      <Segment>
        <SegmentID>98</SegmentID>
        <SegStyle>Hatch1</SegStyle>
        <End>
          <X>-33.76</X>
          <Y>48.0852</Y>
        </End>
      </Segment>
      <Segment>
        <SegmentID>99</SegmentID>
        <SegStyle>Hatch1</SegStyle>
        <End>
          <X>-28.1248</X>
          <Y>42.45</Y>
        </End>
      </Segment>
      <Segment>
        <SegmentID>100</SegmentID>
        <SegStyle>Hatch1</SegStyle>
        <End>
          <X>-28.0117</X>
          <Y>42.45</Y>
        </End>
      </Segment>
      <Segment>
        <SegmentID>101</SegmentID>
        <SegStyle>Hatch1</SegStyle>
        <End>
          <X>-33.76</X>
          <Y>48.1983</Y>
        </End>
      </Segment>
      <Segment>
        <SegmentID>102</SegmentID>
        <SegStyle>Hatch1</SegStyle>
        <End>
          <X>-33.76</X>
          <Y>48.3115</Y>
        </End>
      </Segment>
      <Segment>
        <SegmentID>103</SegmentID>
        <SegStyle>Hatch1</SegStyle>
        <End>
          <X>-27.8985</X>
          <Y>42.45</Y>
        </End>
      </Segment>
      <Segment>
        <SegmentID>104</SegmentID>
        <SegStyle>Hatch1</SegStyle>
        <End>
          <X>-27.7854</X>
          <Y>42.45</Y>
        </End>
      </Segment>
      <Segment>
        <SegmentID>105</SegmentID>
        <SegStyle>Hatch1</SegStyle>
        <End>
          <X>-33.76</X>
          <Y>48.4246</Y>
        </End>
      </Segment>
      <Segment>
        <SegmentID>106</SegmentID>
        <SegStyle>Hatch1</SegStyle>
        <End>
          <X>-33.76</X>
          <Y>48.5378</Y>
        </End>
      </Segment>
      <Segment>
        <SegmentID>107</SegmentID>
        <SegStyle>Hatch1</SegStyle>
        <End>
          <X>-27.6722</X>
          <Y>42.45</Y>
        </End>
      </Segment>
      <Segment>
        <SegmentID>108</SegmentID>
        <SegStyle>Hatch1</SegStyle>
        <End>
          <X>-27.5591</X>
          <Y>42.45</Y>
        </End>
      </Segment>
      <Segment>
        <SegmentID>109</SegmentID>
        <SegStyle>Hatch1</SegStyle>
        <End>
          <X>-33.76</X>
          <Y>48.6509</Y>
        </End>
      </Segment>
      <Segment>
        <SegmentID>110</SegmentID>
        <SegStyle>Hatch1</SegStyle>
        <End>
          <X>-33.76</X>
          <Y>48.764</Y>
        </End>
      </Segment>
      <Segment>
        <SegmentID>111</SegmentID>
        <SegStyle>Hatch1</SegStyle>
        <End>
          <X>-27.446</X>
          <Y>42.45</Y>
        </End>
      </Segment>
      <Segment>
        <SegmentID>112</SegmentID>
        <SegStyle>Hatch1</SegStyle>
        <End>
          <X>-27.3328</X>
          <Y>42.45</Y>
        </End>
      </Segment>
      <Segment>
        <SegmentID>113</SegmentID>
        <SegStyle>Hatch1</SegStyle>
        <End>
          <X>-33.76</X>
          <Y>48.8772</Y>
        </End>
      </Segment>
      <Segment>
        <SegmentID>114</SegmentID>
        <SegStyle>Hatch1</SegStyle>
        <End>
          <X>-33.76</X>
          <Y>48.9903</Y>
        </End>
      </Segment>
      <Segment>
        <SegmentID>115</SegmentID>
        <SegStyle>Hatch1</SegStyle>
        <End>
          <X>-27.2197</X>
          <Y>42.45</Y>
        </End>
      </Segment>
      <Segment>
        <SegmentID>116</SegmentID>
        <SegStyle>Hatch1</SegStyle>
        <End>
          <X>-27.1066</X>
          <Y>42.45</Y>
        </End>
      </Segment>
      <Segment>
        <SegmentID>117</SegmentID>
        <SegStyle>Hatch1</SegStyle>
        <End>
          <X>-33.76</X>
          <Y>49.1034</Y>
        </End>
      </Segment>
      <Segment>
        <SegmentID>118</SegmentID>
        <SegStyle>Hatch1</SegStyle>
        <End>
          <X>-33.76</X>
          <Y>49.2166</Y>
        </End>
      </Segment>
      <Segment>
        <SegmentID>119</SegmentID>
        <SegStyle>Hatch1</SegStyle>
        <End>
          <X>-26.9934</X>
          <Y>42.45</Y>
        </End>
      </Segment>
      <Segment>
        <SegmentID>120</SegmentID>
        <SegStyle>Hatch1</SegStyle>
        <End>
          <X>-26.8803</X>
          <Y>42.45</Y>
        </End>
      </Segment>
      <Segment>
        <SegmentID>121</SegmentID>
        <SegStyle>Hatch1</SegStyle>
        <End>
          <X>-33.76</X>
          <Y>49.3297</Y>
        </End>
      </Segment>
      <Segment>
        <SegmentID>122</SegmentID>
        <SegStyle>Hatch1</SegStyle>
        <End>
          <X>-33.76</X>
          <Y>49.4428</Y>
        </End>
      </Segment>
      <Segment>
        <SegmentID>123</SegmentID>
        <SegStyle>Hatch1</SegStyle>
        <End>
          <X>-26.7672</X>
          <Y>42.45</Y>
        </End>
      </Segment>
      <Segment>
        <SegmentID>124</SegmentID>
        <SegStyle>Hatch1</SegStyle>
        <End>
          <X>-26.654</X>
          <Y>42.45</Y>
        </End>
      </Segment>
      <Segment>
        <SegmentID>125</SegmentID>
        <SegStyle>Hatch1</SegStyle>
        <End>
          <X>-33.76</X>
          <Y>49.556</Y>
        </End>
      </Segment>
      <Segment>
        <SegmentID>126</SegmentID>
        <SegStyle>Hatch1</SegStyle>
        <End>
          <X>-33.76</X>
          <Y>49.6691</Y>
        </End>
      </Segment>
      <Segment>
        <SegmentID>127</SegmentID>
        <SegStyle>Hatch1</SegStyle>
        <End>
          <X>-26.5409</X>
          <Y>42.45</Y>
        </End>
      </Segment>
      <Segment>
        <SegmentID>128</SegmentID>
        <SegStyle>Hatch1</SegStyle>
        <End>
          <X>-26.4277</X>
          <Y>42.45</Y>
        </End>
      </Segment>
      <Segment>
        <SegmentID>129</SegmentID>
        <SegStyle>Hatch1</SegStyle>
        <End>
          <X>-33.76</X>
          <Y>49.7823</Y>
        </End>
      </Segment>
      <Segment>
        <SegmentID>130</SegmentID>
        <SegStyle>Hatch1</SegStyle>
        <End>
          <X>-33.76</X>
          <Y>49.8954</Y>
        </End>
      </Segment>
      <Segment>
        <SegmentID>131</SegmentID>
        <SegStyle>Hatch1</SegStyle>
        <End>
          <X>-26.3146</X>
          <Y>42.45</Y>
        </End>
      </Segment>
      <Segment>
        <SegmentID>132</SegmentID>
        <SegStyle>Hatch1</SegStyle>
        <End>
          <X>-26.2015</X>
          <Y>42.45</Y>
        </End>
      </Segment>
      <Segment>
        <SegmentID>133</SegmentID>
        <SegStyle>Hatch1</SegStyle>
        <End>
          <X>-33.76</X>
          <Y>50.0085</Y>
        </End>
      </Segment>
      <Segment>
        <SegmentID>134</SegmentID>
        <SegStyle>Hatch1</SegStyle>
        <End>
          <X>-33.76</X>
          <Y>50.1217</Y>
        </End>
      </Segment>
      <Segment>
        <SegmentID>135</SegmentID>
        <SegStyle>Hatch1</SegStyle>
        <End>
          <X>-26.0883</X>
          <Y>42.45</Y>
        </End>
      </Segment>
      <Segment>
        <SegmentID>136</SegmentID>
        <SegStyle>Hatch1</SegStyle>
        <End>
          <X>-25.9752</X>
          <Y>42.45</Y>
        </End>
      </Segment>
      <Segment>
        <SegmentID>137</SegmentID>
        <SegStyle>Hatch1</SegStyle>
        <End>
          <X>-33.76</X>
          <Y>50.2348</Y>
        </End>
      </Segment>
      <Segment>
        <SegmentID>138</SegmentID>
        <SegStyle>Hatch1</SegStyle>
        <End>
          <X>-33.76</X>
          <Y>50.348</Y>
        </End>
      </Segment>
      <Segment>
        <SegmentID>139</SegmentID>
        <SegStyle>Hatch1</SegStyle>
        <End>
          <X>-25.862</X>
          <Y>42.45</Y>
        </End>
      </Segment>
      <Segment>
        <SegmentID>140</SegmentID>
        <SegStyle>Hatch1</SegStyle>
        <End>
          <X>-25.7489</X>
          <Y>42.45</Y>
        </End>
      </Segment>
      <Segment>
        <SegmentID>141</SegmentID>
        <SegStyle>Hatch1</SegStyle>
        <End>
          <X>-33.76</X>
          <Y>50.4611</Y>
        </End>
      </Segment>
      <Segment>
        <SegmentID>142</SegmentID>
        <SegStyle>Hatch1</SegStyle>
        <End>
          <X>-33.76</X>
          <Y>50.5742</Y>
        </End>
      </Segment>
      <Segment>
        <SegmentID>143</SegmentID>
        <SegStyle>Hatch1</SegStyle>
        <End>
          <X>-25.6358</X>
          <Y>42.45</Y>
        </End>
      </Segment>
      <Segment>
        <SegmentID>144</SegmentID>
        <SegStyle>Hatch1</SegStyle>
        <End>
          <X>-25.5226</X>
          <Y>42.45</Y>
        </End>
      </Segment>
      <Segment>
        <SegmentID>145</SegmentID>
        <SegStyle>Hatch1</SegStyle>
        <End>
          <X>-33.76</X>
          <Y>50.6874</Y>
        </End>
      </Segment>
      <Segment>
        <SegmentID>146</SegmentID>
        <SegStyle>Hatch1</SegStyle>
        <End>
          <X>-33.76</X>
          <Y>50.8005</Y>
        </End>
      </Segment>
      <Segment>
        <SegmentID>147</SegmentID>
        <SegStyle>Hatch1</SegStyle>
        <End>
          <X>-25.4095</X>
          <Y>42.45</Y>
        </End>
      </Segment>
      <Segment>
        <SegmentID>148</SegmentID>
        <SegStyle>Hatch1</SegStyle>
        <End>
          <X>-25.2964</X>
          <Y>42.45</Y>
        </End>
      </Segment>
      <Segment>
        <SegmentID>149</SegmentID>
        <SegStyle>Hatch1</SegStyle>
        <End>
          <X>-33.76</X>
          <Y>50.9136</Y>
        </End>
      </Segment>
      <Segment>
        <SegmentID>150</SegmentID>
        <SegStyle>Hatch1</SegStyle>
        <End>
          <X>-33.76</X>
          <Y>51.0268</Y>
        </End>
      </Segment>
      <Segment>
        <SegmentID>151</SegmentID>
        <SegStyle>Hatch1</SegStyle>
        <End>
          <X>-25.1832</X>
          <Y>42.45</Y>
        </End>
      </Segment>
      <Segment>
        <SegmentID>152</SegmentID>
        <SegStyle>Hatch1</SegStyle>
        <End>
          <X>-25.0701</X>
          <Y>42.45</Y>
        </End>
      </Segment>
      <Segment>
        <SegmentID>153</SegmentID>
        <SegStyle>Hatch1</SegStyle>
        <End>
          <X>-33.76</X>
          <Y>51.1399</Y>
        </End>
      </Segment>
      <Segment>
        <SegmentID>154</SegmentID>
        <SegStyle>Hatch1</SegStyle>
        <End>
          <X>-33.76</X>
          <Y>51.253</Y>
        </End>
      </Segment>
      <Segment>
        <SegmentID>155</SegmentID>
        <SegStyle>Hatch1</SegStyle>
        <End>
          <X>-24.957</X>
          <Y>42.45</Y>
        </End>
      </Segment>
      <Segment>
        <SegmentID>156</SegmentID>
        <SegStyle>Hatch1</SegStyle>
        <End>
          <X>-24.8438</X>
          <Y>42.45</Y>
        </End>
      </Segment>
      <Segment>
        <SegmentID>157</SegmentID>
        <SegStyle>Hatch1</SegStyle>
        <End>
          <X>-33.76</X>
          <Y>51.3662</Y>
        </End>
      </Segment>
      <Segment>
        <SegmentID>158</SegmentID>
        <SegStyle>Hatch1</SegStyle>
        <End>
          <X>-33.76</X>
          <Y>51.4793</Y>
        </End>
      </Segment>
      <Segment>
        <SegmentID>159</SegmentID>
        <SegStyle>Hatch1</SegStyle>
        <End>
          <X>-24.7307</X>
          <Y>42.45</Y>
        </End>
      </Segment>
      <Segment>
        <SegmentID>160</SegmentID>
        <SegStyle>Hatch1</SegStyle>
        <End>
          <X>-24.6176</X>
          <Y>42.45</Y>
        </End>
      </Segment>
      <Segment>
        <SegmentID>161</SegmentID>
        <SegStyle>Hatch1</SegStyle>
        <End>
          <X>-33.76</X>
          <Y>51.5924</Y>
        </End>
      </Segment>
      <Segment>
        <SegmentID>162</SegmentID>
        <SegStyle>Hatch1</SegStyle>
        <End>
          <X>-33.76</X>
          <Y>51.7056</Y>
        </End>
      </Segment>
      <Segment>
        <SegmentID>163</SegmentID>
        <SegStyle>Hatch1</SegStyle>
        <End>
          <X>-24.5044</X>
          <Y>42.45</Y>
        </End>
      </Segment>
      <Segment>
        <SegmentID>164</SegmentID>
        <SegStyle>Hatch1</SegStyle>
        <End>
          <X>-24.3913</X>
          <Y>42.45</Y>
        </End>
      </Segment>
      <Segment>
        <SegmentID>165</SegmentID>
        <SegStyle>Hatch1</SegStyle>
        <End>
          <X>-33.76</X>
          <Y>51.8187</Y>
        </End>
      </Segment>
      <Segment>
        <SegmentID>166</SegmentID>
        <SegStyle>Hatch1</SegStyle>
        <End>
          <X>-33.76</X>
          <Y>51.9319</Y>
        </End>
      </Segment>
      <Segment>
        <SegmentID>167</SegmentID>
        <SegStyle>Hatch1</SegStyle>
        <End>
          <X>-24.2781</X>
          <Y>42.45</Y>
        </End>
      </Segment>
      <Segment>
        <SegmentID>168</SegmentID>
        <SegStyle>Hatch1</SegStyle>
        <End>
          <X>-24.165</X>
          <Y>42.45</Y>
        </End>
      </Segment>
      <Segment>
        <SegmentID>169</SegmentID>
        <SegStyle>Hatch1</SegStyle>
        <End>
          <X>-33.76</X>
          <Y>52.045</Y>
        </End>
      </Segment>
      <Segment>
        <SegmentID>170</SegmentID>
        <SegStyle>Hatch1</SegStyle>
        <End>
          <X>-33.76</X>
          <Y>52.1581</Y>
        </End>
      </Segment>
      <Segment>
        <SegmentID>171</SegmentID>
        <SegStyle>Hatch1</SegStyle>
        <End>
          <X>-24.0519</X>
          <Y>42.45</Y>
        </End>
      </Segment>
      <Segment>
        <SegmentID>172</SegmentID>
        <SegStyle>Hatch1</SegStyle>
        <End>
          <X>-23.9387</X>
          <Y>42.45</Y>
        </End>
      </Segment>
      <Segment>
        <SegmentID>173</SegmentID>
        <SegStyle>Hatch1</SegStyle>
        <End>
          <X>-33.76</X>
          <Y>52.2713</Y>
        </End>
      </Segment>
      <Segment>
        <SegmentID>174</SegmentID>
        <SegStyle>Hatch1</SegStyle>
        <End>
          <X>-33.76</X>
          <Y>52.3844</Y>
        </End>
      </Segment>
      <Segment>
        <SegmentID>175</SegmentID>
        <SegStyle>Hatch1</SegStyle>
        <End>
          <X>-23.8256</X>
          <Y>42.45</Y>
        </End>
      </Segment>
      <Segment>
        <SegmentID>176</SegmentID>
        <SegStyle>Hatch1</SegStyle>
        <End>
          <X>-23.7124</X>
          <Y>42.45</Y>
        </End>
      </Segment>
      <Segment>
        <SegmentID>177</SegmentID>
        <SegStyle>Hatch1</SegStyle>
        <End>
          <X>-33.76</X>
          <Y>52.4976</Y>
        </End>
      </Segment>
      <Segment>
        <SegmentID>178</SegmentID>
        <SegStyle>Hatch1</SegStyle>
        <End>
          <X>-33.76</X>
          <Y>52.6107</Y>
        </End>
      </Segment>
      <Segment>
        <SegmentID>179</SegmentID>
        <SegStyle>Hatch1</SegStyle>
        <End>
          <X>-23.5993</X>
          <Y>42.45</Y>
        </End>
      </Segment>
      <Segment>
        <SegmentID>180</SegmentID>
        <SegStyle>Hatch1</SegStyle>
        <End>
          <X>-23.4862</X>
          <Y>42.45</Y>
        </End>
      </Segment>
      <Segment>
        <SegmentID>181</SegmentID>
        <SegStyle>Hatch1</SegStyle>
        <End>
          <X>-33.76</X>
          <Y>52.7238</Y>
        </End>
      </Segment>
      <Segment>
        <SegmentID>182</SegmentID>
        <SegStyle>Hatch1</SegStyle>
        <End>
          <X>-33.76</X>
          <Y>52.837</Y>
        </End>
      </Segment>
      <Segment>
        <SegmentID>183</SegmentID>
        <SegStyle>Hatch1</SegStyle>
        <End>
          <X>-23.373</X>
          <Y>42.45</Y>
        </End>
      </Segment>
      <Segment>
        <SegmentID>184</SegmentID>
        <SegStyle>Hatch1</SegStyle>
        <End>
          <X>-23.3663</X>
          <Y>42.5564</Y>
        </End>
      </Segment>
      <Segment>
        <SegmentID>185</SegmentID>
        <SegStyle>Hatch1</SegStyle>
        <End>
          <X>-33.76</X>
          <Y>52.9501</Y>
        </End>
      </Segment>
      <Segment>
        <SegmentID>186</SegmentID>
        <SegStyle>Hatch1</SegStyle>
        <End>
          <X>-33.76</X>
          <Y>53.0632</Y>
        </End>
      </Segment>
      <Segment>
        <SegmentID>187</SegmentID>
        <SegStyle>Hatch1</SegStyle>
        <End>
          <X>-23.3663</X>
          <Y>42.6695</Y>
        </End>
      </Segment>
      <Segment>
        <SegmentID>188</SegmentID>
        <SegStyle>Hatch1</SegStyle>
        <End>
          <X>-23.3663</X>
          <Y>42.7827</Y>
        </End>
      </Segment>
      <Segment>
        <SegmentID>189</SegmentID>
        <SegStyle>Hatch1</SegStyle>
        <End>
          <X>-33.76</X>
          <Y>53.1764</Y>
        </End>
      </Segment>
      <Segment>
        <SegmentID>190</SegmentID>
        <SegStyle>Hatch1</SegStyle>
        <End>
          <X>-33.76</X>
          <Y>53.2895</Y>
        </End>
      </Segment>
      <Segment>
        <SegmentID>191</SegmentID>
        <SegStyle>Hatch1</SegStyle>
        <End>
          <X>-23.3663</X>
          <Y>42.8958</Y>
        </End>
      </Segment>
      <Segment>
        <SegmentID>192</SegmentID>
        <SegStyle>Hatch1</SegStyle>
        <End>
          <X>-23.3663</X>
          <Y>43.0089</Y>
        </End>
      </Segment>
      <Segment>
        <SegmentID>193</SegmentID>
        <SegStyle>Hatch1</SegStyle>
        <End>
          <X>-33.76</X>
          <Y>53.4026</Y>
        </End>
      </Segment>
      <Segment>
        <SegmentID>194</SegmentID>
        <SegStyle>Hatch1</SegStyle>
        <End>
          <X>-33.76</X>
          <Y>53.5158</Y>
        </End>
      </Segment>
      <Segment>
        <SegmentID>195</SegmentID>
        <SegStyle>Hatch1</SegStyle>
        <End>
          <X>-23.3663</X>
          <Y>43.1221</Y>
        </End>
      </Segment>
      <Segment>
        <SegmentID>196</SegmentID>
        <SegStyle>Hatch1</SegStyle>
        <End>
          <X>-23.3663</X>
          <Y>43.2352</Y>
        </End>
      </Segment>
      <Segment>
        <SegmentID>197</SegmentID>
        <SegStyle>Hatch1</SegStyle>
        <End>
          <X>-33.76</X>
          <Y>53.6289</Y>
        </End>
      </Segment>
      <Segment>
        <SegmentID>198</SegmentID>
        <SegStyle>Hatch1</SegStyle>
        <End>
          <X>-33.76</X>
          <Y>53.742</Y>
        </End>
      </Segment>
      <Segment>
        <SegmentID>199</SegmentID>
        <SegStyle>Hatch1</SegStyle>
        <End>
          <X>-23.3663</X>
          <Y>43.3483</Y>
        </End>
      </Segment>
      <Segment>
        <SegmentID>200</SegmentID>
        <SegStyle>Hatch1</SegStyle>
        <End>
          <X>-23.3663</X>
          <Y>43.4615</Y>
        </End>
      </Segment>
      <Segment>
        <SegmentID>201</SegmentID>
        <SegStyle>Hatch1</SegStyle>
        <End>
          <X>-33.76</X>
          <Y>53.8552</Y>
        </End>
      </Segment>
      <Segment>
        <SegmentID>202</SegmentID>
        <SegStyle>Hatch1</SegStyle>
        <End>
          <X>-33.76</X>
          <Y>53.9683</Y>
        </End>
      </Segment>
      <Segment>
        <SegmentID>203</SegmentID>
        <SegStyle>Hatch1</SegStyle>
        <End>
          <X>-23.3663</X>
          <Y>43.5746</Y>
        </End>
      </Segment>
      <Segment>
        <SegmentID>204</SegmentID>
        <SegStyle>Hatch1</SegStyle>
        <End>
          <X>-23.3663</X>
          <Y>43.6878</Y>
        </End>
      </Segment>
      <Segment>
        <SegmentID>205</SegmentID>
        <SegStyle>Hatch1</SegStyle>
        <End>
          <X>-33.76</X>
          <Y>54.0815</Y>
        </End>
      </Segment>
      <Segment>
        <SegmentID>206</SegmentID>
        <SegStyle>Hatch1</SegStyle>
        <End>
          <X>-33.76</X>
          <Y>54.1946</Y>
        </End>
      </Segment>
      <Segment>
        <SegmentID>207</SegmentID>
        <SegStyle>Hatch1</SegStyle>
        <End>
          <X>-23.3663</X>
          <Y>43.8009</Y>
        </End>
      </Segment>
      <Segment>
        <SegmentID>208</SegmentID>
        <SegStyle>Hatch1</SegStyle>
        <End>
          <X>-23.3663</X>
          <Y>43.914</Y>
        </End>
      </Segment>
      <Segment>
        <SegmentID>209</SegmentID>
        <SegStyle>Hatch1</SegStyle>
        <End>
          <X>-33.6822</X>
          <Y>54.2299</Y>
        </End>
      </Segment>
      <Segment>
        <SegmentID>210</SegmentID>
        <SegStyle>Hatch1</SegStyle>
        <End>
          <X>-33.569</X>
          <Y>54.2299</Y>
        </End>
      </Segment>
      <Segment>
        <SegmentID>211</SegmentID>
        <SegStyle>Hatch1</SegStyle>
        <End>
          <X>-23.3663</X>
          <Y>44.0272</Y>
        </End>
      </Segment>
      <Segment>
        <SegmentID>212</SegmentID>
        <SegStyle>Hatch1</SegStyle>
        <End>
          <X>-23.3663</X>
          <Y>44.1403</Y>
        </End>
      </Segment>
      <Segment>
        <SegmentID>213</SegmentID>
        <SegStyle>Hatch1</SegStyle>
        <End>
          <X>-33.4559</X>
          <Y>54.2299</Y>
        </End>
      </Segment>
      <Segment>
        <SegmentID>214</SegmentID>
        <SegStyle>Hatch1</SegStyle>
        <End>
          <X>-33.3427</X>
          <Y>54.2299</Y>
        </End>
      </Segment>
      <Segment>
        <SegmentID>215</SegmentID>
        <SegStyle>Hatch1</SegStyle>
        <End>
          <X>-23.3663</X>
          <Y>44.2535</Y>
        </End>
      </Segment>
      <Segment>
        <SegmentID>216</SegmentID>
        <SegStyle>Hatch1</SegStyle>
        <End>
          <X>-23.3663</X>
          <Y>44.3666</Y>
        </End>
      </Segment>
      <Segment>
        <SegmentID>217</SegmentID>
        <SegStyle>Hatch1</SegStyle>
        <End>
          <X>-33.2296</X>
          <Y>54.2299</Y>
        </End>
      </Segment>
      <Segment>
        <SegmentID>218</SegmentID>
        <SegStyle>Hatch1</SegStyle>
        <End>
          <X>-33.1165</X>
          <Y>54.2299</Y>
        </End>
      </Segment>
      <Segment>
        <SegmentID>219</SegmentID>
        <SegStyle>Hatch1</SegStyle>
        <End>
          <X>-23.3663</X>
          <Y>44.4797</Y>
        </End>
      </Segment>
      <Segment>
        <SegmentID>220</SegmentID>
        <SegStyle>Hatch1</SegStyle>
        <End>
          <X>-23.3663</X>
          <Y>44.5929</Y>
        </End>
      </Segment>
      <Segment>
        <SegmentID>221</SegmentID>
        <SegStyle>Hatch1</SegStyle>
        <End>
          <X>-33.0033</X>
          <Y>54.2299</Y>
        </End>
      </Segment>
      <Segment>
        <SegmentID>222</SegmentID>
        <SegStyle>Hatch1</SegStyle>
        <End>
          <X>-32.8902</X>
          <Y>54.2299</Y>
        </End>
      </Segment>
      <Segment>
        <SegmentID>223</SegmentID>
        <SegStyle>Hatch1</SegStyle>
        <End>
          <X>-23.3663</X>
          <Y>44.706</Y>
        </End>
      </Segment>
      <Segment>
        <SegmentID>224</SegmentID>
        <SegStyle>Hatch1</SegStyle>
        <End>
          <X>-23.3663</X>
          <Y>44.8191</Y>
        </End>
      </Segment>
      <Segment>
        <SegmentID>225</SegmentID>
        <SegStyle>Hatch1</SegStyle>
        <End>
          <X>-32.7771</X>
          <Y>54.2299</Y>
        </End>
      </Segment>
      <Segment>
        <SegmentID>226</SegmentID>
        <SegStyle>Hatch1</SegStyle>
        <End>
          <X>-32.6639</X>
          <Y>54.2299</Y>
        </End>
      </Segment>
      <Segment>
        <SegmentID>227</SegmentID>
        <SegStyle>Hatch1</SegStyle>
        <End>
          <X>-23.3663</X>
          <Y>44.9323</Y>
        </End>
      </Segment>
      <Segment>
        <SegmentID>228</SegmentID>
        <SegStyle>Hatch1</SegStyle>
        <End>
          <X>-23.3663</X>
          <Y>45.0454</Y>
        </End>
      </Segment>
      <Segment>
        <SegmentID>229</SegmentID>
        <SegStyle>Hatch1</SegStyle>
        <End>
          <X>-32.5508</X>
          <Y>54.2299</Y>
        </End>
      </Segment>
      <Segment>
        <SegmentID>230</SegmentID>
        <SegStyle>Hatch1</SegStyle>
        <End>
          <X>-32.4377</X>
          <Y>54.2299</Y>
        </End>
      </Segment>
      <Segment>
        <SegmentID>231</SegmentID>
        <SegStyle>Hatch1</SegStyle>
        <End>
          <X>-23.3663</X>
          <Y>45.1585</Y>
        </End>
      </Segment>
      <Segment>
        <SegmentID>232</SegmentID>
        <SegStyle>Hatch1</SegStyle>
        <End>
          <X>-23.3663</X>
          <Y>45.2717</Y>
        </End>
      </Segment>
      <Segment>
        <SegmentID>233</SegmentID>
        <SegStyle>Hatch1</SegStyle>
        <End>
          <X>-32.3245</X>
          <Y>54.2299</Y>
        </End>
      </Segment>
      <Segment>
        <SegmentID>234</SegmentID>
        <SegStyle>Hatch1</SegStyle>
        <End>
          <X>-32.2114</X>
          <Y>54.2299</Y>
        </End>
      </Segment>
      <Segment>
        <SegmentID>235</SegmentID>
        <SegStyle>Hatch1</SegStyle>
        <End>
          <X>-23.3663</X>
          <Y>45.3848</Y>
        </End>
      </Segment>
      <Segment>
        <SegmentID>236</SegmentID>
        <SegStyle>Hatch1</SegStyle>
        <End>
          <X>-23.3663</X>
          <Y>45.498</Y>
        </End>
      </Segment>
      <Segment>
        <SegmentID>237</SegmentID>
        <SegStyle>Hatch1</SegStyle>
        <End>
          <X>-32.0982</X>
          <Y>54.2299</Y>
        </End>
      </Segment>
      <Segment>
        <SegmentID>238</SegmentID>
        <SegStyle>Hatch1</SegStyle>
        <End>
          <X>-31.9851</X>
          <Y>54.2299</Y>
        </End>
      </Segment>
      <Segment>
        <SegmentID>239</SegmentID>
        <SegStyle>Hatch1</SegStyle>
        <End>
          <X>-23.3663</X>
          <Y>45.6111</Y>
        </End>
      </Segment>
      <Segment>
        <SegmentID>240</SegmentID>
        <SegStyle>Hatch1</SegStyle>
        <End>
          <X>-23.3663</X>
          <Y>45.7242</Y>
        </End>
      </Segment>
      <Segment>
        <SegmentID>241</SegmentID>
        <SegStyle>Hatch1</SegStyle>
        <End>
          <X>-31.872</X>
          <Y>54.2299</Y>
        </End>
      </Segment>
      <Segment>
        <SegmentID>242</SegmentID>
        <SegStyle>Hatch1</SegStyle>
        <End>
          <X>-31.7588</X>
          <Y>54.2299</Y>
        </End>
      </Segment>
      <Segment>
        <SegmentID>243</SegmentID>
        <SegStyle>Hatch1</SegStyle>
        <End>
          <X>-23.3663</X>
          <Y>45.8374</Y>
        </End>
      </Segment>
      <Segment>
        <SegmentID>244</SegmentID>
        <SegStyle>Hatch1</SegStyle>
        <End>
          <X>-23.3663</X>
          <Y>45.9505</Y>
        </End>
      </Segment>
      <Segment>
        <SegmentID>245</SegmentID>
        <SegStyle>Hatch1</SegStyle>
        <End>
          <X>-31.6457</X>
          <Y>54.2299</Y>
        </End>
      </Segment>
      <Segment>
        <SegmentID>246</SegmentID>
        <SegStyle>Hatch1</SegStyle>
        <End>
          <X>-31.5326</X>
          <Y>54.2299</Y>
        </End>
      </Segment>
      <Segment>
        <SegmentID>247</SegmentID>
        <SegStyle>Hatch1</SegStyle>
        <End>
          <X>-23.3663</X>
          <Y>46.0636</Y>
        </End>
      </Segment>
      <Segment>
        <SegmentID>248</SegmentID>
        <SegStyle>Hatch1</SegStyle>
        <End>
          <X>-23.3663</X>
          <Y>46.1768</Y>
        </End>
      </Segment>
      <Segment>
        <SegmentID>249</SegmentID>
        <SegStyle>Hatch1</SegStyle>
        <End>
          <X>-31.4194</X>
          <Y>54.2299</Y>
        </End>
      </Segment>
      <Segment>
        <SegmentID>250</SegmentID>
        <SegStyle>Hatch1</SegStyle>
        <End>
          <X>-31.3063</X>
          <Y>54.2299</Y>
        </End>
      </Segment>
      <Segment>
        <SegmentID>251</SegmentID>
        <SegStyle>Hatch1</SegStyle>
        <End>
          <X>-23.3663</X>
          <Y>46.2899</Y>
        </End>
      </Segment>
      <Segment>
        <SegmentID>252</SegmentID>
        <SegStyle>Hatch1</SegStyle>
        <End>
          <X>-23.3663</X>
          <Y>46.4031</Y>
        </End>
      </Segment>
      <Segment>
        <SegmentID>253</SegmentID>
        <SegStyle>Hatch1</SegStyle>
        <End>
          <X>-31.1931</X>
          <Y>54.2299</Y>
        </End>
      </Segment>
      <Segment>
        <SegmentID>254</SegmentID>
        <SegStyle>Hatch1</SegStyle>
        <End>
          <X>-31.08</X>
          <Y>54.2299</Y>
        </End>
      </Segment>
      <Segment>
        <SegmentID>255</SegmentID>
        <SegStyle>Hatch1</SegStyle>
        <End>
          <X>-23.3663</X>
          <Y>46.5162</Y>
        </End>
      </Segment>
      <Segment>
        <SegmentID>256</SegmentID>
        <SegStyle>Hatch1</SegStyle>
        <End>
          <X>-23.3663</X>
          <Y>46.6293</Y>
        </End>
      </Segment>
      <Segment>
        <SegmentID>257</SegmentID>
        <SegStyle>Hatch1</SegStyle>
        <End>
          <X>-30.9669</X>
          <Y>54.2299</Y>
        </End>
      </Segment>
      <Segment>
        <SegmentID>258</SegmentID>
        <SegStyle>Hatch1</SegStyle>
        <End>
          <X>-30.8537</X>
          <Y>54.2299</Y>
        </End>
      </Segment>
      <Segment>
        <SegmentID>259</SegmentID>
        <SegStyle>Hatch1</SegStyle>
        <End>
          <X>-23.3663</X>
          <Y>46.7425</Y>
        </End>
      </Segment>
      <Segment>
        <SegmentID>260</SegmentID>
        <SegStyle>Hatch1</SegStyle>
        <End>
          <X>-23.3663</X>
          <Y>46.8556</Y>
        </End>
      </Segment>
      <Segment>
        <SegmentID>261</SegmentID>
        <SegStyle>Hatch1</SegStyle>
        <End>
          <X>-30.7406</X>
          <Y>54.2299</Y>
        </End>
      </Segment>
      <Segment>
        <SegmentID>262</SegmentID>
        <SegStyle>Hatch1</SegStyle>
        <End>
          <X>-30.6275</X>
          <Y>54.2299</Y>
        </End>
      </Segment>
      <Segment>
        <SegmentID>263</SegmentID>
        <SegStyle>Hatch1</SegStyle>
        <End>
          <X>-23.3663</X>
          <Y>46.9687</Y>
        </End>
      </Segment>
      <Segment>
        <SegmentID>264</SegmentID>
        <SegStyle>Hatch1</SegStyle>
        <End>
          <X>-23.3663</X>
          <Y>47.0819</Y>
        </End>
      </Segment>
      <Segment>
        <SegmentID>265</SegmentID>
        <SegStyle>Hatch1</SegStyle>
        <End>
          <X>-30.5143</X>
          <Y>54.2299</Y>
        </End>
      </Segment>
      <Segment>
        <SegmentID>266</SegmentID>
        <SegStyle>Hatch1</SegStyle>
        <End>
          <X>-30.4012</X>
          <Y>54.2299</Y>
        </End>
      </Segment>
      <Segment>
        <SegmentID>267</SegmentID>
        <SegStyle>Hatch1</SegStyle>
        <End>
          <X>-23.3663</X>
          <Y>47.195</Y>
        </End>
      </Segment>
      <Segment>
        <SegmentID>268</SegmentID>
        <SegStyle>Hatch1</SegStyle>
        <End>
          <X>-23.3663</X>
          <Y>47.3081</Y>
        </End>
      </Segment>
      <Segment>
        <SegmentID>269</SegmentID>
        <SegStyle>Hatch1</SegStyle>
        <End>
          <X>-30.2881</X>
          <Y>54.2299</Y>
        </End>
      </Segment>
      <Segment>
        <SegmentID>270</SegmentID>
        <SegStyle>Hatch1</SegStyle>
        <End>
          <X>-30.1749</X>
          <Y>54.2299</Y>
        </End>
      </Segment>
      <Segment>
        <SegmentID>271</SegmentID>
        <SegStyle>Hatch1</SegStyle>
        <End>
          <X>-23.3663</X>
          <Y>47.4213</Y>
        </End>
      </Segment>
      <Segment>
        <SegmentID>272</SegmentID>
        <SegStyle>Hatch1</SegStyle>
        <End>
          <X>-23.3663</X>
          <Y>47.5344</Y>
        </End>
      </Segment>
      <Segment>
        <SegmentID>273</SegmentID>
        <SegStyle>Hatch1</SegStyle>
        <End>
          <X>-30.0618</X>
          <Y>54.2299</Y>
        </End>
      </Segment>
      <Segment>
        <SegmentID>274</SegmentID>
        <SegStyle>Hatch1</SegStyle>
        <End>
          <X>-29.9486</X>
          <Y>54.2299</Y>
        </End>
      </Segment>
      <Segment>
        <SegmentID>275</SegmentID>
        <SegStyle>Hatch1</SegStyle>
        <End>
          <X>-23.3663</X>
          <Y>47.6476</Y>
        </End>
      </Segment>
      <Segment>
        <SegmentID>276</SegmentID>
        <SegStyle>Hatch1</SegStyle>
        <End>
          <X>-23.3663</X>
          <Y>47.7607</Y>
        </End>
      </Segment>
      <Segment>
        <SegmentID>277</SegmentID>
        <SegStyle>Hatch1</SegStyle>
        <End>
          <X>-29.8355</X>
          <Y>54.2299</Y>
        </End>
      </Segment>
      <Segment>
        <SegmentID>278</SegmentID>
        <SegStyle>Hatch1</SegStyle>
        <End>
          <X>-29.7224</X>
          <Y>54.2299</Y>
        </End>
      </Segment>
      <Segment>
        <SegmentID>279</SegmentID>
        <SegStyle>Hatch1</SegStyle>
        <End>
          <X>-23.3663</X>
          <Y>47.8738</Y>
        </End>
      </Segment>
      <Segment>
        <SegmentID>280</SegmentID>
        <SegStyle>Hatch1</SegStyle>
        <End>
          <X>-23.3663</X>
          <Y>47.987</Y>
        </End>
      </Segment>
      <Segment>
        <SegmentID>281</SegmentID>
        <SegStyle>Hatch1</SegStyle>
        <End>
          <X>-29.6092</X>
          <Y>54.2299</Y>
        </End>
      </Segment>
      <Segment>
        <SegmentID>282</SegmentID>
        <SegStyle>Hatch1</SegStyle>
        <End>
          <X>-29.4961</X>
          <Y>54.2299</Y>
        </End>
      </Segment>
      <Segment>
        <SegmentID>283</SegmentID>
        <SegStyle>Hatch1</SegStyle>
        <End>
          <X>-23.3663</X>
          <Y>48.1001</Y>
        </End>
      </Segment>
      <Segment>
        <SegmentID>284</SegmentID>
        <SegStyle>Hatch1</SegStyle>
        <End>
          <X>-23.3663</X>
          <Y>48.2133</Y>
        </End>
      </Segment>
      <Segment>
        <SegmentID>285</SegmentID>
        <SegStyle>Hatch1</SegStyle>
        <End>
          <X>-29.3829</X>
          <Y>54.2299</Y>
        </End>
      </Segment>
      <Segment>
        <SegmentID>286</SegmentID>
        <SegStyle>Hatch1</SegStyle>
        <End>
          <X>-29.2698</X>
          <Y>54.2299</Y>
        </End>
      </Segment>
      <Segment>
        <SegmentID>287</SegmentID>
        <SegStyle>Hatch1</SegStyle>
        <End>
          <X>-23.3663</X>
          <Y>48.3264</Y>
        </End>
      </Segment>
      <Segment>
        <SegmentID>288</SegmentID>
        <SegStyle>Hatch1</SegStyle>
        <End>
          <X>-23.3663</X>
          <Y>48.4395</Y>
        </End>
      </Segment>
      <Segment>
        <SegmentID>289</SegmentID>
        <SegStyle>Hatch1</SegStyle>
        <End>
          <X>-29.1567</X>
          <Y>54.2299</Y>
        </End>
      </Segment>
      <Segment>
        <SegmentID>290</SegmentID>
        <SegStyle>Hatch1</SegStyle>
        <End>
          <X>-29.0435</X>
          <Y>54.2299</Y>
        </End>
      </Segment>
      <Segment>
        <SegmentID>291</SegmentID>
        <SegStyle>Hatch1</SegStyle>
        <End>
          <X>-23.3663</X>
          <Y>48.5527</Y>
        </End>
      </Segment>
      <Segment>
        <SegmentID>292</SegmentID>
        <SegStyle>Hatch1</SegStyle>
        <End>
          <X>-23.3663</X>
          <Y>48.6658</Y>
        </End>
      </Segment>
      <Segment>
        <SegmentID>293</SegmentID>
        <SegStyle>Hatch1</SegStyle>
        <End>
          <X>-28.9304</X>
          <Y>54.2299</Y>
        </End>
      </Segment>
      <Segment>
        <SegmentID>294</SegmentID>
        <SegStyle>Hatch1</SegStyle>
        <End>
          <X>-28.8173</X>
          <Y>54.2299</Y>
        </End>
      </Segment>
      <Segment>
        <SegmentID>295</SegmentID>
        <SegStyle>Hatch1</SegStyle>
        <End>
          <X>-23.3663</X>
          <Y>48.7789</Y>
        </End>
      </Segment>
      <Segment>
        <SegmentID>296</SegmentID>
        <SegStyle>Hatch1</SegStyle>
        <End>
          <X>-23.3663</X>
          <Y>48.8921</Y>
        </End>
      </Segment>
      <Segment>
        <SegmentID>297</SegmentID>
        <SegStyle>Hatch1</SegStyle>
        <End>
          <X>-28.7041</X>
          <Y>54.2299</Y>
        </End>
      </Segment>
      <Segment>
        <SegmentID>298</SegmentID>
        <SegStyle>Hatch1</SegStyle>
        <End>
          <X>-28.591</X>
          <Y>54.2299</Y>
        </End>
      </Segment>
      <Segment>
        <SegmentID>299</SegmentID>
        <SegStyle>Hatch1</SegStyle>
        <End>
          <X>-23.3663</X>
          <Y>49.0052</Y>
        </End>
      </Segment>
      <Segment>
        <SegmentID>300</SegmentID>
        <SegStyle>Hatch1</SegStyle>
        <End>
          <X>-23.3663</X>
          <Y>49.1183</Y>
        </End>
      </Segment>
      <Segment>
        <SegmentID>301</SegmentID>
        <SegStyle>Hatch1</SegStyle>
        <End>
          <X>-28.4779</X>
          <Y>54.2299</Y>
        </End>
      </Segment>
      <Segment>
        <SegmentID>302</SegmentID>
        <SegStyle>Hatch1</SegStyle>
        <End>
          <X>-28.3647</X>
          <Y>54.2299</Y>
        </End>
      </Segment>
      <Segment>
        <SegmentID>303</SegmentID>
        <SegStyle>Hatch1</SegStyle>
        <End>
          <X>-23.3663</X>
          <Y>49.2315</Y>
        </End>
      </Segment>
      <Segment>
        <SegmentID>304</SegmentID>
        <SegStyle>Hatch1</SegStyle>
        <End>
          <X>-23.3663</X>
          <Y>49.3446</Y>
        </End>
      </Segment>
      <Segment>
        <SegmentID>305</SegmentID>
        <SegStyle>Hatch1</SegStyle>
        <End>
          <X>-28.2516</X>
          <Y>54.2299</Y>
        </End>
      </Segment>
      <Segment>
        <SegmentID>306</SegmentID>
        <SegStyle>Hatch1</SegStyle>
        <End>
          <X>-28.1385</X>
          <Y>54.2299</Y>
        </End>
      </Segment>
      <Segment>
        <SegmentID>307</SegmentID>
        <SegStyle>Hatch1</SegStyle>
        <End>
          <X>-23.3663</X>
          <Y>49.4577</Y>
        </End>
      </Segment>
      <Segment>
        <SegmentID>308</SegmentID>
        <SegStyle>Hatch1</SegStyle>
        <End>
          <X>-23.3663</X>
          <Y>49.5709</Y>
        </End>
      </Segment>
      <Segment>
        <SegmentID>309</SegmentID>
        <SegStyle>Hatch1</SegStyle>
        <End>
          <X>-28.0253</X>
          <Y>54.2299</Y>
        </End>
      </Segment>
      <Segment>
        <SegmentID>310</SegmentID>
        <SegStyle>Hatch1</SegStyle>
        <End>
          <X>-27.9122</X>
          <Y>54.2299</Y>
        </End>
      </Segment>
      <Segment>
        <SegmentID>311</SegmentID>
        <SegStyle>Hatch1</SegStyle>
        <End>
          <X>-23.3663</X>
          <Y>49.684</Y>
        </End>
      </Segment>
      <Segment>
        <SegmentID>312</SegmentID>
        <SegStyle>Hatch1</SegStyle>
        <End>
          <X>-23.3663</X>
          <Y>49.7972</Y>
        </End>
      </Segment>
      <Segment>
        <SegmentID>313</SegmentID>
        <SegStyle>Hatch1</SegStyle>
        <End>
          <X>-27.799</X>
          <Y>54.2299</Y>
        </End>
      </Segment>
      <Segment>
        <SegmentID>314</SegmentID>
        <SegStyle>Hatch1</SegStyle>
        <End>
          <X>-27.6859</X>
          <Y>54.2299</Y>
        </End>
      </Segment>
      <Segment>
        <SegmentID>315</SegmentID>
        <SegStyle>Hatch1</SegStyle>
        <End>
          <X>-23.3663</X>
          <Y>49.9103</Y>
        </End>
      </Segment>
      <Segment>
        <SegmentID>316</SegmentID>
        <SegStyle>Hatch1</SegStyle>
        <End>
          <X>-23.3663</X>
          <Y>50.0234</Y>
        </End>
      </Segment>
      <Segment>
        <SegmentID>317</SegmentID>
        <SegStyle>Hatch1</SegStyle>
        <End>
          <X>-27.5728</X>
          <Y>54.2299</Y>
        </End>
      </Segment>
      <Segment>
        <SegmentID>318</SegmentID>
        <SegStyle>Hatch1</SegStyle>
        <End>
          <X>-27.4596</X>
          <Y>54.2299</Y>
        </End>
      </Segment>
      <Segment>
        <SegmentID>319</SegmentID>
        <SegStyle>Hatch1</SegStyle>
        <End>
          <X>-23.3663</X>
          <Y>50.1366</Y>
        </End>
      </Segment>
      <Segment>
        <SegmentID>320</SegmentID>
        <SegStyle>Hatch1</SegStyle>
        <End>
          <X>-23.3663</X>
          <Y>50.2497</Y>
        </End>
      </Segment>
      <Segment>
        <SegmentID>321</SegmentID>
        <SegStyle>Hatch1</SegStyle>
        <End>
          <X>-27.3465</X>
          <Y>54.2299</Y>
        </End>
      </Segment>
      <Segment>
        <SegmentID>322</SegmentID>
        <SegStyle>Hatch1</SegStyle>
        <End>
          <X>-27.2333</X>
          <Y>54.2299</Y>
        </End>
      </Segment>
      <Segment>
        <SegmentID>323</SegmentID>
        <SegStyle>Hatch1</SegStyle>
        <End>
          <X>-23.3663</X>
          <Y>50.3629</Y>
        </End>
      </Segment>
      <Segment>
        <SegmentID>324</SegmentID>
        <SegStyle>Hatch1</SegStyle>
        <End>
          <X>-23.3663</X>
          <Y>50.476</Y>
        </End>
      </Segment>
      <Segment>
        <SegmentID>325</SegmentID>
        <SegStyle>Hatch1</SegStyle>
        <End>
          <X>-27.1202</X>
          <Y>54.2299</Y>
        </End>
      </Segment>
      <Segment>
        <SegmentID>326</SegmentID>
        <SegStyle>Hatch1</SegStyle>
        <End>
          <X>-27.0071</X>
          <Y>54.2299</Y>
        </End>
      </Segment>
      <Segment>
        <SegmentID>327</SegmentID>
        <SegStyle>Hatch1</SegStyle>
        <End>
          <X>-23.3663</X>
          <Y>50.5891</Y>
        </End>
      </Segment>
      <Segment>
        <SegmentID>328</SegmentID>
        <SegStyle>Hatch1</SegStyle>
        <End>
          <X>-23.3663</X>
          <Y>50.7023</Y>
        </End>
      </Segment>
      <Segment>
        <SegmentID>329</SegmentID>
        <SegStyle>Hatch1</SegStyle>
        <End>
          <X>-26.8939</X>
          <Y>54.2299</Y>
        </End>
      </Segment>
      <Segment>
        <SegmentID>330</SegmentID>
        <SegStyle>Hatch1</SegStyle>
        <End>
          <X>-26.7808</X>
          <Y>54.2299</Y>
        </End>
      </Segment>
      <Segment>
        <SegmentID>331</SegmentID>
        <SegStyle>Hatch1</SegStyle>
        <End>
          <X>-23.3663</X>
          <Y>50.8154</Y>
        </End>
      </Segment>
      <Segment>
        <SegmentID>332</SegmentID>
        <SegStyle>Hatch1</SegStyle>
        <End>
          <X>-23.3663</X>
          <Y>50.9285</Y>
        </End>
      </Segment>
      <Segment>
        <SegmentID>333</SegmentID>
        <SegStyle>Hatch1</SegStyle>
        <End>
          <X>-26.6677</X>
          <Y>54.2299</Y>
        </End>
      </Segment>
      <Segment>
        <SegmentID>334</SegmentID>
        <SegStyle>Hatch1</SegStyle>
        <End>
          <X>-26.5545</X>
          <Y>54.2299</Y>
        </End>
      </Segment>
      <Segment>
        <SegmentID>335</SegmentID>
        <SegStyle>Hatch1</SegStyle>
        <End>
          <X>-23.3663</X>
          <Y>51.0417</Y>
        </End>
      </Segment>
      <Segment>
        <SegmentID>336</SegmentID>
        <SegStyle>Hatch1</SegStyle>
        <End>
          <X>-23.3663</X>
          <Y>51.1548</Y>
        </End>
      </Segment>
      <Segment>
        <SegmentID>337</SegmentID>
        <SegStyle>Hatch1</SegStyle>
        <End>
          <X>-26.4414</X>
          <Y>54.2299</Y>
        </End>
      </Segment>
      <Segment>
        <SegmentID>338</SegmentID>
        <SegStyle>Hatch1</SegStyle>
        <End>
          <X>-26.3283</X>
          <Y>54.2299</Y>
        </End>
      </Segment>
      <Segment>
        <SegmentID>339</SegmentID>
        <SegStyle>Hatch1</SegStyle>
        <End>
          <X>-23.3663</X>
          <Y>51.2679</Y>
        </End>
      </Segment>
      <Segment>
        <SegmentID>340</SegmentID>
        <SegStyle>Hatch1</SegStyle>
        <End>
          <X>-23.3663</X>
          <Y>51.3811</Y>
        </End>
      </Segment>
      <Segment>
        <SegmentID>341</SegmentID>
        <SegStyle>Hatch1</SegStyle>
        <End>
          <X>-26.2151</X>
          <Y>54.2299</Y>
        </End>
      </Segment>
      <Segment>
        <SegmentID>342</SegmentID>
        <SegStyle>Hatch1</SegStyle>
        <End>
          <X>-26.102</X>
          <Y>54.2299</Y>
        </End>
      </Segment>
      <Segment>
        <SegmentID>343</SegmentID>
        <SegStyle>Hatch1</SegStyle>
        <End>
          <X>-23.3663</X>
          <Y>51.4942</Y>
        </End>
      </Segment>
      <Segment>
        <SegmentID>344</SegmentID>
        <SegStyle>Hatch1</SegStyle>
        <End>
          <X>-23.3663</X>
          <Y>51.6073</Y>
        </End>
      </Segment>
      <Segment>
        <SegmentID>345</SegmentID>
        <SegStyle>Hatch1</SegStyle>
        <End>
          <X>-25.9889</X>
          <Y>54.2299</Y>
        </End>
      </Segment>
      <Segment>
        <SegmentID>346</SegmentID>
        <SegStyle>Hatch1</SegStyle>
        <End>
          <X>-25.8757</X>
          <Y>54.2299</Y>
        </End>
      </Segment>
      <Segment>
        <SegmentID>347</SegmentID>
        <SegStyle>Hatch1</SegStyle>
        <End>
          <X>-23.3663</X>
          <Y>51.7205</Y>
        </End>
      </Segment>
      <Segment>
        <SegmentID>348</SegmentID>
        <SegStyle>Hatch1</SegStyle>
        <End>
          <X>-23.3663</X>
          <Y>51.8336</Y>
        </End>
      </Segment>
      <Segment>
        <SegmentID>349</SegmentID>
        <SegStyle>Hatch1</SegStyle>
        <End>
          <X>-25.7626</X>
          <Y>54.2299</Y>
        </End>
      </Segment>
      <Segment>
        <SegmentID>350</SegmentID>
        <SegStyle>Hatch1</SegStyle>
        <End>
          <X>-25.6494</X>
          <Y>54.2299</Y>
        </End>
      </Segment>
      <Segment>
        <SegmentID>351</SegmentID>
        <SegStyle>Hatch1</SegStyle>
        <End>
          <X>-23.3663</X>
          <Y>51.9468</Y>
        </End>
      </Segment>
      <Segment>
        <SegmentID>352</SegmentID>
        <SegStyle>Hatch1</SegStyle>
        <End>
          <X>-23.3663</X>
          <Y>52.0599</Y>
        </End>
      </Segment>
      <Segment>
        <SegmentID>353</SegmentID>
        <SegStyle>Hatch1</SegStyle>
        <End>
          <X>-25.5363</X>
          <Y>54.2299</Y>
        </End>
      </Segment>
      <Segment>
        <SegmentID>354</SegmentID>
        <SegStyle>Hatch1</SegStyle>
        <End>
          <X>-25.4232</X>
          <Y>54.2299</Y>
        </End>
      </Segment>
      <Segment>
        <SegmentID>355</SegmentID>
        <SegStyle>Hatch1</SegStyle>
        <End>
          <X>-23.3663</X>
          <Y>52.173</Y>
        </End>
      </Segment>
      <Segment>
        <SegmentID>356</SegmentID>
        <SegStyle>Hatch1</SegStyle>
        <End>
          <X>-23.3663</X>
          <Y>52.2862</Y>
        </End>
      </Segment>
      <Segment>
        <SegmentID>357</SegmentID>
        <SegStyle>Hatch1</SegStyle>
        <End>
          <X>-25.31</X>
          <Y>54.2299</Y>
        </End>
      </Segment>
      <Segment>
        <SegmentID>358</SegmentID>
        <SegStyle>Hatch1</SegStyle>
        <End>
          <X>-25.1969</X>
          <Y>54.2299</Y>
        </End>
      </Segment>
      <Segment>
        <SegmentID>359</SegmentID>
        <SegStyle>Hatch1</SegStyle>
        <End>
          <X>-23.3663</X>
          <Y>52.3993</Y>
        </End>
      </Segment>
      <Segment>
        <SegmentID>360</SegmentID>
        <SegStyle>Hatch1</SegStyle>
        <End>
          <X>-23.3663</X>
          <Y>52.5125</Y>
        </End>
      </Segment>
      <Segment>
        <SegmentID>361</SegmentID>
        <SegStyle>Hatch1</SegStyle>
        <End>
          <X>-25.0837</X>
          <Y>54.2299</Y>
        </End>
      </Segment>
      <Segment>
        <SegmentID>362</SegmentID>
        <SegStyle>Hatch1</SegStyle>
        <End>
          <X>-24.9706</X>
          <Y>54.2299</Y>
        </End>
      </Segment>
      <Segment>
        <SegmentID>363</SegmentID>
        <SegStyle>Hatch1</SegStyle>
        <End>
          <X>-23.3663</X>
          <Y>52.6256</Y>
        </End>
      </Segment>
      <Segment>
        <SegmentID>364</SegmentID>
        <SegStyle>Hatch1</SegStyle>
        <End>
          <X>-23.3663</X>
          <Y>52.7387</Y>
        </End>
      </Segment>
      <Segment>
        <SegmentID>365</SegmentID>
        <SegStyle>Hatch1</SegStyle>
        <End>
          <X>-24.8575</X>
          <Y>54.2299</Y>
        </End>
      </Segment>
      <Segment>
        <SegmentID>366</SegmentID>
        <SegStyle>Hatch1</SegStyle>
        <End>
          <X>-24.7443</X>
          <Y>54.2299</Y>
        </End>
      </Segment>
      <Segment>
        <SegmentID>367</SegmentID>
        <SegStyle>Hatch1</SegStyle>
        <End>
          <X>-23.3663</X>
          <Y>52.8519</Y>
        </End>
      </Segment>
      <Segment>
        <SegmentID>368</SegmentID>
        <SegStyle>Hatch1</SegStyle>
        <End>
          <X>-23.3663</X>
          <Y>52.965</Y>
        </End>
      </Segment>
      <Segment>
        <SegmentID>369</SegmentID>
        <SegStyle>Hatch1</SegStyle>
        <End>
          <X>-24.6312</X>
          <Y>54.2299</Y>
        </End>
      </Segment>
      <Segment>
        <SegmentID>370</SegmentID>
        <SegStyle>Hatch1</SegStyle>
        <End>
          <X>-24.5181</X>
          <Y>54.2299</Y>
        </End>
      </Segment>
      <Segment>
        <SegmentID>371</SegmentID>
        <SegStyle>Hatch1</SegStyle>
        <End>
          <X>-23.3663</X>
          <Y>53.0781</Y>
        </End>
      </Segment>
      <Segment>
        <SegmentID>372</SegmentID>
        <SegStyle>Hatch1</SegStyle>
        <End>
          <X>-23.3663</X>
          <Y>53.1913</Y>
        </End>
      </Segment>
      <Segment>
        <SegmentID>373</SegmentID>
        <SegStyle>Hatch1</SegStyle>
        <End>
          <X>-24.4049</X>
          <Y>54.2299</Y>
        </End>
      </Segment>
      <Segment>
        <SegmentID>374</SegmentID>
        <SegStyle>Hatch1</SegStyle>
        <End>
          <X>-24.2918</X>
          <Y>54.2299</Y>
        </End>
      </Segment>
      <Segment>
        <SegmentID>375</SegmentID>
        <SegStyle>Hatch1</SegStyle>
        <End>
          <X>-23.3663</X>
          <Y>53.3044</Y>
        </End>
      </Segment>
      <Segment>
        <SegmentID>376</SegmentID>
        <SegStyle>Hatch1</SegStyle>
        <End>
          <X>-23.3663</X>
          <Y>53.4175</Y>
        </End>
      </Segment>
      <Segment>
        <SegmentID>377</SegmentID>
        <SegStyle>Hatch1</SegStyle>
        <End>
          <X>-24.1787</X>
          <Y>54.2299</Y>
        </End>
      </Segment>
      <Segment>
        <SegmentID>378</SegmentID>
        <SegStyle>Hatch1</SegStyle>
        <End>
          <X>-24.0655</X>
          <Y>54.2299</Y>
        </End>
      </Segment>
      <Segment>
        <SegmentID>379</SegmentID>
        <SegStyle>Hatch1</SegStyle>
        <End>
          <X>-23.3663</X>
          <Y>53.5307</Y>
        </End>
      </Segment>
      <Segment>
        <SegmentID>380</SegmentID>
        <SegStyle>Hatch1</SegStyle>
        <End>
          <X>-23.3663</X>
          <Y>53.6438</Y>
        </End>
      </Segment>
      <Segment>
        <SegmentID>381</SegmentID>
        <SegStyle>Hatch1</SegStyle>
        <End>
          <X>-23.9524</X>
          <Y>54.2299</Y>
        </End>
      </Segment>
      <Segment>
        <SegmentID>382</SegmentID>
        <SegStyle>Hatch1</SegStyle>
        <End>
          <X>-23.8393</X>
          <Y>54.2299</Y>
        </End>
      </Segment>
      <Segment>
        <SegmentID>383</SegmentID>
        <SegStyle>Hatch1</SegStyle>
        <End>
          <X>-23.3663</X>
          <Y>53.7569</Y>
        </End>
      </Segment>
      <Segment>
        <SegmentID>384</SegmentID>
        <SegStyle>Hatch1</SegStyle>
        <End>
          <X>-23.3663</X>
          <Y>53.8701</Y>
        </End>
      </Segment>
      <Segment>
        <SegmentID>385</SegmentID>
        <SegStyle>Hatch1</SegStyle>
        <End>
          <X>-23.7261</X>
          <Y>54.2299</Y>
        </End>
      </Segment>
      <Segment>
        <SegmentID>386</SegmentID>
        <SegStyle>Hatch1</SegStyle>
        <End>
          <X>-23.613</X>
          <Y>54.2299</Y>
        </End>
      </Segment>
      <Segment>
        <SegmentID>387</SegmentID>
        <SegStyle>Hatch1</SegStyle>
        <End>
          <X>-23.3663</X>
          <Y>53.9832</Y>
        </End>
      </Segment>
      <Segment>
        <SegmentID>388</SegmentID>
        <SegStyle>Hatch1</SegStyle>
        <End>
          <X>-23.3663</X>
          <Y>54.0964</Y>
        </End>
      </Segment>
      <Segment>
        <SegmentID>389</SegmentID>
        <SegStyle>Hatch1</SegStyle>
        <End>
          <X>-23.4998</X>
          <Y>54.2299</Y>
        </End>
      </Segment>
      <Segment>
        <SegmentID>390</SegmentID>
        <SegStyle>Hatch1</SegStyle>
        <End>
          <X>-23.3663</X>
          <Y>54.2095</Y>
        </End>
      </Segment>
      <Segment>
        <SegmentID>391</SegmentID>
        <SegStyle>Hatch1</SegStyle>
        <End>
          <X>-23.3867</X>
          <Y>54.2299</Y>
        </End>
      </Segment>
    </Path>
  </Trajectory>
</TrajectoryList>
</Layer>