<Layer><Header>
  <AmericaMakesSchemaVersion>2021-04-30</AmericaMakesSchemaVersion>
  <LayerNum>14</LayerNum>
  <LayerThickness>0.05</LayerThickness>
  <DosingFactor>1.75</DosingFactor>
</Header>
<VelocityProfileList>
  <VelocityProfile>
    <ID>0</ID>
    <Velocity>5000</Velocity>
    <Mode>Delay</Mode>
    <LaserOnDelay>500</LaserOnDelay>
    <LaserOffDelay>0</LaserOffDelay>
    <MarkDelay>0</MarkDelay>
    <PolygonDelay>0</PolygonDelay>
  </VelocityProfile>
  <VelocityProfile>
    <ID>1</ID>
    <Velocity>500</Velocity>
    <Mode>Delay</Mode>
    <LaserOnDelay>250</LaserOnDelay>
    <LaserOffDelay>0</LaserOffDelay>
    <MarkDelay>300</MarkDelay>
    <PolygonDelay>0</PolygonDelay>
  </VelocityProfile>
  <VelocityProfile>
    <ID>2</ID>
    <Velocity>250</Velocity>
    <Mode>Auto</Mode>
    <LaserOnDelay>0</LaserOnDelay>
    <LaserOffDelay>0</LaserOffDelay>
    <MarkDelay>0</MarkDelay>
    <PolygonDelay>0</PolygonDelay>
  </VelocityProfile>
</VelocityProfileList>
<SegmentStyleList>
  <SegmentStyle>
    <ID>Contour1</ID>
    <VelocityProfileID>2</VelocityProfileID>
    <LaserMode>Independent</LaserMode>
  </SegmentStyle>
  <Traveler>
    <ID>1</ID>
    <SyncDelay>0</SyncDelay>
    <Power>250</Power>
    <SpotSize>50</SpotSize>
  </Traveler>
  <SegmentStyle>
    <ID>Hatch1</ID>
    <VelocityProfileID>1</VelocityProfileID>
    <LaserMode>Independent</LaserMode>
  </SegmentStyle>
  <Traveler>
    <ID>1</ID>
    <SyncDelay>0</SyncDelay>
    <Power>300</Power>
    <SpotSize>50</SpotSize>
  </Traveler>
  <SegmentStyle>
    <ID>SupportContour</ID>
    <VelocityProfileID>2</VelocityProfileID>
    <LaserMode>Independent</LaserMode>
  </SegmentStyle>
  <Traveler>
    <ID>1</ID>
    <SyncDelay>0</SyncDelay>
    <Power>250</Power>
    <SpotSize>70</SpotSize>
  </Traveler>
</SegmentStyleList>
<TrajectoryList>
  <Trajectory>
    <TrajectoryID>0</TrajectoryID>
    <PathProcessingMode>sequential</PathProcessingMode>
    <Path>
      <Type>contour</Type>
      <Tag>part1</Tag>
      <NumSegments>40.0</NumSegments>
      <SkyWritingMode>0</SkyWritingMode>
      <Start>
        <X>-18.3127</X>
        <Y>54.5499</Y>
      </Start>
      <Segment>
        <SegmentID>1</SegmentID>
        <SegStyle>Contour1</SegStyle>
        <End>
          <X>-25.6635</X>
          <Y>54.5499</Y>
        </End>
      </Segment>
      <Segment>
        <SegmentID>2</SegmentID>
        <SegStyle>Contour1</SegStyle>
        <End>
          <X>-25.6635</X>
          <Y>42.13</Y>
        </End>
      </Segment>
      <Segment>
        <SegmentID>3</SegmentID>
        <SegStyle>Contour1</SegStyle>
        <End>
          <X>-18.3127</X>
          <Y>42.13</Y>
        </End>
      </Segment>
      <Segment>
        <SegmentID>4</SegmentID>
        <SegStyle>Contour1</SegStyle>
        <End>
          <X>-18.3127</X>
          <Y>54.5499</Y>
        </End>
      </Segment>
      <Segment>
        <SegmentID>5</SegmentID>
        <SegStyle>Contour1</SegStyle>
        <End>
          <X>-31.7555</X>
          <Y>54.5499</Y>
        </End>
      </Segment>
      <Segment>
        <SegmentID>6</SegmentID>
        <SegStyle>Contour1</SegStyle>
        <End>
          <X>-39.8049</X>
          <Y>54.5499</Y>
        </End>
      </Segment>
      <Segment>
        <SegmentID>7</SegmentID>
        <SegStyle>Contour1</SegStyle>
        <End>
          <X>-39.8049</X>
          <Y>42.13</Y>
        </End>
      </Segment>
      <Segment>
        <SegmentID>8</SegmentID>
        <SegStyle>Contour1</SegStyle>
        <End>
          <X>-31.7555</X>
          <Y>42.13</Y>
        </End>
      </Segment>
      <Segment>
        <SegmentID>9</SegmentID>
        <SegStyle>Contour1</SegStyle>
        <End>
          <X>-31.7555</X>
          <Y>54.5499</Y>
        </End>
      </Segment>
      <Segment>
        <SegmentID>10</SegmentID>
        <SegStyle>Contour1</SegStyle>
        <End>
          <X>-18.3927</X>
          <Y>54.4699</Y>
        </End>
      </Segment>
      <Segment>
        <SegmentID>11</SegmentID>
        <SegStyle>Contour1</SegStyle>
        <End>
          <X>-25.5835</X>
          <Y>54.4699</Y>
        </End>
      </Segment>
      <Segment>
        <SegmentID>12</SegmentID>
        <SegStyle>Contour1</SegStyle>
        <End>
          <X>-25.5835</X>
          <Y>42.21</Y>
        </End>
      </Segment>
      <Segment>
        <SegmentID>13</SegmentID>
        <SegStyle>Contour1</SegStyle>
        <End>
          <X>-18.3927</X>
          <Y>42.21</Y>
        </End>
      </Segment>
      <Segment>
        <SegmentID>14</SegmentID>
        <SegStyle>Contour1</SegStyle>
        <End>
          <X>-18.3927</X>
          <Y>54.4699</Y>
        </End>
      </Segment>
      <Segment>
        <SegmentID>15</SegmentID>
        <SegStyle>Contour1</SegStyle>
        <End>
          <X>-31.8355</X>
          <Y>54.4699</Y>
        </End>
      </Segment>
      <Segment>
        <SegmentID>16</SegmentID>
        <SegStyle>Contour1</SegStyle>
        <End>
          <X>-39.7249</X>
          <Y>54.4699</Y>
        </End>
      </Segment>
      <Segment>
        <SegmentID>17</SegmentID>
        <SegStyle>Contour1</SegStyle>
        <End>
          <X>-39.7249</X>
          <Y>42.21</Y>
        </End>
      </Segment>
      <Segment>
        <SegmentID>18</SegmentID>
        <SegStyle>Contour1</SegStyle>
        <End>
          <X>-31.8355</X>
          <Y>42.21</Y>
        </End>
      </Segment>
      <Segment>
        <SegmentID>19</SegmentID>
        <SegStyle>Contour1</SegStyle>
        <End>
          <X>-31.8355</X>
          <Y>54.4699</Y>
        </End>
      </Segment>
      <Segment>
        <SegmentID>20</SegmentID>
        <SegStyle>Contour1</SegStyle>
        <End>
          <X>-18.4727</X>
          <Y>54.3899</Y>
        </End>
      </Segment>
      <Segment>
        <SegmentID>21</SegmentID>
        <SegStyle>Contour1</SegStyle>
        <End>
          <X>-25.5035</X>
          <Y>54.3899</Y>
        </End>
      </Segment>
      <Segment>
        <SegmentID>22</SegmentID>
        <SegStyle>Contour1</SegStyle>
        <End>
          <X>-25.5035</X>
          <Y>42.29</Y>
        </End>
      </Segment>
      <Segment>
        <SegmentID>23</SegmentID>
        <SegStyle>Contour1</SegStyle>
        <End>
          <X>-18.4727</X>
          <Y>42.29</Y>
        </End>
      </Segment>
      <Segment>
        <SegmentID>24</SegmentID>
        <SegStyle>Contour1</SegStyle>
        <End>
          <X>-18.4727</X>
          <Y>54.3899</Y>
        </End>
      </Segment>
      <Segment>
        <SegmentID>25</SegmentID>
        <SegStyle>Contour1</SegStyle>
        <End>
          <X>-31.9155</X>
          <Y>54.3899</Y>
        </End>
      </Segment>
      <Segment>
        <SegmentID>26</SegmentID>
        <SegStyle>Contour1</SegStyle>
        <End>
          <X>-39.6449</X>
          <Y>54.3899</Y>
        </End>
      </Segment>
      <Segment>
        <SegmentID>27</SegmentID>
        <SegStyle>Contour1</SegStyle>
        <End>
          <X>-39.6449</X>
          <Y>42.29</Y>
        </End>
      </Segment>
      <Segment>
        <SegmentID>28</SegmentID>
        <SegStyle>Contour1</SegStyle>
        <End>
          <X>-31.9155</X>
          <Y>42.29</Y>
        </End>
      </Segment>
      <Segment>
        <SegmentID>29</SegmentID>
        <SegStyle>Contour1</SegStyle>
        <End>
          <X>-31.9155</X>
          <Y>54.3899</Y>
        </End>
      </Segment>
      <Segment>
        <SegmentID>30</SegmentID>
        <SegStyle>Contour1</SegStyle>
        <End>
          <X>-18.5527</X>
          <Y>54.3099</Y>
        </End>
      </Segment>
      <Segment>
        <SegmentID>31</SegmentID>
        <SegStyle>Contour1</SegStyle>
        <End>
          <X>-25.4235</X>
          <Y>54.3099</Y>
        </End>
      </Segment>
      <Segment>
        <SegmentID>32</SegmentID>
        <SegStyle>Contour1</SegStyle>
        <End>
          <X>-25.4235</X>
          <Y>42.37</Y>
        </End>
      </Segment>
      <Segment>
        <SegmentID>33</SegmentID>
        <SegStyle>Contour1</SegStyle>
        <End>
          <X>-18.5527</X>
          <Y>42.37</Y>
        </End>
      </Segment>
      <Segment>
        <SegmentID>34</SegmentID>
        <SegStyle>Contour1</SegStyle>
        <End>
          <X>-18.5527</X>
          <Y>54.3099</Y>
        </End>
      </Segment>
      <Segment>
        <SegmentID>35</SegmentID>
        <SegStyle>Contour1</SegStyle>
        <End>
          <X>-31.9955</X>
          <Y>54.3099</Y>
        </End>
      </Segment>
      <Segment>
        <SegmentID>36</SegmentID>
        <SegStyle>Contour1</SegStyle>
        <End>
          <X>-39.5649</X>
          <Y>54.3099</Y>
        </End>
      </Segment>
      <Segment>
        <SegmentID>37</SegmentID>
        <SegStyle>Contour1</SegStyle>
        <End>
          <X>-39.5649</X>
          <Y>42.37</Y>
        </End>
      </Segment>
      <Segment>
        <SegmentID>38</SegmentID>
        <SegStyle>Contour1</SegStyle>
        <End>
          <X>-31.9955</X>
          <Y>42.37</Y>
        </End>
      </Segment>
      <Segment>
        <SegmentID>39</SegmentID>
        <SegStyle>Contour1</SegStyle>
        <End>
          <X>-31.9955</X>
          <Y>54.3099</Y>
        </End>
      </Segment>
    </Path>
  </Trajectory>
  <Trajectory>
    <TrajectoryID>1</TrajectoryID>
    <PathProcessingMode>sequential</PathProcessingMode>
    <Path>
      <Type>hatch</Type>
      <Tag>part1</Tag>
      <NumSegments>470.0</NumSegments>
      <SkyWritingMode>0</SkyWritingMode>
      <Start>
        <X>-39.4702</X>
        <Y>42.45</Y>
      </Start>
      <Segment>
        <SegmentID>1</SegmentID>
        <SegStyle>Hatch1</SegStyle>
        <End>
          <X>-39.4849</X>
          <Y>42.5185</Y>
        </End>
      </Segment>
      <Segment>
        <SegmentID>2</SegmentID>
        <SegStyle>Hatch1</SegStyle>
        <End>
          <X>-39.4849</X>
          <Y>42.9002</Y>
        </End>
      </Segment>
      <Segment>
        <SegmentID>3</SegmentID>
        <SegStyle>Hatch1</SegStyle>
        <End>
          <X>-39.3884</X>
          <Y>42.45</Y>
        </End>
      </Segment>
      <Segment>
        <SegmentID>4</SegmentID>
        <SegStyle>Hatch1</SegStyle>
        <End>
          <X>-39.3065</X>
          <Y>42.45</Y>
        </End>
      </Segment>
      <Segment>
        <SegmentID>5</SegmentID>
        <SegStyle>Hatch1</SegStyle>
        <End>
          <X>-39.4849</X>
          <Y>43.282</Y>
        </End>
      </Segment>
      <Segment>
        <SegmentID>6</SegmentID>
        <SegStyle>Hatch1</SegStyle>
        <End>
          <X>-39.4849</X>
          <Y>43.6635</Y>
        </End>
      </Segment>
      <Segment>
        <SegmentID>7</SegmentID>
        <SegStyle>Hatch1</SegStyle>
        <End>
          <X>-39.2247</X>
          <Y>42.45</Y>
        </End>
      </Segment>
      <Segment>
        <SegmentID>8</SegmentID>
        <SegStyle>Hatch1</SegStyle>
        <End>
          <X>-39.1429</X>
          <Y>42.45</Y>
        </End>
      </Segment>
      <Segment>
        <SegmentID>9</SegmentID>
        <SegStyle>Hatch1</SegStyle>
        <End>
          <X>-39.4849</X>
          <Y>44.0451</Y>
        </End>
      </Segment>
      <Segment>
        <SegmentID>10</SegmentID>
        <SegStyle>Hatch1</SegStyle>
        <End>
          <X>-39.4849</X>
          <Y>44.4268</Y>
        </End>
      </Segment>
      <Segment>
        <SegmentID>11</SegmentID>
        <SegStyle>Hatch1</SegStyle>
        <End>
          <X>-39.0611</X>
          <Y>42.45</Y>
        </End>
      </Segment>
      <Segment>
        <SegmentID>12</SegmentID>
        <SegStyle>Hatch1</SegStyle>
        <End>
          <X>-38.9793</X>
          <Y>42.45</Y>
        </End>
      </Segment>
      <Segment>
        <SegmentID>13</SegmentID>
        <SegStyle>Hatch1</SegStyle>
        <End>
          <X>-39.4849</X>
          <Y>44.8086</Y>
        </End>
      </Segment>
      <Segment>
        <SegmentID>14</SegmentID>
        <SegStyle>Hatch1</SegStyle>
        <End>
          <X>-39.4849</X>
          <Y>45.1902</Y>
        </End>
      </Segment>
      <Segment>
        <SegmentID>15</SegmentID>
        <SegStyle>Hatch1</SegStyle>
        <End>
          <X>-38.8975</X>
          <Y>42.45</Y>
        </End>
      </Segment>
      <Segment>
        <SegmentID>16</SegmentID>
        <SegStyle>Hatch1</SegStyle>
        <End>
          <X>-38.8157</X>
          <Y>42.45</Y>
        </End>
      </Segment>
      <Segment>
        <SegmentID>17</SegmentID>
        <SegStyle>Hatch1</SegStyle>
        <End>
          <X>-39.4849</X>
          <Y>45.5717</Y>
        </End>
      </Segment>
      <Segment>
        <SegmentID>18</SegmentID>
        <SegStyle>Hatch1</SegStyle>
        <End>
          <X>-39.4849</X>
          <Y>45.9535</Y>
        </End>
      </Segment>
      <Segment>
        <SegmentID>19</SegmentID>
        <SegStyle>Hatch1</SegStyle>
        <End>
          <X>-38.7338</X>
          <Y>42.45</Y>
        </End>
      </Segment>
      <Segment>
        <SegmentID>20</SegmentID>
        <SegStyle>Hatch1</SegStyle>
        <End>
          <X>-38.652</X>
          <Y>42.45</Y>
        </End>
      </Segment>
      <Segment>
        <SegmentID>21</SegmentID>
        <SegStyle>Hatch1</SegStyle>
        <End>
          <X>-39.4849</X>
          <Y>46.335</Y>
        </End>
      </Segment>
      <Segment>
        <SegmentID>22</SegmentID>
        <SegStyle>Hatch1</SegStyle>
        <End>
          <X>-39.4849</X>
          <Y>46.7168</Y>
        </End>
      </Segment>
      <Segment>
        <SegmentID>23</SegmentID>
        <SegStyle>Hatch1</SegStyle>
        <End>
          <X>-38.5702</X>
          <Y>42.45</Y>
        </End>
      </Segment>
      <Segment>
        <SegmentID>24</SegmentID>
        <SegStyle>Hatch1</SegStyle>
        <End>
          <X>-38.4884</X>
          <Y>42.45</Y>
        </End>
      </Segment>
      <Segment>
        <SegmentID>25</SegmentID>
        <SegStyle>Hatch1</SegStyle>
        <End>
          <X>-39.4849</X>
          <Y>47.0983</Y>
        </End>
      </Segment>
      <Segment>
        <SegmentID>26</SegmentID>
        <SegStyle>Hatch1</SegStyle>
        <End>
          <X>-39.4849</X>
          <Y>47.4799</Y>
        </End>
      </Segment>
      <Segment>
        <SegmentID>27</SegmentID>
        <SegStyle>Hatch1</SegStyle>
        <End>
          <X>-38.4066</X>
          <Y>42.45</Y>
        </End>
      </Segment>
      <Segment>
        <SegmentID>28</SegmentID>
        <SegStyle>Hatch1</SegStyle>
        <End>
          <X>-38.3248</X>
          <Y>42.45</Y>
        </End>
      </Segment>
      <Segment>
        <SegmentID>29</SegmentID>
        <SegStyle>Hatch1</SegStyle>
        <End>
          <X>-39.4849</X>
          <Y>47.8617</Y>
        </End>
      </Segment>
      <Segment>
        <SegmentID>30</SegmentID>
        <SegStyle>Hatch1</SegStyle>
        <End>
          <X>-39.4849</X>
          <Y>48.2434</Y>
        </End>
      </Segment>
      <Segment>
        <SegmentID>31</SegmentID>
        <SegStyle>Hatch1</SegStyle>
        <End>
          <X>-38.2429</X>
          <Y>42.45</Y>
        </End>
      </Segment>
      <Segment>
        <SegmentID>32</SegmentID>
        <SegStyle>Hatch1</SegStyle>
        <End>
          <X>-38.1611</X>
          <Y>42.45</Y>
        </End>
      </Segment>
      <Segment>
        <SegmentID>33</SegmentID>
        <SegStyle>Hatch1</SegStyle>
        <End>
          <X>-39.4849</X>
          <Y>48.6249</Y>
        </End>
      </Segment>
      <Segment>
        <SegmentID>34</SegmentID>
        <SegStyle>Hatch1</SegStyle>
        <End>
          <X>-39.4849</X>
          <Y>49.0065</Y>
        </End>
      </Segment>
      <Segment>
        <SegmentID>35</SegmentID>
        <SegStyle>Hatch1</SegStyle>
        <End>
          <X>-38.0793</X>
          <Y>42.45</Y>
        </End>
      </Segment>
      <Segment>
        <SegmentID>36</SegmentID>
        <SegStyle>Hatch1</SegStyle>
        <End>
          <X>-37.9975</X>
          <Y>42.45</Y>
        </End>
      </Segment>
      <Segment>
        <SegmentID>37</SegmentID>
        <SegStyle>Hatch1</SegStyle>
        <End>
          <X>-39.4849</X>
          <Y>49.3883</Y>
        </End>
      </Segment>
      <Segment>
        <SegmentID>38</SegmentID>
        <SegStyle>Hatch1</SegStyle>
        <End>
          <X>-39.4849</X>
          <Y>49.7698</Y>
        </End>
      </Segment>
      <Segment>
        <SegmentID>39</SegmentID>
        <SegStyle>Hatch1</SegStyle>
        <End>
          <X>-37.9157</X>
          <Y>42.45</Y>
        </End>
      </Segment>
      <Segment>
        <SegmentID>40</SegmentID>
        <SegStyle>Hatch1</SegStyle>
        <End>
          <X>-37.8338</X>
          <Y>42.45</Y>
        </End>
      </Segment>
      <Segment>
        <SegmentID>41</SegmentID>
        <SegStyle>Hatch1</SegStyle>
        <End>
          <X>-39.4849</X>
          <Y>50.1516</Y>
        </End>
      </Segment>
      <Segment>
        <SegmentID>42</SegmentID>
        <SegStyle>Hatch1</SegStyle>
        <End>
          <X>-39.4849</X>
          <Y>50.5331</Y>
        </End>
      </Segment>
      <Segment>
        <SegmentID>43</SegmentID>
        <SegStyle>Hatch1</SegStyle>
        <End>
          <X>-37.752</X>
          <Y>42.45</Y>
        </End>
      </Segment>
      <Segment>
        <SegmentID>44</SegmentID>
        <SegStyle>Hatch1</SegStyle>
        <End>
          <X>-37.6702</X>
          <Y>42.45</Y>
        </End>
      </Segment>
      <Segment>
        <SegmentID>45</SegmentID>
        <SegStyle>Hatch1</SegStyle>
        <End>
          <X>-39.4849</X>
          <Y>50.9146</Y>
        </End>
      </Segment>
      <Segment>
        <SegmentID>46</SegmentID>
        <SegStyle>Hatch1</SegStyle>
        <End>
          <X>-39.4849</X>
          <Y>51.2965</Y>
        </End>
      </Segment>
      <Segment>
        <SegmentID>47</SegmentID>
        <SegStyle>Hatch1</SegStyle>
        <End>
          <X>-37.5884</X>
          <Y>42.45</Y>
        </End>
      </Segment>
      <Segment>
        <SegmentID>48</SegmentID>
        <SegStyle>Hatch1</SegStyle>
        <End>
          <X>-37.5065</X>
          <Y>42.45</Y>
        </End>
      </Segment>
      <Segment>
        <SegmentID>49</SegmentID>
        <SegStyle>Hatch1</SegStyle>
        <End>
          <X>-39.4849</X>
          <Y>51.6781</Y>
        </End>
      </Segment>
      <Segment>
        <SegmentID>50</SegmentID>
        <SegStyle>Hatch1</SegStyle>
        <End>
          <X>-39.4849</X>
          <Y>52.0597</Y>
        </End>
      </Segment>
      <Segment>
        <SegmentID>51</SegmentID>
        <SegStyle>Hatch1</SegStyle>
        <End>
          <X>-37.4247</X>
          <Y>42.45</Y>
        </End>
      </Segment>
      <Segment>
        <SegmentID>52</SegmentID>
        <SegStyle>Hatch1</SegStyle>
        <End>
          <X>-37.343</X>
          <Y>42.45</Y>
        </End>
      </Segment>
      <Segment>
        <SegmentID>53</SegmentID>
        <SegStyle>Hatch1</SegStyle>
        <End>
          <X>-39.4849</X>
          <Y>52.4412</Y>
        </End>
      </Segment>
      <Segment>
        <SegmentID>54</SegmentID>
        <SegStyle>Hatch1</SegStyle>
        <End>
          <X>-39.4849</X>
          <Y>52.8232</Y>
        </End>
      </Segment>
      <Segment>
        <SegmentID>55</SegmentID>
        <SegStyle>Hatch1</SegStyle>
        <End>
          <X>-37.2611</X>
          <Y>42.45</Y>
        </End>
      </Segment>
      <Segment>
        <SegmentID>56</SegmentID>
        <SegStyle>Hatch1</SegStyle>
        <End>
          <X>-37.1793</X>
          <Y>42.45</Y>
        </End>
      </Segment>
      <Segment>
        <SegmentID>57</SegmentID>
        <SegStyle>Hatch1</SegStyle>
        <End>
          <X>-39.4849</X>
          <Y>53.2047</Y>
        </End>
      </Segment>
      <Segment>
        <SegmentID>58</SegmentID>
        <SegStyle>Hatch1</SegStyle>
        <End>
          <X>-39.4849</X>
          <Y>53.5863</Y>
        </End>
      </Segment>
      <Segment>
        <SegmentID>59</SegmentID>
        <SegStyle>Hatch1</SegStyle>
        <End>
          <X>-37.0975</X>
          <Y>42.45</Y>
        </End>
      </Segment>
      <Segment>
        <SegmentID>60</SegmentID>
        <SegStyle>Hatch1</SegStyle>
        <End>
          <X>-37.0157</X>
          <Y>42.45</Y>
        </End>
      </Segment>
      <Segment>
        <SegmentID>61</SegmentID>
        <SegStyle>Hatch1</SegStyle>
        <End>
          <X>-39.4849</X>
          <Y>53.9679</Y>
        </End>
      </Segment>
      <Segment>
        <SegmentID>62</SegmentID>
        <SegStyle>Hatch1</SegStyle>
        <End>
          <X>-39.4593</X>
          <Y>54.2299</Y>
        </End>
      </Segment>
      <Segment>
        <SegmentID>63</SegmentID>
        <SegStyle>Hatch1</SegStyle>
        <End>
          <X>-36.9339</X>
          <Y>42.45</Y>
        </End>
      </Segment>
      <Segment>
        <SegmentID>64</SegmentID>
        <SegStyle>Hatch1</SegStyle>
        <End>
          <X>-36.8521</X>
          <Y>42.45</Y>
        </End>
      </Segment>
      <Segment>
        <SegmentID>65</SegmentID>
        <SegStyle>Hatch1</SegStyle>
        <End>
          <X>-39.3774</X>
          <Y>54.2299</Y>
        </End>
      </Segment>
      <Segment>
        <SegmentID>66</SegmentID>
        <SegStyle>Hatch1</SegStyle>
        <End>
          <X>-39.2956</X>
          <Y>54.2299</Y>
        </End>
      </Segment>
      <Segment>
        <SegmentID>67</SegmentID>
        <SegStyle>Hatch1</SegStyle>
        <End>
          <X>-36.7702</X>
          <Y>42.45</Y>
        </End>
      </Segment>
      <Segment>
        <SegmentID>68</SegmentID>
        <SegStyle>Hatch1</SegStyle>
        <End>
          <X>-36.6884</X>
          <Y>42.45</Y>
        </End>
      </Segment>
      <Segment>
        <SegmentID>69</SegmentID>
        <SegStyle>Hatch1</SegStyle>
        <End>
          <X>-39.2138</X>
          <Y>54.2299</Y>
        </End>
      </Segment>
      <Segment>
        <SegmentID>70</SegmentID>
        <SegStyle>Hatch1</SegStyle>
        <End>
          <X>-39.132</X>
          <Y>54.2299</Y>
        </End>
      </Segment>
      <Segment>
        <SegmentID>71</SegmentID>
        <SegStyle>Hatch1</SegStyle>
        <End>
          <X>-36.6066</X>
          <Y>42.45</Y>
        </End>
      </Segment>
      <Segment>
        <SegmentID>72</SegmentID>
        <SegStyle>Hatch1</SegStyle>
        <End>
          <X>-36.5248</X>
          <Y>42.45</Y>
        </End>
      </Segment>
      <Segment>
        <SegmentID>73</SegmentID>
        <SegStyle>Hatch1</SegStyle>
        <End>
          <X>-39.0501</X>
          <Y>54.2299</Y>
        </End>
      </Segment>
      <Segment>
        <SegmentID>74</SegmentID>
        <SegStyle>Hatch1</SegStyle>
        <End>
          <X>-38.9683</X>
          <Y>54.2299</Y>
        </End>
      </Segment>
      <Segment>
        <SegmentID>75</SegmentID>
        <SegStyle>Hatch1</SegStyle>
        <End>
          <X>-36.4429</X>
          <Y>42.45</Y>
        </End>
      </Segment>
      <Segment>
        <SegmentID>76</SegmentID>
        <SegStyle>Hatch1</SegStyle>
        <End>
          <X>-36.3611</X>
          <Y>42.45</Y>
        </End>
      </Segment>
      <Segment>
        <SegmentID>77</SegmentID>
        <SegStyle>Hatch1</SegStyle>
        <End>
          <X>-38.8865</X>
          <Y>54.2299</Y>
        </End>
      </Segment>
      <Segment>
        <SegmentID>78</SegmentID>
        <SegStyle>Hatch1</SegStyle>
        <End>
          <X>-38.8047</X>
          <Y>54.2299</Y>
        </End>
      </Segment>
      <Segment>
        <SegmentID>79</SegmentID>
        <SegStyle>Hatch1</SegStyle>
        <End>
          <X>-36.2793</X>
          <Y>42.45</Y>
        </End>
      </Segment>
      <Segment>
        <SegmentID>80</SegmentID>
        <SegStyle>Hatch1</SegStyle>
        <End>
          <X>-36.1975</X>
          <Y>42.45</Y>
        </End>
      </Segment>
      <Segment>
        <SegmentID>81</SegmentID>
        <SegStyle>Hatch1</SegStyle>
        <End>
          <X>-38.7228</X>
          <Y>54.2299</Y>
        </End>
      </Segment>
      <Segment>
        <SegmentID>82</SegmentID>
        <SegStyle>Hatch1</SegStyle>
        <End>
          <X>-38.6411</X>
          <Y>54.2299</Y>
        </End>
      </Segment>
      <Segment>
        <SegmentID>83</SegmentID>
        <SegStyle>Hatch1</SegStyle>
        <End>
          <X>-36.1157</X>
          <Y>42.45</Y>
        </End>
      </Segment>
      <Segment>
        <SegmentID>84</SegmentID>
        <SegStyle>Hatch1</SegStyle>
        <End>
          <X>-36.0338</X>
          <Y>42.45</Y>
        </End>
      </Segment>
      <Segment>
        <SegmentID>85</SegmentID>
        <SegStyle>Hatch1</SegStyle>
        <End>
          <X>-38.5592</X>
          <Y>54.2299</Y>
        </End>
      </Segment>
      <Segment>
        <SegmentID>86</SegmentID>
        <SegStyle>Hatch1</SegStyle>
        <End>
          <X>-38.4774</X>
          <Y>54.2299</Y>
        </End>
      </Segment>
      <Segment>
        <SegmentID>87</SegmentID>
        <SegStyle>Hatch1</SegStyle>
        <End>
          <X>-35.952</X>
          <Y>42.45</Y>
        </End>
      </Segment>
      <Segment>
        <SegmentID>88</SegmentID>
        <SegStyle>Hatch1</SegStyle>
        <End>
          <X>-35.8702</X>
          <Y>42.45</Y>
        </End>
      </Segment>
      <Segment>
        <SegmentID>89</SegmentID>
        <SegStyle>Hatch1</SegStyle>
        <End>
          <X>-38.3957</X>
          <Y>54.2299</Y>
        </End>
      </Segment>
      <Segment>
        <SegmentID>90</SegmentID>
        <SegStyle>Hatch1</SegStyle>
        <End>
          <X>-38.3138</X>
          <Y>54.2299</Y>
        </End>
      </Segment>
      <Segment>
        <SegmentID>91</SegmentID>
        <SegStyle>Hatch1</SegStyle>
        <End>
          <X>-35.7884</X>
          <Y>42.45</Y>
        </End>
      </Segment>
      <Segment>
        <SegmentID>92</SegmentID>
        <SegStyle>Hatch1</SegStyle>
        <End>
          <X>-35.7065</X>
          <Y>42.45</Y>
        </End>
      </Segment>
      <Segment>
        <SegmentID>93</SegmentID>
        <SegStyle>Hatch1</SegStyle>
        <End>
          <X>-38.232</X>
          <Y>54.2299</Y>
        </End>
      </Segment>
      <Segment>
        <SegmentID>94</SegmentID>
        <SegStyle>Hatch1</SegStyle>
        <End>
          <X>-38.1502</X>
          <Y>54.2299</Y>
        </End>
      </Segment>
      <Segment>
        <SegmentID>95</SegmentID>
        <SegStyle>Hatch1</SegStyle>
        <End>
          <X>-35.6248</X>
          <Y>42.45</Y>
        </End>
      </Segment>
      <Segment>
        <SegmentID>96</SegmentID>
        <SegStyle>Hatch1</SegStyle>
        <End>
          <X>-35.543</X>
          <Y>42.45</Y>
        </End>
      </Segment>
      <Segment>
        <SegmentID>97</SegmentID>
        <SegStyle>Hatch1</SegStyle>
        <End>
          <X>-38.0684</X>
          <Y>54.2299</Y>
        </End>
      </Segment>
      <Segment>
        <SegmentID>98</SegmentID>
        <SegStyle>Hatch1</SegStyle>
        <End>
          <X>-37.9865</X>
          <Y>54.2299</Y>
        </End>
      </Segment>
      <Segment>
        <SegmentID>99</SegmentID>
        <SegStyle>Hatch1</SegStyle>
        <End>
          <X>-35.4611</X>
          <Y>42.45</Y>
        </End>
      </Segment>
      <Segment>
        <SegmentID>100</SegmentID>
        <SegStyle>Hatch1</SegStyle>
        <End>
          <X>-35.3793</X>
          <Y>42.45</Y>
        </End>
      </Segment>
      <Segment>
        <SegmentID>101</SegmentID>
        <SegStyle>Hatch1</SegStyle>
        <End>
          <X>-37.9047</X>
          <Y>54.2299</Y>
        </End>
      </Segment>
      <Segment>
        <SegmentID>102</SegmentID>
        <SegStyle>Hatch1</SegStyle>
        <End>
          <X>-37.8229</X>
          <Y>54.2299</Y>
        </End>
      </Segment>
      <Segment>
        <SegmentID>103</SegmentID>
        <SegStyle>Hatch1</SegStyle>
        <End>
          <X>-35.2975</X>
          <Y>42.45</Y>
        </End>
      </Segment>
      <Segment>
        <SegmentID>104</SegmentID>
        <SegStyle>Hatch1</SegStyle>
        <End>
          <X>-35.2157</X>
          <Y>42.45</Y>
        </End>
      </Segment>
      <Segment>
        <SegmentID>105</SegmentID>
        <SegStyle>Hatch1</SegStyle>
        <End>
          <X>-37.7411</X>
          <Y>54.2299</Y>
        </End>
      </Segment>
      <Segment>
        <SegmentID>106</SegmentID>
        <SegStyle>Hatch1</SegStyle>
        <End>
          <X>-37.6593</X>
          <Y>54.2299</Y>
        </End>
      </Segment>
      <Segment>
        <SegmentID>107</SegmentID>
        <SegStyle>Hatch1</SegStyle>
        <End>
          <X>-35.1339</X>
          <Y>42.45</Y>
        </End>
      </Segment>
      <Segment>
        <SegmentID>108</SegmentID>
        <SegStyle>Hatch1</SegStyle>
        <End>
          <X>-35.0521</X>
          <Y>42.45</Y>
        </End>
      </Segment>
      <Segment>
        <SegmentID>109</SegmentID>
        <SegStyle>Hatch1</SegStyle>
        <End>
          <X>-37.5774</X>
          <Y>54.2299</Y>
        </End>
      </Segment>
      <Segment>
        <SegmentID>110</SegmentID>
        <SegStyle>Hatch1</SegStyle>
        <End>
          <X>-37.4956</X>
          <Y>54.2299</Y>
        </End>
      </Segment>
      <Segment>
        <SegmentID>111</SegmentID>
        <SegStyle>Hatch1</SegStyle>
        <End>
          <X>-34.9702</X>
          <Y>42.45</Y>
        </End>
      </Segment>
      <Segment>
        <SegmentID>112</SegmentID>
        <SegStyle>Hatch1</SegStyle>
        <End>
          <X>-34.8884</X>
          <Y>42.45</Y>
        </End>
      </Segment>
      <Segment>
        <SegmentID>113</SegmentID>
        <SegStyle>Hatch1</SegStyle>
        <End>
          <X>-37.4138</X>
          <Y>54.2299</Y>
        </End>
      </Segment>
      <Segment>
        <SegmentID>114</SegmentID>
        <SegStyle>Hatch1</SegStyle>
        <End>
          <X>-37.332</X>
          <Y>54.2299</Y>
        </End>
      </Segment>
      <Segment>
        <SegmentID>115</SegmentID>
        <SegStyle>Hatch1</SegStyle>
        <End>
          <X>-34.8066</X>
          <Y>42.45</Y>
        </End>
      </Segment>
      <Segment>
        <SegmentID>116</SegmentID>
        <SegStyle>Hatch1</SegStyle>
        <End>
          <X>-34.7248</X>
          <Y>42.45</Y>
        </End>
      </Segment>
      <Segment>
        <SegmentID>117</SegmentID>
        <SegStyle>Hatch1</SegStyle>
        <End>
          <X>-37.2501</X>
          <Y>54.2299</Y>
        </End>
      </Segment>
      <Segment>
        <SegmentID>118</SegmentID>
        <SegStyle>Hatch1</SegStyle>
        <End>
          <X>-37.1683</X>
          <Y>54.2299</Y>
        </End>
      </Segment>
      <Segment>
        <SegmentID>119</SegmentID>
        <SegStyle>Hatch1</SegStyle>
        <End>
          <X>-34.643</X>
          <Y>42.45</Y>
        </End>
      </Segment>
      <Segment>
        <SegmentID>120</SegmentID>
        <SegStyle>Hatch1</SegStyle>
        <End>
          <X>-34.5611</X>
          <Y>42.45</Y>
        </End>
      </Segment>
      <Segment>
        <SegmentID>121</SegmentID>
        <SegStyle>Hatch1</SegStyle>
        <End>
          <X>-37.0865</X>
          <Y>54.2299</Y>
        </End>
      </Segment>
      <Segment>
        <SegmentID>122</SegmentID>
        <SegStyle>Hatch1</SegStyle>
        <End>
          <X>-37.0047</X>
          <Y>54.2299</Y>
        </End>
      </Segment>
      <Segment>
        <SegmentID>123</SegmentID>
        <SegStyle>Hatch1</SegStyle>
        <End>
          <X>-34.4793</X>
          <Y>42.45</Y>
        </End>
      </Segment>
      <Segment>
        <SegmentID>124</SegmentID>
        <SegStyle>Hatch1</SegStyle>
        <End>
          <X>-34.3975</X>
          <Y>42.45</Y>
        </End>
      </Segment>
      <Segment>
        <SegmentID>125</SegmentID>
        <SegStyle>Hatch1</SegStyle>
        <End>
          <X>-36.9229</X>
          <Y>54.2299</Y>
        </End>
      </Segment>
      <Segment>
        <SegmentID>126</SegmentID>
        <SegStyle>Hatch1</SegStyle>
        <End>
          <X>-36.8411</X>
          <Y>54.2299</Y>
        </End>
      </Segment>
      <Segment>
        <SegmentID>127</SegmentID>
        <SegStyle>Hatch1</SegStyle>
        <End>
          <X>-34.3157</X>
          <Y>42.45</Y>
        </End>
      </Segment>
      <Segment>
        <SegmentID>128</SegmentID>
        <SegStyle>Hatch1</SegStyle>
        <End>
          <X>-34.2338</X>
          <Y>42.45</Y>
        </End>
      </Segment>
      <Segment>
        <SegmentID>129</SegmentID>
        <SegStyle>Hatch1</SegStyle>
        <End>
          <X>-36.7592</X>
          <Y>54.2299</Y>
        </End>
      </Segment>
      <Segment>
        <SegmentID>130</SegmentID>
        <SegStyle>Hatch1</SegStyle>
        <End>
          <X>-36.6774</X>
          <Y>54.2299</Y>
        </End>
      </Segment>
      <Segment>
        <SegmentID>131</SegmentID>
        <SegStyle>Hatch1</SegStyle>
        <End>
          <X>-34.152</X>
          <Y>42.45</Y>
        </End>
      </Segment>
      <Segment>
        <SegmentID>132</SegmentID>
        <SegStyle>Hatch1</SegStyle>
        <End>
          <X>-34.0702</X>
          <Y>42.45</Y>
        </End>
      </Segment>
      <Segment>
        <SegmentID>133</SegmentID>
        <SegStyle>Hatch1</SegStyle>
        <End>
          <X>-36.5956</X>
          <Y>54.2299</Y>
        </End>
      </Segment>
      <Segment>
        <SegmentID>134</SegmentID>
        <SegStyle>Hatch1</SegStyle>
        <End>
          <X>-36.5138</X>
          <Y>54.2299</Y>
        </End>
      </Segment>
      <Segment>
        <SegmentID>135</SegmentID>
        <SegStyle>Hatch1</SegStyle>
        <End>
          <X>-33.9884</X>
          <Y>42.45</Y>
        </End>
      </Segment>
      <Segment>
        <SegmentID>136</SegmentID>
        <SegStyle>Hatch1</SegStyle>
        <End>
          <X>-33.9066</X>
          <Y>42.45</Y>
        </End>
      </Segment>
      <Segment>
        <SegmentID>137</SegmentID>
        <SegStyle>Hatch1</SegStyle>
        <End>
          <X>-36.432</X>
          <Y>54.2299</Y>
        </End>
      </Segment>
      <Segment>
        <SegmentID>138</SegmentID>
        <SegStyle>Hatch1</SegStyle>
        <End>
          <X>-36.3502</X>
          <Y>54.2299</Y>
        </End>
      </Segment>
      <Segment>
        <SegmentID>139</SegmentID>
        <SegStyle>Hatch1</SegStyle>
        <End>
          <X>-33.8248</X>
          <Y>42.45</Y>
        </End>
      </Segment>
      <Segment>
        <SegmentID>140</SegmentID>
        <SegStyle>Hatch1</SegStyle>
        <End>
          <X>-33.743</X>
          <Y>42.45</Y>
        </End>
      </Segment>
      <Segment>
        <SegmentID>141</SegmentID>
        <SegStyle>Hatch1</SegStyle>
        <End>
          <X>-36.2684</X>
          <Y>54.2299</Y>
        </End>
      </Segment>
      <Segment>
        <SegmentID>142</SegmentID>
        <SegStyle>Hatch1</SegStyle>
        <End>
          <X>-36.1865</X>
          <Y>54.2299</Y>
        </End>
      </Segment>
      <Segment>
        <SegmentID>143</SegmentID>
        <SegStyle>Hatch1</SegStyle>
        <End>
          <X>-33.6611</X>
          <Y>42.45</Y>
        </End>
      </Segment>
      <Segment>
        <SegmentID>144</SegmentID>
        <SegStyle>Hatch1</SegStyle>
        <End>
          <X>-33.5793</X>
          <Y>42.45</Y>
        </End>
      </Segment>
      <Segment>
        <SegmentID>145</SegmentID>
        <SegStyle>Hatch1</SegStyle>
        <End>
          <X>-36.1047</X>
          <Y>54.2299</Y>
        </End>
      </Segment>
      <Segment>
        <SegmentID>146</SegmentID>
        <SegStyle>Hatch1</SegStyle>
        <End>
          <X>-36.0229</X>
          <Y>54.2299</Y>
        </End>
      </Segment>
      <Segment>
        <SegmentID>147</SegmentID>
        <SegStyle>Hatch1</SegStyle>
        <End>
          <X>-33.4975</X>
          <Y>42.45</Y>
        </End>
      </Segment>
      <Segment>
        <SegmentID>148</SegmentID>
        <SegStyle>Hatch1</SegStyle>
        <End>
          <X>-33.4157</X>
          <Y>42.45</Y>
        </End>
      </Segment>
      <Segment>
        <SegmentID>149</SegmentID>
        <SegStyle>Hatch1</SegStyle>
        <End>
          <X>-35.9411</X>
          <Y>54.2299</Y>
        </End>
      </Segment>
      <Segment>
        <SegmentID>150</SegmentID>
        <SegStyle>Hatch1</SegStyle>
        <End>
          <X>-35.8593</X>
          <Y>54.2299</Y>
        </End>
      </Segment>
      <Segment>
        <SegmentID>151</SegmentID>
        <SegStyle>Hatch1</SegStyle>
        <End>
          <X>-33.3339</X>
          <Y>42.45</Y>
        </End>
      </Segment>
      <Segment>
        <SegmentID>152</SegmentID>
        <SegStyle>Hatch1</SegStyle>
        <End>
          <X>-33.2521</X>
          <Y>42.45</Y>
        </End>
      </Segment>
      <Segment>
        <SegmentID>153</SegmentID>
        <SegStyle>Hatch1</SegStyle>
        <End>
          <X>-35.7774</X>
          <Y>54.2299</Y>
        </End>
      </Segment>
      <Segment>
        <SegmentID>154</SegmentID>
        <SegStyle>Hatch1</SegStyle>
        <End>
          <X>-35.6956</X>
          <Y>54.2299</Y>
        </End>
      </Segment>
      <Segment>
        <SegmentID>155</SegmentID>
        <SegStyle>Hatch1</SegStyle>
        <End>
          <X>-33.1702</X>
          <Y>42.45</Y>
        </End>
      </Segment>
      <Segment>
        <SegmentID>156</SegmentID>
        <SegStyle>Hatch1</SegStyle>
        <End>
          <X>-33.0884</X>
          <Y>42.45</Y>
        </End>
      </Segment>
      <Segment>
        <SegmentID>157</SegmentID>
        <SegStyle>Hatch1</SegStyle>
        <End>
          <X>-35.6138</X>
          <Y>54.2299</Y>
        </End>
      </Segment>
      <Segment>
        <SegmentID>158</SegmentID>
        <SegStyle>Hatch1</SegStyle>
        <End>
          <X>-35.532</X>
          <Y>54.2299</Y>
        </End>
      </Segment>
      <Segment>
        <SegmentID>159</SegmentID>
        <SegStyle>Hatch1</SegStyle>
        <End>
          <X>-33.0066</X>
          <Y>42.45</Y>
        </End>
      </Segment>
      <Segment>
        <SegmentID>160</SegmentID>
        <SegStyle>Hatch1</SegStyle>
        <End>
          <X>-32.9248</X>
          <Y>42.45</Y>
        </End>
      </Segment>
      <Segment>
        <SegmentID>161</SegmentID>
        <SegStyle>Hatch1</SegStyle>
        <End>
          <X>-35.4501</X>
          <Y>54.2299</Y>
        </End>
      </Segment>
      <Segment>
        <SegmentID>162</SegmentID>
        <SegStyle>Hatch1</SegStyle>
        <End>
          <X>-35.3683</X>
          <Y>54.2299</Y>
        </End>
      </Segment>
      <Segment>
        <SegmentID>163</SegmentID>
        <SegStyle>Hatch1</SegStyle>
        <End>
          <X>-32.843</X>
          <Y>42.45</Y>
        </End>
      </Segment>
      <Segment>
        <SegmentID>164</SegmentID>
        <SegStyle>Hatch1</SegStyle>
        <End>
          <X>-32.7611</X>
          <Y>42.45</Y>
        </End>
      </Segment>
      <Segment>
        <SegmentID>165</SegmentID>
        <SegStyle>Hatch1</SegStyle>
        <End>
          <X>-35.2865</X>
          <Y>54.2299</Y>
        </End>
      </Segment>
      <Segment>
        <SegmentID>166</SegmentID>
        <SegStyle>Hatch1</SegStyle>
        <End>
          <X>-35.2047</X>
          <Y>54.2299</Y>
        </End>
      </Segment>
      <Segment>
        <SegmentID>167</SegmentID>
        <SegStyle>Hatch1</SegStyle>
        <End>
          <X>-32.6793</X>
          <Y>42.45</Y>
        </End>
      </Segment>
      <Segment>
        <SegmentID>168</SegmentID>
        <SegStyle>Hatch1</SegStyle>
        <End>
          <X>-32.5975</X>
          <Y>42.45</Y>
        </End>
      </Segment>
      <Segment>
        <SegmentID>169</SegmentID>
        <SegStyle>Hatch1</SegStyle>
        <End>
          <X>-35.1229</X>
          <Y>54.2299</Y>
        </End>
      </Segment>
      <Segment>
        <SegmentID>170</SegmentID>
        <SegStyle>Hatch1</SegStyle>
        <End>
          <X>-35.0411</X>
          <Y>54.2299</Y>
        </End>
      </Segment>
      <Segment>
        <SegmentID>171</SegmentID>
        <SegStyle>Hatch1</SegStyle>
        <End>
          <X>-32.5157</X>
          <Y>42.45</Y>
        </End>
      </Segment>
      <Segment>
        <SegmentID>172</SegmentID>
        <SegStyle>Hatch1</SegStyle>
        <End>
          <X>-32.4338</X>
          <Y>42.45</Y>
        </End>
      </Segment>
      <Segment>
        <SegmentID>173</SegmentID>
        <SegStyle>Hatch1</SegStyle>
        <End>
          <X>-34.9592</X>
          <Y>54.2299</Y>
        </End>
      </Segment>
      <Segment>
        <SegmentID>174</SegmentID>
        <SegStyle>Hatch1</SegStyle>
        <End>
          <X>-34.8775</X>
          <Y>54.2299</Y>
        </End>
      </Segment>
      <Segment>
        <SegmentID>175</SegmentID>
        <SegStyle>Hatch1</SegStyle>
        <End>
          <X>-32.352</X>
          <Y>42.45</Y>
        </End>
      </Segment>
      <Segment>
        <SegmentID>176</SegmentID>
        <SegStyle>Hatch1</SegStyle>
        <End>
          <X>-32.2703</X>
          <Y>42.45</Y>
        </End>
      </Segment>
      <Segment>
        <SegmentID>177</SegmentID>
        <SegStyle>Hatch1</SegStyle>
        <End>
          <X>-34.7957</X>
          <Y>54.2299</Y>
        </End>
      </Segment>
      <Segment>
        <SegmentID>178</SegmentID>
        <SegStyle>Hatch1</SegStyle>
        <End>
          <X>-34.7138</X>
          <Y>54.2299</Y>
        </End>
      </Segment>
      <Segment>
        <SegmentID>179</SegmentID>
        <SegStyle>Hatch1</SegStyle>
        <End>
          <X>-32.1884</X>
          <Y>42.45</Y>
        </End>
      </Segment>
      <Segment>
        <SegmentID>180</SegmentID>
        <SegStyle>Hatch1</SegStyle>
        <End>
          <X>-32.1066</X>
          <Y>42.45</Y>
        </End>
      </Segment>
      <Segment>
        <SegmentID>181</SegmentID>
        <SegStyle>Hatch1</SegStyle>
        <End>
          <X>-34.632</X>
          <Y>54.2299</Y>
        </End>
      </Segment>
      <Segment>
        <SegmentID>182</SegmentID>
        <SegStyle>Hatch1</SegStyle>
        <End>
          <X>-34.5502</X>
          <Y>54.2299</Y>
        </End>
      </Segment>
      <Segment>
        <SegmentID>183</SegmentID>
        <SegStyle>Hatch1</SegStyle>
        <End>
          <X>-32.0755</X>
          <Y>42.6866</Y>
        </End>
      </Segment>
      <Segment>
        <SegmentID>184</SegmentID>
        <SegStyle>Hatch1</SegStyle>
        <End>
          <X>-32.0755</X>
          <Y>43.0682</Y>
        </End>
      </Segment>
      <Segment>
        <SegmentID>185</SegmentID>
        <SegStyle>Hatch1</SegStyle>
        <End>
          <X>-34.4684</X>
          <Y>54.2299</Y>
        </End>
      </Segment>
      <Segment>
        <SegmentID>186</SegmentID>
        <SegStyle>Hatch1</SegStyle>
        <End>
          <X>-34.3866</X>
          <Y>54.2299</Y>
        </End>
      </Segment>
      <Segment>
        <SegmentID>187</SegmentID>
        <SegStyle>Hatch1</SegStyle>
        <End>
          <X>-32.0755</X>
          <Y>43.4497</Y>
        </End>
      </Segment>
      <Segment>
        <SegmentID>188</SegmentID>
        <SegStyle>Hatch1</SegStyle>
        <End>
          <X>-32.0755</X>
          <Y>43.8314</Y>
        </End>
      </Segment>
      <Segment>
        <SegmentID>189</SegmentID>
        <SegStyle>Hatch1</SegStyle>
        <End>
          <X>-34.3047</X>
          <Y>54.2299</Y>
        </End>
      </Segment>
      <Segment>
        <SegmentID>190</SegmentID>
        <SegStyle>Hatch1</SegStyle>
        <End>
          <X>-34.2229</X>
          <Y>54.2299</Y>
        </End>
      </Segment>
      <Segment>
        <SegmentID>191</SegmentID>
        <SegStyle>Hatch1</SegStyle>
        <End>
          <X>-32.0755</X>
          <Y>44.2133</Y>
        </End>
      </Segment>
      <Segment>
        <SegmentID>192</SegmentID>
        <SegStyle>Hatch1</SegStyle>
        <End>
          <X>-32.0755</X>
          <Y>44.5948</Y>
        </End>
      </Segment>
      <Segment>
        <SegmentID>193</SegmentID>
        <SegStyle>Hatch1</SegStyle>
        <End>
          <X>-34.1411</X>
          <Y>54.2299</Y>
        </End>
      </Segment>
      <Segment>
        <SegmentID>194</SegmentID>
        <SegStyle>Hatch1</SegStyle>
        <End>
          <X>-34.0593</X>
          <Y>54.2299</Y>
        </End>
      </Segment>
      <Segment>
        <SegmentID>195</SegmentID>
        <SegStyle>Hatch1</SegStyle>
        <End>
          <X>-32.0755</X>
          <Y>44.9763</Y>
        </End>
      </Segment>
      <Segment>
        <SegmentID>196</SegmentID>
        <SegStyle>Hatch1</SegStyle>
        <End>
          <X>-32.0755</X>
          <Y>45.358</Y>
        </End>
      </Segment>
      <Segment>
        <SegmentID>197</SegmentID>
        <SegStyle>Hatch1</SegStyle>
        <End>
          <X>-33.9774</X>
          <Y>54.2299</Y>
        </End>
      </Segment>
      <Segment>
        <SegmentID>198</SegmentID>
        <SegStyle>Hatch1</SegStyle>
        <End>
          <X>-33.8956</X>
          <Y>54.2299</Y>
        </End>
      </Segment>
      <Segment>
        <SegmentID>199</SegmentID>
        <SegStyle>Hatch1</SegStyle>
        <End>
          <X>-32.0755</X>
          <Y>45.7399</Y>
        </End>
      </Segment>
      <Segment>
        <SegmentID>200</SegmentID>
        <SegStyle>Hatch1</SegStyle>
        <End>
          <X>-32.0755</X>
          <Y>46.1214</Y>
        </End>
      </Segment>
      <Segment>
        <SegmentID>201</SegmentID>
        <SegStyle>Hatch1</SegStyle>
        <End>
          <X>-33.8138</X>
          <Y>54.2299</Y>
        </End>
      </Segment>
      <Segment>
        <SegmentID>202</SegmentID>
        <SegStyle>Hatch1</SegStyle>
        <End>
          <X>-33.732</X>
          <Y>54.2299</Y>
        </End>
      </Segment>
      <Segment>
        <SegmentID>203</SegmentID>
        <SegStyle>Hatch1</SegStyle>
        <End>
          <X>-32.0755</X>
          <Y>46.5029</Y>
        </End>
      </Segment>
      <Segment>
        <SegmentID>204</SegmentID>
        <SegStyle>Hatch1</SegStyle>
        <End>
          <X>-32.0755</X>
          <Y>46.8847</Y>
        </End>
      </Segment>
      <Segment>
        <SegmentID>205</SegmentID>
        <SegStyle>Hatch1</SegStyle>
        <End>
          <X>-33.6501</X>
          <Y>54.2299</Y>
        </End>
      </Segment>
      <Segment>
        <SegmentID>206</SegmentID>
        <SegStyle>Hatch1</SegStyle>
        <End>
          <X>-33.5684</X>
          <Y>54.2299</Y>
        </End>
      </Segment>
      <Segment>
        <SegmentID>207</SegmentID>
        <SegStyle>Hatch1</SegStyle>
        <End>
          <X>-32.0755</X>
          <Y>47.2662</Y>
        </End>
      </Segment>
      <Segment>
        <SegmentID>208</SegmentID>
        <SegStyle>Hatch1</SegStyle>
        <End>
          <X>-32.0755</X>
          <Y>47.648</Y>
        </End>
      </Segment>
      <Segment>
        <SegmentID>209</SegmentID>
        <SegStyle>Hatch1</SegStyle>
        <End>
          <X>-33.4865</X>
          <Y>54.2299</Y>
        </End>
      </Segment>
      <Segment>
        <SegmentID>210</SegmentID>
        <SegStyle>Hatch1</SegStyle>
        <End>
          <X>-33.4047</X>
          <Y>54.2299</Y>
        </End>
      </Segment>
      <Segment>
        <SegmentID>211</SegmentID>
        <SegStyle>Hatch1</SegStyle>
        <End>
          <X>-32.0755</X>
          <Y>48.0296</Y>
        </End>
      </Segment>
      <Segment>
        <SegmentID>212</SegmentID>
        <SegStyle>Hatch1</SegStyle>
        <End>
          <X>-32.0755</X>
          <Y>48.4111</Y>
        </End>
      </Segment>
      <Segment>
        <SegmentID>213</SegmentID>
        <SegStyle>Hatch1</SegStyle>
        <End>
          <X>-33.323</X>
          <Y>54.2299</Y>
        </End>
      </Segment>
      <Segment>
        <SegmentID>214</SegmentID>
        <SegStyle>Hatch1</SegStyle>
        <End>
          <X>-33.2411</X>
          <Y>54.2299</Y>
        </End>
      </Segment>
      <Segment>
        <SegmentID>215</SegmentID>
        <SegStyle>Hatch1</SegStyle>
        <End>
          <X>-32.0755</X>
          <Y>48.7929</Y>
        </End>
      </Segment>
      <Segment>
        <SegmentID>216</SegmentID>
        <SegStyle>Hatch1</SegStyle>
        <End>
          <X>-32.0755</X>
          <Y>49.1746</Y>
        </End>
      </Segment>
      <Segment>
        <SegmentID>217</SegmentID>
        <SegStyle>Hatch1</SegStyle>
        <End>
          <X>-33.1593</X>
          <Y>54.2299</Y>
        </End>
      </Segment>
      <Segment>
        <SegmentID>218</SegmentID>
        <SegStyle>Hatch1</SegStyle>
        <End>
          <X>-33.0775</X>
          <Y>54.2299</Y>
        </End>
      </Segment>
      <Segment>
        <SegmentID>219</SegmentID>
        <SegStyle>Hatch1</SegStyle>
        <End>
          <X>-32.0755</X>
          <Y>49.5562</Y>
        </End>
      </Segment>
      <Segment>
        <SegmentID>220</SegmentID>
        <SegStyle>Hatch1</SegStyle>
        <End>
          <X>-32.0755</X>
          <Y>49.9377</Y>
        </End>
      </Segment>
      <Segment>
        <SegmentID>221</SegmentID>
        <SegStyle>Hatch1</SegStyle>
        <End>
          <X>-32.9957</X>
          <Y>54.2299</Y>
        </End>
      </Segment>
      <Segment>
        <SegmentID>222</SegmentID>
        <SegStyle>Hatch1</SegStyle>
        <End>
          <X>-32.9138</X>
          <Y>54.2299</Y>
        </End>
      </Segment>
      <Segment>
        <SegmentID>223</SegmentID>
        <SegStyle>Hatch1</SegStyle>
        <End>
          <X>-32.0755</X>
          <Y>50.3195</Y>
        </End>
      </Segment>
      <Segment>
        <SegmentID>224</SegmentID>
        <SegStyle>Hatch1</SegStyle>
        <End>
          <X>-32.0755</X>
          <Y>50.7011</Y>
        </End>
      </Segment>
      <Segment>
        <SegmentID>225</SegmentID>
        <SegStyle>Hatch1</SegStyle>
        <End>
          <X>-32.832</X>
          <Y>54.2299</Y>
        </End>
      </Segment>
      <Segment>
        <SegmentID>226</SegmentID>
        <SegStyle>Hatch1</SegStyle>
        <End>
          <X>-32.7502</X>
          <Y>54.2299</Y>
        </End>
      </Segment>
      <Segment>
        <SegmentID>227</SegmentID>
        <SegStyle>Hatch1</SegStyle>
        <End>
          <X>-32.0755</X>
          <Y>51.0828</Y>
        </End>
      </Segment>
      <Segment>
        <SegmentID>228</SegmentID>
        <SegStyle>Hatch1</SegStyle>
        <End>
          <X>-32.0755</X>
          <Y>51.4643</Y>
        </End>
      </Segment>
      <Segment>
        <SegmentID>229</SegmentID>
        <SegStyle>Hatch1</SegStyle>
        <End>
          <X>-32.6684</X>
          <Y>54.2299</Y>
        </End>
      </Segment>
      <Segment>
        <SegmentID>230</SegmentID>
        <SegStyle>Hatch1</SegStyle>
        <End>
          <X>-32.5866</X>
          <Y>54.2299</Y>
        </End>
      </Segment>
      <Segment>
        <SegmentID>231</SegmentID>
        <SegStyle>Hatch1</SegStyle>
        <End>
          <X>-32.0755</X>
          <Y>51.8459</Y>
        </End>
      </Segment>
      <Segment>
        <SegmentID>232</SegmentID>
        <SegStyle>Hatch1</SegStyle>
        <End>
          <X>-32.0755</X>
          <Y>52.2277</Y>
        </End>
      </Segment>
      <Segment>
        <SegmentID>233</SegmentID>
        <SegStyle>Hatch1</SegStyle>
        <End>
          <X>-32.5047</X>
          <Y>54.2299</Y>
        </End>
      </Segment>
      <Segment>
        <SegmentID>234</SegmentID>
        <SegStyle>Hatch1</SegStyle>
        <End>
          <X>-32.4229</X>
          <Y>54.2299</Y>
        </End>
      </Segment>
      <Segment>
        <SegmentID>235</SegmentID>
        <SegStyle>Hatch1</SegStyle>
        <End>
          <X>-32.0755</X>
          <Y>52.6094</Y>
        </End>
      </Segment>
      <Segment>
        <SegmentID>236</SegmentID>
        <SegStyle>Hatch1</SegStyle>
        <End>
          <X>-32.0755</X>
          <Y>52.991</Y>
        </End>
      </Segment>
      <Segment>
        <SegmentID>237</SegmentID>
        <SegStyle>Hatch1</SegStyle>
        <End>
          <X>-32.3411</X>
          <Y>54.2299</Y>
        </End>
      </Segment>
      <Segment>
        <SegmentID>238</SegmentID>
        <SegStyle>Hatch1</SegStyle>
        <End>
          <X>-32.2593</X>
          <Y>54.2299</Y>
        </End>
      </Segment>
      <Segment>
        <SegmentID>239</SegmentID>
        <SegStyle>Hatch1</SegStyle>
        <End>
          <X>-32.0755</X>
          <Y>53.3725</Y>
        </End>
      </Segment>
      <Segment>
        <SegmentID>240</SegmentID>
        <SegStyle>Hatch1</SegStyle>
        <End>
          <X>-32.0755</X>
          <Y>53.7544</Y>
        </End>
      </Segment>
      <Segment>
        <SegmentID>241</SegmentID>
        <SegStyle>Hatch1</SegStyle>
        <End>
          <X>-32.1774</X>
          <Y>54.2299</Y>
        </End>
      </Segment>
      <Segment>
        <SegmentID>242</SegmentID>
        <SegStyle>Hatch1</SegStyle>
        <End>
          <X>-32.0956</X>
          <Y>54.2299</Y>
        </End>
      </Segment>
      <Segment>
        <SegmentID>243</SegmentID>
        <SegStyle>Hatch1</SegStyle>
        <End>
          <X>-32.0755</X>
          <Y>54.1359</Y>
        </End>
      </Segment>
      <Segment>
        <SegmentID>244</SegmentID>
        <SegStyle>Hatch1</SegStyle>
        <End>
          <X>-25.3158</X>
          <Y>42.45</Y>
        </End>
      </Segment>
      <Segment>
        <SegmentID>245</SegmentID>
        <SegStyle>Hatch1</SegStyle>
        <End>
          <X>-25.3435</X>
          <Y>42.5794</Y>
        </End>
      </Segment>
      <Segment>
        <SegmentID>246</SegmentID>
        <SegStyle>Hatch1</SegStyle>
        <End>
          <X>-25.3435</X>
          <Y>42.961</Y>
        </End>
      </Segment>
      <Segment>
        <SegmentID>247</SegmentID>
        <SegStyle>Hatch1</SegStyle>
        <End>
          <X>-25.234</X>
          <Y>42.45</Y>
        </End>
      </Segment>
      <Segment>
        <SegmentID>248</SegmentID>
        <SegStyle>Hatch1</SegStyle>
        <End>
          <X>-25.1521</X>
          <Y>42.45</Y>
        </End>
      </Segment>
      <Segment>
        <SegmentID>249</SegmentID>
        <SegStyle>Hatch1</SegStyle>
        <End>
          <X>-25.3435</X>
          <Y>43.3429</Y>
        </End>
      </Segment>
      <Segment>
        <SegmentID>250</SegmentID>
        <SegStyle>Hatch1</SegStyle>
        <End>
          <X>-25.3435</X>
          <Y>43.7245</Y>
        </End>
      </Segment>
      <Segment>
        <SegmentID>251</SegmentID>
        <SegStyle>Hatch1</SegStyle>
        <End>
          <X>-25.0703</X>
          <Y>42.45</Y>
        </End>
      </Segment>
      <Segment>
        <SegmentID>252</SegmentID>
        <SegStyle>Hatch1</SegStyle>
        <End>
          <X>-24.9885</X>
          <Y>42.45</Y>
        </End>
      </Segment>
      <Segment>
        <SegmentID>253</SegmentID>
        <SegStyle>Hatch1</SegStyle>
        <End>
          <X>-25.3435</X>
          <Y>44.106</Y>
        </End>
      </Segment>
      <Segment>
        <SegmentID>254</SegmentID>
        <SegStyle>Hatch1</SegStyle>
        <End>
          <X>-25.3435</X>
          <Y>44.4876</Y>
        </End>
      </Segment>
      <Segment>
        <SegmentID>255</SegmentID>
        <SegStyle>Hatch1</SegStyle>
        <End>
          <X>-24.9067</X>
          <Y>42.45</Y>
        </End>
      </Segment>
      <Segment>
        <SegmentID>256</SegmentID>
        <SegStyle>Hatch1</SegStyle>
        <End>
          <X>-24.8248</X>
          <Y>42.45</Y>
        </End>
      </Segment>
      <Segment>
        <SegmentID>257</SegmentID>
        <SegStyle>Hatch1</SegStyle>
        <End>
          <X>-25.3435</X>
          <Y>44.8695</Y>
        </End>
      </Segment>
      <Segment>
        <SegmentID>258</SegmentID>
        <SegStyle>Hatch1</SegStyle>
        <End>
          <X>-25.3435</X>
          <Y>45.251</Y>
        </End>
      </Segment>
      <Segment>
        <SegmentID>259</SegmentID>
        <SegStyle>Hatch1</SegStyle>
        <End>
          <X>-24.743</X>
          <Y>42.45</Y>
        </End>
      </Segment>
      <Segment>
        <SegmentID>260</SegmentID>
        <SegStyle>Hatch1</SegStyle>
        <End>
          <X>-24.6612</X>
          <Y>42.45</Y>
        </End>
      </Segment>
      <Segment>
        <SegmentID>261</SegmentID>
        <SegStyle>Hatch1</SegStyle>
        <End>
          <X>-25.3435</X>
          <Y>45.6326</Y>
        </End>
      </Segment>
      <Segment>
        <SegmentID>262</SegmentID>
        <SegStyle>Hatch1</SegStyle>
        <End>
          <X>-25.3435</X>
          <Y>46.0143</Y>
        </End>
      </Segment>
      <Segment>
        <SegmentID>263</SegmentID>
        <SegStyle>Hatch1</SegStyle>
        <End>
          <X>-24.5794</X>
          <Y>42.45</Y>
        </End>
      </Segment>
      <Segment>
        <SegmentID>264</SegmentID>
        <SegStyle>Hatch1</SegStyle>
        <End>
          <X>-24.4976</X>
          <Y>42.45</Y>
        </End>
      </Segment>
      <Segment>
        <SegmentID>265</SegmentID>
        <SegStyle>Hatch1</SegStyle>
        <End>
          <X>-25.3435</X>
          <Y>46.3958</Y>
        </End>
      </Segment>
      <Segment>
        <SegmentID>266</SegmentID>
        <SegStyle>Hatch1</SegStyle>
        <End>
          <X>-25.3435</X>
          <Y>46.7777</Y>
        </End>
      </Segment>
      <Segment>
        <SegmentID>267</SegmentID>
        <SegStyle>Hatch1</SegStyle>
        <End>
          <X>-24.4157</X>
          <Y>42.45</Y>
        </End>
      </Segment>
      <Segment>
        <SegmentID>268</SegmentID>
        <SegStyle>Hatch1</SegStyle>
        <End>
          <X>-24.3339</X>
          <Y>42.45</Y>
        </End>
      </Segment>
      <Segment>
        <SegmentID>269</SegmentID>
        <SegStyle>Hatch1</SegStyle>
        <End>
          <X>-25.3435</X>
          <Y>47.1592</Y>
        </End>
      </Segment>
      <Segment>
        <SegmentID>270</SegmentID>
        <SegStyle>Hatch1</SegStyle>
        <End>
          <X>-25.3435</X>
          <Y>47.5407</Y>
        </End>
      </Segment>
      <Segment>
        <SegmentID>271</SegmentID>
        <SegStyle>Hatch1</SegStyle>
        <End>
          <X>-24.2521</X>
          <Y>42.45</Y>
        </End>
      </Segment>
      <Segment>
        <SegmentID>272</SegmentID>
        <SegStyle>Hatch1</SegStyle>
        <End>
          <X>-24.1703</X>
          <Y>42.45</Y>
        </End>
      </Segment>
      <Segment>
        <SegmentID>273</SegmentID>
        <SegStyle>Hatch1</SegStyle>
        <End>
          <X>-25.3435</X>
          <Y>47.9225</Y>
        </End>
      </Segment>
      <Segment>
        <SegmentID>274</SegmentID>
        <SegStyle>Hatch1</SegStyle>
        <End>
          <X>-25.3435</X>
          <Y>48.3043</Y>
        </End>
      </Segment>
      <Segment>
        <SegmentID>275</SegmentID>
        <SegStyle>Hatch1</SegStyle>
        <End>
          <X>-24.0884</X>
          <Y>42.45</Y>
        </End>
      </Segment>
      <Segment>
        <SegmentID>276</SegmentID>
        <SegStyle>Hatch1</SegStyle>
        <End>
          <X>-24.0066</X>
          <Y>42.45</Y>
        </End>
      </Segment>
      <Segment>
        <SegmentID>277</SegmentID>
        <SegStyle>Hatch1</SegStyle>
        <End>
          <X>-25.3435</X>
          <Y>48.6858</Y>
        </End>
      </Segment>
      <Segment>
        <SegmentID>278</SegmentID>
        <SegStyle>Hatch1</SegStyle>
        <End>
          <X>-25.3435</X>
          <Y>49.0673</Y>
        </End>
      </Segment>
      <Segment>
        <SegmentID>279</SegmentID>
        <SegStyle>Hatch1</SegStyle>
        <End>
          <X>-23.9249</X>
          <Y>42.45</Y>
        </End>
      </Segment>
      <Segment>
        <SegmentID>280</SegmentID>
        <SegStyle>Hatch1</SegStyle>
        <End>
          <X>-23.843</X>
          <Y>42.45</Y>
        </End>
      </Segment>
      <Segment>
        <SegmentID>281</SegmentID>
        <SegStyle>Hatch1</SegStyle>
        <End>
          <X>-25.3435</X>
          <Y>49.4491</Y>
        </End>
      </Segment>
      <Segment>
        <SegmentID>282</SegmentID>
        <SegStyle>Hatch1</SegStyle>
        <End>
          <X>-25.3435</X>
          <Y>49.8309</Y>
        </End>
      </Segment>
      <Segment>
        <SegmentID>283</SegmentID>
        <SegStyle>Hatch1</SegStyle>
        <End>
          <X>-23.7612</X>
          <Y>42.45</Y>
        </End>
      </Segment>
      <Segment>
        <SegmentID>284</SegmentID>
        <SegStyle>Hatch1</SegStyle>
        <End>
          <X>-23.6794</X>
          <Y>42.45</Y>
        </End>
      </Segment>
      <Segment>
        <SegmentID>285</SegmentID>
        <SegStyle>Hatch1</SegStyle>
        <End>
          <X>-25.3435</X>
          <Y>50.2124</Y>
        </End>
      </Segment>
      <Segment>
        <SegmentID>286</SegmentID>
        <SegStyle>Hatch1</SegStyle>
        <End>
          <X>-25.3435</X>
          <Y>50.594</Y>
        </End>
      </Segment>
      <Segment>
        <SegmentID>287</SegmentID>
        <SegStyle>Hatch1</SegStyle>
        <End>
          <X>-23.5976</X>
          <Y>42.45</Y>
        </End>
      </Segment>
      <Segment>
        <SegmentID>288</SegmentID>
        <SegStyle>Hatch1</SegStyle>
        <End>
          <X>-23.5158</X>
          <Y>42.45</Y>
        </End>
      </Segment>
      <Segment>
        <SegmentID>289</SegmentID>
        <SegStyle>Hatch1</SegStyle>
        <End>
          <X>-25.3435</X>
          <Y>50.9758</Y>
        </End>
      </Segment>
      <Segment>
        <SegmentID>290</SegmentID>
        <SegStyle>Hatch1</SegStyle>
        <End>
          <X>-25.3435</X>
          <Y>51.3573</Y>
        </End>
      </Segment>
      <Segment>
        <SegmentID>291</SegmentID>
        <SegStyle>Hatch1</SegStyle>
        <End>
          <X>-23.434</X>
          <Y>42.45</Y>
        </End>
      </Segment>
      <Segment>
        <SegmentID>292</SegmentID>
        <SegStyle>Hatch1</SegStyle>
        <End>
          <X>-23.3521</X>
          <Y>42.45</Y>
        </End>
      </Segment>
      <Segment>
        <SegmentID>293</SegmentID>
        <SegStyle>Hatch1</SegStyle>
        <End>
          <X>-25.3435</X>
          <Y>51.7391</Y>
        </End>
      </Segment>
      <Segment>
        <SegmentID>294</SegmentID>
        <SegStyle>Hatch1</SegStyle>
        <End>
          <X>-25.3435</X>
          <Y>52.1206</Y>
        </End>
      </Segment>
      <Segment>
        <SegmentID>295</SegmentID>
        <SegStyle>Hatch1</SegStyle>
        <End>
          <X>-23.2703</X>
          <Y>42.45</Y>
        </End>
      </Segment>
      <Segment>
        <SegmentID>296</SegmentID>
        <SegStyle>Hatch1</SegStyle>
        <End>
          <X>-23.1885</X>
          <Y>42.45</Y>
        </End>
      </Segment>
      <Segment>
        <SegmentID>297</SegmentID>
        <SegStyle>Hatch1</SegStyle>
        <End>
          <X>-25.3435</X>
          <Y>52.5021</Y>
        </End>
      </Segment>
      <Segment>
        <SegmentID>298</SegmentID>
        <SegStyle>Hatch1</SegStyle>
        <End>
          <X>-25.3435</X>
          <Y>52.884</Y>
        </End>
      </Segment>
      <Segment>
        <SegmentID>299</SegmentID>
        <SegStyle>Hatch1</SegStyle>
        <End>
          <X>-23.1067</X>
          <Y>42.45</Y>
        </End>
      </Segment>
      <Segment>
        <SegmentID>300</SegmentID>
        <SegStyle>Hatch1</SegStyle>
        <End>
          <X>-23.0248</X>
          <Y>42.45</Y>
        </End>
      </Segment>
      <Segment>
        <SegmentID>301</SegmentID>
        <SegStyle>Hatch1</SegStyle>
        <End>
          <X>-25.3435</X>
          <Y>53.2656</Y>
        </End>
      </Segment>
      <Segment>
        <SegmentID>302</SegmentID>
        <SegStyle>Hatch1</SegStyle>
        <End>
          <X>-25.3435</X>
          <Y>53.6472</Y>
        </End>
      </Segment>
      <Segment>
        <SegmentID>303</SegmentID>
        <SegStyle>Hatch1</SegStyle>
        <End>
          <X>-22.943</X>
          <Y>42.45</Y>
        </End>
      </Segment>
      <Segment>
        <SegmentID>304</SegmentID>
        <SegStyle>Hatch1</SegStyle>
        <End>
          <X>-22.8612</X>
          <Y>42.45</Y>
        </End>
      </Segment>
      <Segment>
        <SegmentID>305</SegmentID>
        <SegStyle>Hatch1</SegStyle>
        <End>
          <X>-25.3435</X>
          <Y>54.0287</Y>
        </End>
      </Segment>
      <Segment>
        <SegmentID>306</SegmentID>
        <SegStyle>Hatch1</SegStyle>
        <End>
          <X>-25.3048</X>
          <Y>54.2299</Y>
        </End>
      </Segment>
      <Segment>
        <SegmentID>307</SegmentID>
        <SegStyle>Hatch1</SegStyle>
        <End>
          <X>-22.7794</X>
          <Y>42.45</Y>
        </End>
      </Segment>
      <Segment>
        <SegmentID>308</SegmentID>
        <SegStyle>Hatch1</SegStyle>
        <End>
          <X>-22.6976</X>
          <Y>42.45</Y>
        </End>
      </Segment>
      <Segment>
        <SegmentID>309</SegmentID>
        <SegStyle>Hatch1</SegStyle>
        <End>
          <X>-25.223</X>
          <Y>54.2299</Y>
        </End>
      </Segment>
      <Segment>
        <SegmentID>310</SegmentID>
        <SegStyle>Hatch1</SegStyle>
        <End>
          <X>-25.1411</X>
          <Y>54.2299</Y>
        </End>
      </Segment>
      <Segment>
        <SegmentID>311</SegmentID>
        <SegStyle>Hatch1</SegStyle>
        <End>
          <X>-22.6157</X>
          <Y>42.45</Y>
        </End>
      </Segment>
      <Segment>
        <SegmentID>312</SegmentID>
        <SegStyle>Hatch1</SegStyle>
        <End>
          <X>-22.5339</X>
          <Y>42.45</Y>
        </End>
      </Segment>
      <Segment>
        <SegmentID>313</SegmentID>
        <SegStyle>Hatch1</SegStyle>
        <End>
          <X>-25.0593</X>
          <Y>54.2299</Y>
        </End>
      </Segment>
      <Segment>
        <SegmentID>314</SegmentID>
        <SegStyle>Hatch1</SegStyle>
        <End>
          <X>-24.9776</X>
          <Y>54.2299</Y>
        </End>
      </Segment>
      <Segment>
        <SegmentID>315</SegmentID>
        <SegStyle>Hatch1</SegStyle>
        <End>
          <X>-22.4521</X>
          <Y>42.45</Y>
        </End>
      </Segment>
      <Segment>
        <SegmentID>316</SegmentID>
        <SegStyle>Hatch1</SegStyle>
        <End>
          <X>-22.3703</X>
          <Y>42.45</Y>
        </End>
      </Segment>
      <Segment>
        <SegmentID>317</SegmentID>
        <SegStyle>Hatch1</SegStyle>
        <End>
          <X>-24.8957</X>
          <Y>54.2299</Y>
        </End>
      </Segment>
      <Segment>
        <SegmentID>318</SegmentID>
        <SegStyle>Hatch1</SegStyle>
        <End>
          <X>-24.8139</X>
          <Y>54.2299</Y>
        </End>
      </Segment>
      <Segment>
        <SegmentID>319</SegmentID>
        <SegStyle>Hatch1</SegStyle>
        <End>
          <X>-22.2885</X>
          <Y>42.45</Y>
        </End>
      </Segment>
      <Segment>
        <SegmentID>320</SegmentID>
        <SegStyle>Hatch1</SegStyle>
        <End>
          <X>-22.2067</X>
          <Y>42.45</Y>
        </End>
      </Segment>
      <Segment>
        <SegmentID>321</SegmentID>
        <SegStyle>Hatch1</SegStyle>
        <End>
          <X>-24.7321</X>
          <Y>54.2299</Y>
        </End>
      </Segment>
      <Segment>
        <SegmentID>322</SegmentID>
        <SegStyle>Hatch1</SegStyle>
        <End>
          <X>-24.6503</X>
          <Y>54.2299</Y>
        </End>
      </Segment>
      <Segment>
        <SegmentID>323</SegmentID>
        <SegStyle>Hatch1</SegStyle>
        <End>
          <X>-22.1249</X>
          <Y>42.45</Y>
        </End>
      </Segment>
      <Segment>
        <SegmentID>324</SegmentID>
        <SegStyle>Hatch1</SegStyle>
        <End>
          <X>-22.0431</X>
          <Y>42.45</Y>
        </End>
      </Segment>
      <Segment>
        <SegmentID>325</SegmentID>
        <SegStyle>Hatch1</SegStyle>
        <End>
          <X>-24.5684</X>
          <Y>54.2299</Y>
        </End>
      </Segment>
      <Segment>
        <SegmentID>326</SegmentID>
        <SegStyle>Hatch1</SegStyle>
        <End>
          <X>-24.4866</X>
          <Y>54.2299</Y>
        </End>
      </Segment>
      <Segment>
        <SegmentID>327</SegmentID>
        <SegStyle>Hatch1</SegStyle>
        <End>
          <X>-21.9613</X>
          <Y>42.45</Y>
        </End>
      </Segment>
      <Segment>
        <SegmentID>328</SegmentID>
        <SegStyle>Hatch1</SegStyle>
        <End>
          <X>-21.8794</X>
          <Y>42.45</Y>
        </End>
      </Segment>
      <Segment>
        <SegmentID>329</SegmentID>
        <SegStyle>Hatch1</SegStyle>
        <End>
          <X>-24.4048</X>
          <Y>54.2299</Y>
        </End>
      </Segment>
      <Segment>
        <SegmentID>330</SegmentID>
        <SegStyle>Hatch1</SegStyle>
        <End>
          <X>-24.323</X>
          <Y>54.2299</Y>
        </End>
      </Segment>
      <Segment>
        <SegmentID>331</SegmentID>
        <SegStyle>Hatch1</SegStyle>
        <End>
          <X>-21.7976</X>
          <Y>42.45</Y>
        </End>
      </Segment>
      <Segment>
        <SegmentID>332</SegmentID>
        <SegStyle>Hatch1</SegStyle>
        <End>
          <X>-21.7158</X>
          <Y>42.45</Y>
        </End>
      </Segment>
      <Segment>
        <SegmentID>333</SegmentID>
        <SegStyle>Hatch1</SegStyle>
        <End>
          <X>-24.2412</X>
          <Y>54.2299</Y>
        </End>
      </Segment>
      <Segment>
        <SegmentID>334</SegmentID>
        <SegStyle>Hatch1</SegStyle>
        <End>
          <X>-24.1593</X>
          <Y>54.2299</Y>
        </End>
      </Segment>
      <Segment>
        <SegmentID>335</SegmentID>
        <SegStyle>Hatch1</SegStyle>
        <End>
          <X>-21.634</X>
          <Y>42.45</Y>
        </End>
      </Segment>
      <Segment>
        <SegmentID>336</SegmentID>
        <SegStyle>Hatch1</SegStyle>
        <End>
          <X>-21.5521</X>
          <Y>42.45</Y>
        </End>
      </Segment>
      <Segment>
        <SegmentID>337</SegmentID>
        <SegStyle>Hatch1</SegStyle>
        <End>
          <X>-24.0775</X>
          <Y>54.2299</Y>
        </End>
      </Segment>
      <Segment>
        <SegmentID>338</SegmentID>
        <SegStyle>Hatch1</SegStyle>
        <End>
          <X>-23.9957</X>
          <Y>54.2299</Y>
        </End>
      </Segment>
      <Segment>
        <SegmentID>339</SegmentID>
        <SegStyle>Hatch1</SegStyle>
        <End>
          <X>-21.4703</X>
          <Y>42.45</Y>
        </End>
      </Segment>
      <Segment>
        <SegmentID>340</SegmentID>
        <SegStyle>Hatch1</SegStyle>
        <End>
          <X>-21.3885</X>
          <Y>42.45</Y>
        </End>
      </Segment>
      <Segment>
        <SegmentID>341</SegmentID>
        <SegStyle>Hatch1</SegStyle>
        <End>
          <X>-23.9139</X>
          <Y>54.2299</Y>
        </End>
      </Segment>
      <Segment>
        <SegmentID>342</SegmentID>
        <SegStyle>Hatch1</SegStyle>
        <End>
          <X>-23.8321</X>
          <Y>54.2299</Y>
        </End>
      </Segment>
      <Segment>
        <SegmentID>343</SegmentID>
        <SegStyle>Hatch1</SegStyle>
        <End>
          <X>-21.3067</X>
          <Y>42.45</Y>
        </End>
      </Segment>
      <Segment>
        <SegmentID>344</SegmentID>
        <SegStyle>Hatch1</SegStyle>
        <End>
          <X>-21.2248</X>
          <Y>42.45</Y>
        </End>
      </Segment>
      <Segment>
        <SegmentID>345</SegmentID>
        <SegStyle>Hatch1</SegStyle>
        <End>
          <X>-23.7502</X>
          <Y>54.2299</Y>
        </End>
      </Segment>
      <Segment>
        <SegmentID>346</SegmentID>
        <SegStyle>Hatch1</SegStyle>
        <End>
          <X>-23.6684</X>
          <Y>54.2299</Y>
        </End>
      </Segment>
      <Segment>
        <SegmentID>347</SegmentID>
        <SegStyle>Hatch1</SegStyle>
        <End>
          <X>-21.143</X>
          <Y>42.45</Y>
        </End>
      </Segment>
      <Segment>
        <SegmentID>348</SegmentID>
        <SegStyle>Hatch1</SegStyle>
        <End>
          <X>-21.0612</X>
          <Y>42.45</Y>
        </End>
      </Segment>
      <Segment>
        <SegmentID>349</SegmentID>
        <SegStyle>Hatch1</SegStyle>
        <End>
          <X>-23.5866</X>
          <Y>54.2299</Y>
        </End>
      </Segment>
      <Segment>
        <SegmentID>350</SegmentID>
        <SegStyle>Hatch1</SegStyle>
        <End>
          <X>-23.5048</X>
          <Y>54.2299</Y>
        </End>
      </Segment>
      <Segment>
        <SegmentID>351</SegmentID>
        <SegStyle>Hatch1</SegStyle>
        <End>
          <X>-20.9794</X>
          <Y>42.45</Y>
        </End>
      </Segment>
      <Segment>
        <SegmentID>352</SegmentID>
        <SegStyle>Hatch1</SegStyle>
        <End>
          <X>-20.8976</X>
          <Y>42.45</Y>
        </End>
      </Segment>
      <Segment>
        <SegmentID>353</SegmentID>
        <SegStyle>Hatch1</SegStyle>
        <End>
          <X>-23.423</X>
          <Y>54.2299</Y>
        </End>
      </Segment>
      <Segment>
        <SegmentID>354</SegmentID>
        <SegStyle>Hatch1</SegStyle>
        <End>
          <X>-23.3411</X>
          <Y>54.2299</Y>
        </End>
      </Segment>
      <Segment>
        <SegmentID>355</SegmentID>
        <SegStyle>Hatch1</SegStyle>
        <End>
          <X>-20.8157</X>
          <Y>42.45</Y>
        </End>
      </Segment>
      <Segment>
        <SegmentID>356</SegmentID>
        <SegStyle>Hatch1</SegStyle>
        <End>
          <X>-20.734</X>
          <Y>42.45</Y>
        </End>
      </Segment>
      <Segment>
        <SegmentID>357</SegmentID>
        <SegStyle>Hatch1</SegStyle>
        <End>
          <X>-23.2594</X>
          <Y>54.2299</Y>
        </End>
      </Segment>
      <Segment>
        <SegmentID>358</SegmentID>
        <SegStyle>Hatch1</SegStyle>
        <End>
          <X>-23.1776</X>
          <Y>54.2299</Y>
        </End>
      </Segment>
      <Segment>
        <SegmentID>359</SegmentID>
        <SegStyle>Hatch1</SegStyle>
        <End>
          <X>-20.6521</X>
          <Y>42.45</Y>
        </End>
      </Segment>
      <Segment>
        <SegmentID>360</SegmentID>
        <SegStyle>Hatch1</SegStyle>
        <End>
          <X>-20.5703</X>
          <Y>42.45</Y>
        </End>
      </Segment>
      <Segment>
        <SegmentID>361</SegmentID>
        <SegStyle>Hatch1</SegStyle>
        <End>
          <X>-23.0957</X>
          <Y>54.2299</Y>
        </End>
      </Segment>
      <Segment>
        <SegmentID>362</SegmentID>
        <SegStyle>Hatch1</SegStyle>
        <End>
          <X>-23.0139</X>
          <Y>54.2299</Y>
        </End>
      </Segment>
      <Segment>
        <SegmentID>363</SegmentID>
        <SegStyle>Hatch1</SegStyle>
        <End>
          <X>-20.4885</X>
          <Y>42.45</Y>
        </End>
      </Segment>
      <Segment>
        <SegmentID>364</SegmentID>
        <SegStyle>Hatch1</SegStyle>
        <End>
          <X>-20.4067</X>
          <Y>42.45</Y>
        </End>
      </Segment>
      <Segment>
        <SegmentID>365</SegmentID>
        <SegStyle>Hatch1</SegStyle>
        <End>
          <X>-22.9321</X>
          <Y>54.2299</Y>
        </End>
      </Segment>
      <Segment>
        <SegmentID>366</SegmentID>
        <SegStyle>Hatch1</SegStyle>
        <End>
          <X>-22.8503</X>
          <Y>54.2299</Y>
        </End>
      </Segment>
      <Segment>
        <SegmentID>367</SegmentID>
        <SegStyle>Hatch1</SegStyle>
        <End>
          <X>-20.3249</X>
          <Y>42.45</Y>
        </End>
      </Segment>
      <Segment>
        <SegmentID>368</SegmentID>
        <SegStyle>Hatch1</SegStyle>
        <End>
          <X>-20.243</X>
          <Y>42.45</Y>
        </End>
      </Segment>
      <Segment>
        <SegmentID>369</SegmentID>
        <SegStyle>Hatch1</SegStyle>
        <End>
          <X>-22.7684</X>
          <Y>54.2299</Y>
        </End>
      </Segment>
      <Segment>
        <SegmentID>370</SegmentID>
        <SegStyle>Hatch1</SegStyle>
        <End>
          <X>-22.6866</X>
          <Y>54.2299</Y>
        </End>
      </Segment>
      <Segment>
        <SegmentID>371</SegmentID>
        <SegStyle>Hatch1</SegStyle>
        <End>
          <X>-20.1613</X>
          <Y>42.45</Y>
        </End>
      </Segment>
      <Segment>
        <SegmentID>372</SegmentID>
        <SegStyle>Hatch1</SegStyle>
        <End>
          <X>-20.0794</X>
          <Y>42.45</Y>
        </End>
      </Segment>
      <Segment>
        <SegmentID>373</SegmentID>
        <SegStyle>Hatch1</SegStyle>
        <End>
          <X>-22.6048</X>
          <Y>54.2299</Y>
        </End>
      </Segment>
      <Segment>
        <SegmentID>374</SegmentID>
        <SegStyle>Hatch1</SegStyle>
        <End>
          <X>-22.523</X>
          <Y>54.2299</Y>
        </End>
      </Segment>
      <Segment>
        <SegmentID>375</SegmentID>
        <SegStyle>Hatch1</SegStyle>
        <End>
          <X>-19.9976</X>
          <Y>42.45</Y>
        </End>
      </Segment>
      <Segment>
        <SegmentID>376</SegmentID>
        <SegStyle>Hatch1</SegStyle>
        <End>
          <X>-19.9158</X>
          <Y>42.45</Y>
        </End>
      </Segment>
      <Segment>
        <SegmentID>377</SegmentID>
        <SegStyle>Hatch1</SegStyle>
        <End>
          <X>-22.4412</X>
          <Y>54.2299</Y>
        </End>
      </Segment>
      <Segment>
        <SegmentID>378</SegmentID>
        <SegStyle>Hatch1</SegStyle>
        <End>
          <X>-22.3593</X>
          <Y>54.2299</Y>
        </End>
      </Segment>
      <Segment>
        <SegmentID>379</SegmentID>
        <SegStyle>Hatch1</SegStyle>
        <End>
          <X>-19.834</X>
          <Y>42.45</Y>
        </End>
      </Segment>
      <Segment>
        <SegmentID>380</SegmentID>
        <SegStyle>Hatch1</SegStyle>
        <End>
          <X>-19.7521</X>
          <Y>42.45</Y>
        </End>
      </Segment>
      <Segment>
        <SegmentID>381</SegmentID>
        <SegStyle>Hatch1</SegStyle>
        <End>
          <X>-22.2775</X>
          <Y>54.2299</Y>
        </End>
      </Segment>
      <Segment>
        <SegmentID>382</SegmentID>
        <SegStyle>Hatch1</SegStyle>
        <End>
          <X>-22.1957</X>
          <Y>54.2299</Y>
        </End>
      </Segment>
      <Segment>
        <SegmentID>383</SegmentID>
        <SegStyle>Hatch1</SegStyle>
        <End>
          <X>-19.6703</X>
          <Y>42.45</Y>
        </End>
      </Segment>
      <Segment>
        <SegmentID>384</SegmentID>
        <SegStyle>Hatch1</SegStyle>
        <End>
          <X>-19.5885</X>
          <Y>42.45</Y>
        </End>
      </Segment>
      <Segment>
        <SegmentID>385</SegmentID>
        <SegStyle>Hatch1</SegStyle>
        <End>
          <X>-22.1139</X>
          <Y>54.2299</Y>
        </End>
      </Segment>
      <Segment>
        <SegmentID>386</SegmentID>
        <SegStyle>Hatch1</SegStyle>
        <End>
          <X>-22.0321</X>
          <Y>54.2299</Y>
        </End>
      </Segment>
      <Segment>
        <SegmentID>387</SegmentID>
        <SegStyle>Hatch1</SegStyle>
        <End>
          <X>-19.5067</X>
          <Y>42.45</Y>
        </End>
      </Segment>
      <Segment>
        <SegmentID>388</SegmentID>
        <SegStyle>Hatch1</SegStyle>
        <End>
          <X>-19.4249</X>
          <Y>42.45</Y>
        </End>
      </Segment>
      <Segment>
        <SegmentID>389</SegmentID>
        <SegStyle>Hatch1</SegStyle>
        <End>
          <X>-21.9503</X>
          <Y>54.2299</Y>
        </End>
      </Segment>
      <Segment>
        <SegmentID>390</SegmentID>
        <SegStyle>Hatch1</SegStyle>
        <End>
          <X>-21.8684</X>
          <Y>54.2299</Y>
        </End>
      </Segment>
      <Segment>
        <SegmentID>391</SegmentID>
        <SegStyle>Hatch1</SegStyle>
        <End>
          <X>-19.343</X>
          <Y>42.45</Y>
        </End>
      </Segment>
      <Segment>
        <SegmentID>392</SegmentID>
        <SegStyle>Hatch1</SegStyle>
        <End>
          <X>-19.2612</X>
          <Y>42.45</Y>
        </End>
      </Segment>
      <Segment>
        <SegmentID>393</SegmentID>
        <SegStyle>Hatch1</SegStyle>
        <End>
          <X>-21.7866</X>
          <Y>54.2299</Y>
        </End>
      </Segment>
      <Segment>
        <SegmentID>394</SegmentID>
        <SegStyle>Hatch1</SegStyle>
        <End>
          <X>-21.7048</X>
          <Y>54.2299</Y>
        </End>
      </Segment>
      <Segment>
        <SegmentID>395</SegmentID>
        <SegStyle>Hatch1</SegStyle>
        <End>
          <X>-19.1794</X>
          <Y>42.45</Y>
        </End>
      </Segment>
      <Segment>
        <SegmentID>396</SegmentID>
        <SegStyle>Hatch1</SegStyle>
        <End>
          <X>-19.0976</X>
          <Y>42.45</Y>
        </End>
      </Segment>
      <Segment>
        <SegmentID>397</SegmentID>
        <SegStyle>Hatch1</SegStyle>
        <End>
          <X>-21.623</X>
          <Y>54.2299</Y>
        </End>
      </Segment>
      <Segment>
        <SegmentID>398</SegmentID>
        <SegStyle>Hatch1</SegStyle>
        <End>
          <X>-21.5412</X>
          <Y>54.2299</Y>
        </End>
      </Segment>
      <Segment>
        <SegmentID>399</SegmentID>
        <SegStyle>Hatch1</SegStyle>
        <End>
          <X>-19.0157</X>
          <Y>42.45</Y>
        </End>
      </Segment>
      <Segment>
        <SegmentID>400</SegmentID>
        <SegStyle>Hatch1</SegStyle>
        <End>
          <X>-18.9339</X>
          <Y>42.45</Y>
        </End>
      </Segment>
      <Segment>
        <SegmentID>401</SegmentID>
        <SegStyle>Hatch1</SegStyle>
        <End>
          <X>-21.4594</X>
          <Y>54.2299</Y>
        </End>
      </Segment>
      <Segment>
        <SegmentID>402</SegmentID>
        <SegStyle>Hatch1</SegStyle>
        <End>
          <X>-21.3776</X>
          <Y>54.2299</Y>
        </End>
      </Segment>
      <Segment>
        <SegmentID>403</SegmentID>
        <SegStyle>Hatch1</SegStyle>
        <End>
          <X>-18.8522</X>
          <Y>42.45</Y>
        </End>
      </Segment>
      <Segment>
        <SegmentID>404</SegmentID>
        <SegStyle>Hatch1</SegStyle>
        <End>
          <X>-18.7703</X>
          <Y>42.45</Y>
        </End>
      </Segment>
      <Segment>
        <SegmentID>405</SegmentID>
        <SegStyle>Hatch1</SegStyle>
        <End>
          <X>-21.2957</X>
          <Y>54.2299</Y>
        </End>
      </Segment>
      <Segment>
        <SegmentID>406</SegmentID>
        <SegStyle>Hatch1</SegStyle>
        <End>
          <X>-21.2139</X>
          <Y>54.2299</Y>
        </End>
      </Segment>
      <Segment>
        <SegmentID>407</SegmentID>
        <SegStyle>Hatch1</SegStyle>
        <End>
          <X>-18.6885</X>
          <Y>42.45</Y>
        </End>
      </Segment>
      <Segment>
        <SegmentID>408</SegmentID>
        <SegStyle>Hatch1</SegStyle>
        <End>
          <X>-18.6327</X>
          <Y>42.5714</Y>
        </End>
      </Segment>
      <Segment>
        <SegmentID>409</SegmentID>
        <SegStyle>Hatch1</SegStyle>
        <End>
          <X>-21.1321</X>
          <Y>54.2299</Y>
        </End>
      </Segment>
      <Segment>
        <SegmentID>410</SegmentID>
        <SegStyle>Hatch1</SegStyle>
        <End>
          <X>-21.0503</X>
          <Y>54.2299</Y>
        </End>
      </Segment>
      <Segment>
        <SegmentID>411</SegmentID>
        <SegStyle>Hatch1</SegStyle>
        <End>
          <X>-18.6327</X>
          <Y>42.9529</Y>
        </End>
      </Segment>
      <Segment>
        <SegmentID>412</SegmentID>
        <SegStyle>Hatch1</SegStyle>
        <End>
          <X>-18.6327</X>
          <Y>43.3346</Y>
        </End>
      </Segment>
      <Segment>
        <SegmentID>413</SegmentID>
        <SegStyle>Hatch1</SegStyle>
        <End>
          <X>-20.9684</X>
          <Y>54.2299</Y>
        </End>
      </Segment>
      <Segment>
        <SegmentID>414</SegmentID>
        <SegStyle>Hatch1</SegStyle>
        <End>
          <X>-20.8866</X>
          <Y>54.2299</Y>
        </End>
      </Segment>
      <Segment>
        <SegmentID>415</SegmentID>
        <SegStyle>Hatch1</SegStyle>
        <End>
          <X>-18.6327</X>
          <Y>43.7161</Y>
        </End>
      </Segment>
      <Segment>
        <SegmentID>416</SegmentID>
        <SegStyle>Hatch1</SegStyle>
        <End>
          <X>-18.6327</X>
          <Y>44.098</Y>
        </End>
      </Segment>
      <Segment>
        <SegmentID>417</SegmentID>
        <SegStyle>Hatch1</SegStyle>
        <End>
          <X>-20.8048</X>
          <Y>54.2299</Y>
        </End>
      </Segment>
      <Segment>
        <SegmentID>418</SegmentID>
        <SegStyle>Hatch1</SegStyle>
        <End>
          <X>-20.723</X>
          <Y>54.2299</Y>
        </End>
      </Segment>
      <Segment>
        <SegmentID>419</SegmentID>
        <SegStyle>Hatch1</SegStyle>
        <End>
          <X>-18.6327</X>
          <Y>44.4796</Y>
        </End>
      </Segment>
      <Segment>
        <SegmentID>420</SegmentID>
        <SegStyle>Hatch1</SegStyle>
        <End>
          <X>-18.6327</X>
          <Y>44.8611</Y>
        </End>
      </Segment>
      <Segment>
        <SegmentID>421</SegmentID>
        <SegStyle>Hatch1</SegStyle>
        <End>
          <X>-20.6412</X>
          <Y>54.2299</Y>
        </End>
      </Segment>
      <Segment>
        <SegmentID>422</SegmentID>
        <SegStyle>Hatch1</SegStyle>
        <End>
          <X>-20.5593</X>
          <Y>54.2299</Y>
        </End>
      </Segment>
      <Segment>
        <SegmentID>423</SegmentID>
        <SegStyle>Hatch1</SegStyle>
        <End>
          <X>-18.6327</X>
          <Y>45.2427</Y>
        </End>
      </Segment>
      <Segment>
        <SegmentID>424</SegmentID>
        <SegStyle>Hatch1</SegStyle>
        <End>
          <X>-18.6327</X>
          <Y>45.6247</Y>
        </End>
      </Segment>
      <Segment>
        <SegmentID>425</SegmentID>
        <SegStyle>Hatch1</SegStyle>
        <End>
          <X>-20.4775</X>
          <Y>54.2299</Y>
        </End>
      </Segment>
      <Segment>
        <SegmentID>426</SegmentID>
        <SegStyle>Hatch1</SegStyle>
        <End>
          <X>-20.3957</X>
          <Y>54.2299</Y>
        </End>
      </Segment>
      <Segment>
        <SegmentID>427</SegmentID>
        <SegStyle>Hatch1</SegStyle>
        <End>
          <X>-18.6327</X>
          <Y>46.0062</Y>
        </End>
      </Segment>
      <Segment>
        <SegmentID>428</SegmentID>
        <SegStyle>Hatch1</SegStyle>
        <End>
          <X>-18.6327</X>
          <Y>46.3877</Y>
        </End>
      </Segment>
      <Segment>
        <SegmentID>429</SegmentID>
        <SegStyle>Hatch1</SegStyle>
        <End>
          <X>-20.3139</X>
          <Y>54.2299</Y>
        </End>
      </Segment>
      <Segment>
        <SegmentID>430</SegmentID>
        <SegStyle>Hatch1</SegStyle>
        <End>
          <X>-20.2321</X>
          <Y>54.2299</Y>
        </End>
      </Segment>
      <Segment>
        <SegmentID>431</SegmentID>
        <SegStyle>Hatch1</SegStyle>
        <End>
          <X>-18.6327</X>
          <Y>46.7694</Y>
        </End>
      </Segment>
      <Segment>
        <SegmentID>432</SegmentID>
        <SegStyle>Hatch1</SegStyle>
        <End>
          <X>-18.6327</X>
          <Y>47.151</Y>
        </End>
      </Segment>
      <Segment>
        <SegmentID>433</SegmentID>
        <SegStyle>Hatch1</SegStyle>
        <End>
          <X>-20.1503</X>
          <Y>54.2299</Y>
        </End>
      </Segment>
      <Segment>
        <SegmentID>434</SegmentID>
        <SegStyle>Hatch1</SegStyle>
        <End>
          <X>-20.0684</X>
          <Y>54.2299</Y>
        </End>
      </Segment>
      <Segment>
        <SegmentID>435</SegmentID>
        <SegStyle>Hatch1</SegStyle>
        <End>
          <X>-18.6327</X>
          <Y>47.5328</Y>
        </End>
      </Segment>
      <Segment>
        <SegmentID>436</SegmentID>
        <SegStyle>Hatch1</SegStyle>
        <End>
          <X>-18.6327</X>
          <Y>47.9143</Y>
        </End>
      </Segment>
      <Segment>
        <SegmentID>437</SegmentID>
        <SegStyle>Hatch1</SegStyle>
        <End>
          <X>-19.9866</X>
          <Y>54.2299</Y>
        </End>
      </Segment>
      <Segment>
        <SegmentID>438</SegmentID>
        <SegStyle>Hatch1</SegStyle>
        <End>
          <X>-19.9049</X>
          <Y>54.2299</Y>
        </End>
      </Segment>
      <Segment>
        <SegmentID>439</SegmentID>
        <SegStyle>Hatch1</SegStyle>
        <End>
          <X>-18.6327</X>
          <Y>48.2959</Y>
        </End>
      </Segment>
      <Segment>
        <SegmentID>440</SegmentID>
        <SegStyle>Hatch1</SegStyle>
        <End>
          <X>-18.6327</X>
          <Y>48.6776</Y>
        </End>
      </Segment>
      <Segment>
        <SegmentID>441</SegmentID>
        <SegStyle>Hatch1</SegStyle>
        <End>
          <X>-19.823</X>
          <Y>54.2299</Y>
        </End>
      </Segment>
      <Segment>
        <SegmentID>442</SegmentID>
        <SegStyle>Hatch1</SegStyle>
        <End>
          <X>-19.7412</X>
          <Y>54.2299</Y>
        </End>
      </Segment>
      <Segment>
        <SegmentID>443</SegmentID>
        <SegStyle>Hatch1</SegStyle>
        <End>
          <X>-18.6327</X>
          <Y>49.0594</Y>
        </End>
      </Segment>
      <Segment>
        <SegmentID>444</SegmentID>
        <SegStyle>Hatch1</SegStyle>
        <End>
          <X>-18.6327</X>
          <Y>49.4409</Y>
        </End>
      </Segment>
      <Segment>
        <SegmentID>445</SegmentID>
        <SegStyle>Hatch1</SegStyle>
        <End>
          <X>-19.6594</X>
          <Y>54.2299</Y>
        </End>
      </Segment>
      <Segment>
        <SegmentID>446</SegmentID>
        <SegStyle>Hatch1</SegStyle>
        <End>
          <X>-19.5776</X>
          <Y>54.2299</Y>
        </End>
      </Segment>
      <Segment>
        <SegmentID>447</SegmentID>
        <SegStyle>Hatch1</SegStyle>
        <End>
          <X>-18.6327</X>
          <Y>49.8225</Y>
        </End>
      </Segment>
      <Segment>
        <SegmentID>448</SegmentID>
        <SegStyle>Hatch1</SegStyle>
        <End>
          <X>-18.6327</X>
          <Y>50.2042</Y>
        </End>
      </Segment>
      <Segment>
        <SegmentID>449</SegmentID>
        <SegStyle>Hatch1</SegStyle>
        <End>
          <X>-19.4957</X>
          <Y>54.2299</Y>
        </End>
      </Segment>
      <Segment>
        <SegmentID>450</SegmentID>
        <SegStyle>Hatch1</SegStyle>
        <End>
          <X>-19.4139</X>
          <Y>54.2299</Y>
        </End>
      </Segment>
      <Segment>
        <SegmentID>451</SegmentID>
        <SegStyle>Hatch1</SegStyle>
        <End>
          <X>-18.6327</X>
          <Y>50.5858</Y>
        </End>
      </Segment>
      <Segment>
        <SegmentID>452</SegmentID>
        <SegStyle>Hatch1</SegStyle>
        <End>
          <X>-18.6327</X>
          <Y>50.9676</Y>
        </End>
      </Segment>
      <Segment>
        <SegmentID>453</SegmentID>
        <SegStyle>Hatch1</SegStyle>
        <End>
          <X>-19.3321</X>
          <Y>54.2299</Y>
        </End>
      </Segment>
      <Segment>
        <SegmentID>454</SegmentID>
        <SegStyle>Hatch1</SegStyle>
        <End>
          <X>-19.2503</X>
          <Y>54.2299</Y>
        </End>
      </Segment>
      <Segment>
        <SegmentID>455</SegmentID>
        <SegStyle>Hatch1</SegStyle>
        <End>
          <X>-18.6327</X>
          <Y>51.3491</Y>
        </End>
      </Segment>
      <Segment>
        <SegmentID>456</SegmentID>
        <SegStyle>Hatch1</SegStyle>
        <End>
          <X>-18.6327</X>
          <Y>51.7307</Y>
        </End>
      </Segment>
      <Segment>
        <SegmentID>457</SegmentID>
        <SegStyle>Hatch1</SegStyle>
        <End>
          <X>-19.1685</X>
          <Y>54.2299</Y>
        </End>
      </Segment>
      <Segment>
        <SegmentID>458</SegmentID>
        <SegStyle>Hatch1</SegStyle>
        <End>
          <X>-19.0866</X>
          <Y>54.2299</Y>
        </End>
      </Segment>
      <Segment>
        <SegmentID>459</SegmentID>
        <SegStyle>Hatch1</SegStyle>
        <End>
          <X>-18.6327</X>
          <Y>52.1124</Y>
        </End>
      </Segment>
      <Segment>
        <SegmentID>460</SegmentID>
        <SegStyle>Hatch1</SegStyle>
        <End>
          <X>-18.6327</X>
          <Y>52.4942</Y>
        </End>
      </Segment>
      <Segment>
        <SegmentID>461</SegmentID>
        <SegStyle>Hatch1</SegStyle>
        <End>
          <X>-19.0048</X>
          <Y>54.2299</Y>
        </End>
      </Segment>
      <Segment>
        <SegmentID>462</SegmentID>
        <SegStyle>Hatch1</SegStyle>
        <End>
          <X>-18.923</X>
          <Y>54.2299</Y>
        </End>
      </Segment>
      <Segment>
        <SegmentID>463</SegmentID>
        <SegStyle>Hatch1</SegStyle>
        <End>
          <X>-18.6327</X>
          <Y>52.8757</Y>
        </End>
      </Segment>
      <Segment>
        <SegmentID>464</SegmentID>
        <SegStyle>Hatch1</SegStyle>
        <End>
          <X>-18.6327</X>
          <Y>53.2572</Y>
        </End>
      </Segment>
      <Segment>
        <SegmentID>465</SegmentID>
        <SegStyle>Hatch1</SegStyle>
        <End>
          <X>-18.8412</X>
          <Y>54.2299</Y>
        </End>
      </Segment>
      <Segment>
        <SegmentID>466</SegmentID>
        <SegStyle>Hatch1</SegStyle>
        <End>
          <X>-18.7594</X>
          <Y>54.2299</Y>
        </End>
      </Segment>
      <Segment>
        <SegmentID>467</SegmentID>
        <SegStyle>Hatch1</SegStyle>
        <End>
          <X>-18.6327</X>
          <Y>53.6391</Y>
        </End>
      </Segment>
      <Segment>
        <SegmentID>468</SegmentID>
        <SegStyle>Hatch1</SegStyle>
        <End>
          <X>-18.6327</X>
          <Y>54.0208</Y>
        </End>
      </Segment>
      <Segment>
        <SegmentID>469</SegmentID>
        <SegStyle>Hatch1</SegStyle>
        <End>
          <X>-18.6775</X>
          <Y>54.2299</Y>
        </End>
      </Segment>
    </Path>
  </Trajectory>
</TrajectoryList>
</Layer>