<Layer><Header>
  <AmericaMakesSchemaVersion>2021-04-30</AmericaMakesSchemaVersion>
  <LayerNum>4</LayerNum>
  <LayerThickness>0.05</LayerThickness>
  <DosingFactor>1.75</DosingFactor>
</Header>
<VelocityProfileList>
  <VelocityProfile>
    <ID>0</ID>
    <Velocity>5000</Velocity>
    <Mode>Delay</Mode>
    <LaserOnDelay>500</LaserOnDelay>
    <LaserOffDelay>0</LaserOffDelay>
    <MarkDelay>0</MarkDelay>
    <PolygonDelay>0</PolygonDelay>
  </VelocityProfile>
  <VelocityProfile>
    <ID>1</ID>
    <Velocity>500</Velocity>
    <Mode>Delay</Mode>
    <LaserOnDelay>250</LaserOnDelay>
    <LaserOffDelay>0</LaserOffDelay>
    <MarkDelay>300</MarkDelay>
    <PolygonDelay>0</PolygonDelay>
  </VelocityProfile>
  <VelocityProfile>
    <ID>2</ID>
    <Velocity>250</Velocity>
    <Mode>Auto</Mode>
    <LaserOnDelay>0</LaserOnDelay>
    <LaserOffDelay>0</LaserOffDelay>
    <MarkDelay>0</MarkDelay>
    <PolygonDelay>0</PolygonDelay>
  </VelocityProfile>
</VelocityProfileList>
<SegmentStyleList>
  <SegmentStyle>
    <ID>Contour1</ID>
    <VelocityProfileID>2</VelocityProfileID>
    <LaserMode>Independent</LaserMode>
  </SegmentStyle>
  <Traveler>
    <ID>1</ID>
    <SyncDelay>0</SyncDelay>
    <Power>250</Power>
    <SpotSize>50</SpotSize>
  </Traveler>
  <SegmentStyle>
    <ID>Hatch1</ID>
    <VelocityProfileID>1</VelocityProfileID>
    <LaserMode>Independent</LaserMode>
  </SegmentStyle>
  <Traveler>
    <ID>1</ID>
    <SyncDelay>0</SyncDelay>
    <Power>300</Power>
    <SpotSize>50</SpotSize>
  </Traveler>
  <SegmentStyle>
    <ID>SupportContour</ID>
    <VelocityProfileID>2</VelocityProfileID>
    <LaserMode>Independent</LaserMode>
  </SegmentStyle>
  <Traveler>
    <ID>1</ID>
    <SyncDelay>0</SyncDelay>
    <Power>250</Power>
    <SpotSize>70</SpotSize>
  </Traveler>
</SegmentStyleList>
<TrajectoryList>
  <Trajectory>
    <TrajectoryID>0</TrajectoryID>
    <PathProcessingMode>sequential</PathProcessingMode>
    <Path>
      <Type>contour</Type>
      <Tag>part1</Tag>
      <NumSegments>20.0</NumSegments>
      <SkyWritingMode>0</SkyWritingMode>
      <Start>
        <X>-22.689</X>
        <Y>54.5499</Y>
      </Start>
      <Segment>
        <SegmentID>1</SegmentID>
        <SegStyle>Contour1</SegStyle>
        <End>
          <X>-35.1638</X>
          <Y>54.5499</Y>
        </End>
      </Segment>
      <Segment>
        <SegmentID>2</SegmentID>
        <SegStyle>Contour1</SegStyle>
        <End>
          <X>-35.1638</X>
          <Y>42.13</Y>
        </End>
      </Segment>
      <Segment>
        <SegmentID>3</SegmentID>
        <SegStyle>Contour1</SegStyle>
        <End>
          <X>-22.689</X>
          <Y>42.13</Y>
        </End>
      </Segment>
      <Segment>
        <SegmentID>4</SegmentID>
        <SegStyle>Contour1</SegStyle>
        <End>
          <X>-22.689</X>
          <Y>54.5499</Y>
        </End>
      </Segment>
      <Segment>
        <SegmentID>5</SegmentID>
        <SegStyle>Contour1</SegStyle>
        <End>
          <X>-22.769</X>
          <Y>54.4699</Y>
        </End>
      </Segment>
      <Segment>
        <SegmentID>6</SegmentID>
        <SegStyle>Contour1</SegStyle>
        <End>
          <X>-35.0838</X>
          <Y>54.4699</Y>
        </End>
      </Segment>
      <Segment>
        <SegmentID>7</SegmentID>
        <SegStyle>Contour1</SegStyle>
        <End>
          <X>-35.0838</X>
          <Y>42.21</Y>
        </End>
      </Segment>
      <Segment>
        <SegmentID>8</SegmentID>
        <SegStyle>Contour1</SegStyle>
        <End>
          <X>-22.769</X>
          <Y>42.21</Y>
        </End>
      </Segment>
      <Segment>
        <SegmentID>9</SegmentID>
        <SegStyle>Contour1</SegStyle>
        <End>
          <X>-22.769</X>
          <Y>54.4699</Y>
        </End>
      </Segment>
      <Segment>
        <SegmentID>10</SegmentID>
        <SegStyle>Contour1</SegStyle>
        <End>
          <X>-22.849</X>
          <Y>54.3899</Y>
        </End>
      </Segment>
      <Segment>
        <SegmentID>11</SegmentID>
        <SegStyle>Contour1</SegStyle>
        <End>
          <X>-35.0038</X>
          <Y>54.3899</Y>
        </End>
      </Segment>
      <Segment>
        <SegmentID>12</SegmentID>
        <SegStyle>Contour1</SegStyle>
        <End>
          <X>-35.0038</X>
          <Y>42.29</Y>
        </End>
      </Segment>
      <Segment>
        <SegmentID>13</SegmentID>
        <SegStyle>Contour1</SegStyle>
        <End>
          <X>-22.849</X>
          <Y>42.29</Y>
        </End>
      </Segment>
      <Segment>
        <SegmentID>14</SegmentID>
        <SegStyle>Contour1</SegStyle>
        <End>
          <X>-22.849</X>
          <Y>54.3899</Y>
        </End>
      </Segment>
      <Segment>
        <SegmentID>15</SegmentID>
        <SegStyle>Contour1</SegStyle>
        <End>
          <X>-22.929</X>
          <Y>54.3099</Y>
        </End>
      </Segment>
      <Segment>
        <SegmentID>16</SegmentID>
        <SegStyle>Contour1</SegStyle>
        <End>
          <X>-34.9238</X>
          <Y>54.3099</Y>
        </End>
      </Segment>
      <Segment>
        <SegmentID>17</SegmentID>
        <SegStyle>Contour1</SegStyle>
        <End>
          <X>-34.9238</X>
          <Y>42.37</Y>
        </End>
      </Segment>
      <Segment>
        <SegmentID>18</SegmentID>
        <SegStyle>Contour1</SegStyle>
        <End>
          <X>-22.929</X>
          <Y>42.37</Y>
        </End>
      </Segment>
      <Segment>
        <SegmentID>19</SegmentID>
        <SegStyle>Contour1</SegStyle>
        <End>
          <X>-22.929</X>
          <Y>54.3099</Y>
        </End>
      </Segment>
    </Path>
  </Trajectory>
  <Trajectory>
    <TrajectoryID>1</TrajectoryID>
    <PathProcessingMode>sequential</PathProcessingMode>
    <Path>
      <Type>hatch</Type>
      <Tag>part1</Tag>
      <NumSegments>392.0</NumSegments>
      <SkyWritingMode>0</SkyWritingMode>
      <Start>
        <X>-34.7375</X>
        <Y>42.45</Y>
      </Start>
      <Segment>
        <SegmentID>1</SegmentID>
        <SegStyle>Hatch1</SegStyle>
        <End>
          <X>-34.8438</X>
          <Y>42.4994</Y>
        </End>
      </Segment>
      <Segment>
        <SegmentID>2</SegmentID>
        <SegStyle>Hatch1</SegStyle>
        <End>
          <X>-34.8438</X>
          <Y>42.5876</Y>
        </End>
      </Segment>
      <Segment>
        <SegmentID>3</SegmentID>
        <SegStyle>Hatch1</SegStyle>
        <End>
          <X>-34.5474</X>
          <Y>42.45</Y>
        </End>
      </Segment>
      <Segment>
        <SegmentID>4</SegmentID>
        <SegStyle>Hatch1</SegStyle>
        <End>
          <X>-34.3575</X>
          <Y>42.45</Y>
        </End>
      </Segment>
      <Segment>
        <SegmentID>5</SegmentID>
        <SegStyle>Hatch1</SegStyle>
        <End>
          <X>-34.8438</X>
          <Y>42.6757</Y>
        </End>
      </Segment>
      <Segment>
        <SegmentID>6</SegmentID>
        <SegStyle>Hatch1</SegStyle>
        <End>
          <X>-34.8438</X>
          <Y>42.7639</Y>
        </End>
      </Segment>
      <Segment>
        <SegmentID>7</SegmentID>
        <SegStyle>Hatch1</SegStyle>
        <End>
          <X>-34.1675</X>
          <Y>42.45</Y>
        </End>
      </Segment>
      <Segment>
        <SegmentID>8</SegmentID>
        <SegStyle>Hatch1</SegStyle>
        <End>
          <X>-33.9774</X>
          <Y>42.45</Y>
        </End>
      </Segment>
      <Segment>
        <SegmentID>9</SegmentID>
        <SegStyle>Hatch1</SegStyle>
        <End>
          <X>-34.8438</X>
          <Y>42.8522</Y>
        </End>
      </Segment>
      <Segment>
        <SegmentID>10</SegmentID>
        <SegStyle>Hatch1</SegStyle>
        <End>
          <X>-34.8438</X>
          <Y>42.9403</Y>
        </End>
      </Segment>
      <Segment>
        <SegmentID>11</SegmentID>
        <SegStyle>Hatch1</SegStyle>
        <End>
          <X>-33.7875</X>
          <Y>42.45</Y>
        </End>
      </Segment>
      <Segment>
        <SegmentID>12</SegmentID>
        <SegStyle>Hatch1</SegStyle>
        <End>
          <X>-33.5974</X>
          <Y>42.45</Y>
        </End>
      </Segment>
      <Segment>
        <SegmentID>13</SegmentID>
        <SegStyle>Hatch1</SegStyle>
        <End>
          <X>-34.8438</X>
          <Y>43.0286</Y>
        </End>
      </Segment>
      <Segment>
        <SegmentID>14</SegmentID>
        <SegStyle>Hatch1</SegStyle>
        <End>
          <X>-34.8438</X>
          <Y>43.1168</Y>
        </End>
      </Segment>
      <Segment>
        <SegmentID>15</SegmentID>
        <SegStyle>Hatch1</SegStyle>
        <End>
          <X>-33.4074</X>
          <Y>42.45</Y>
        </End>
      </Segment>
      <Segment>
        <SegmentID>16</SegmentID>
        <SegStyle>Hatch1</SegStyle>
        <End>
          <X>-33.2175</X>
          <Y>42.45</Y>
        </End>
      </Segment>
      <Segment>
        <SegmentID>17</SegmentID>
        <SegStyle>Hatch1</SegStyle>
        <End>
          <X>-34.8438</X>
          <Y>43.2049</Y>
        </End>
      </Segment>
      <Segment>
        <SegmentID>18</SegmentID>
        <SegStyle>Hatch1</SegStyle>
        <End>
          <X>-34.8438</X>
          <Y>43.2932</Y>
        </End>
      </Segment>
      <Segment>
        <SegmentID>19</SegmentID>
        <SegStyle>Hatch1</SegStyle>
        <End>
          <X>-33.0274</X>
          <Y>42.45</Y>
        </End>
      </Segment>
      <Segment>
        <SegmentID>20</SegmentID>
        <SegStyle>Hatch1</SegStyle>
        <End>
          <X>-32.8374</X>
          <Y>42.45</Y>
        </End>
      </Segment>
      <Segment>
        <SegmentID>21</SegmentID>
        <SegStyle>Hatch1</SegStyle>
        <End>
          <X>-34.8438</X>
          <Y>43.3814</Y>
        </End>
      </Segment>
      <Segment>
        <SegmentID>22</SegmentID>
        <SegStyle>Hatch1</SegStyle>
        <End>
          <X>-34.8438</X>
          <Y>43.4695</Y>
        </End>
      </Segment>
      <Segment>
        <SegmentID>23</SegmentID>
        <SegStyle>Hatch1</SegStyle>
        <End>
          <X>-32.6474</X>
          <Y>42.45</Y>
        </End>
      </Segment>
      <Segment>
        <SegmentID>24</SegmentID>
        <SegStyle>Hatch1</SegStyle>
        <End>
          <X>-32.4573</X>
          <Y>42.45</Y>
        </End>
      </Segment>
      <Segment>
        <SegmentID>25</SegmentID>
        <SegStyle>Hatch1</SegStyle>
        <End>
          <X>-34.8438</X>
          <Y>43.5578</Y>
        </End>
      </Segment>
      <Segment>
        <SegmentID>26</SegmentID>
        <SegStyle>Hatch1</SegStyle>
        <End>
          <X>-34.8438</X>
          <Y>43.6459</Y>
        </End>
      </Segment>
      <Segment>
        <SegmentID>27</SegmentID>
        <SegStyle>Hatch1</SegStyle>
        <End>
          <X>-32.2674</X>
          <Y>42.45</Y>
        </End>
      </Segment>
      <Segment>
        <SegmentID>28</SegmentID>
        <SegStyle>Hatch1</SegStyle>
        <End>
          <X>-32.0774</X>
          <Y>42.45</Y>
        </End>
      </Segment>
      <Segment>
        <SegmentID>29</SegmentID>
        <SegStyle>Hatch1</SegStyle>
        <End>
          <X>-34.8438</X>
          <Y>43.7341</Y>
        </End>
      </Segment>
      <Segment>
        <SegmentID>30</SegmentID>
        <SegStyle>Hatch1</SegStyle>
        <End>
          <X>-34.8438</X>
          <Y>43.8224</Y>
        </End>
      </Segment>
      <Segment>
        <SegmentID>31</SegmentID>
        <SegStyle>Hatch1</SegStyle>
        <End>
          <X>-31.8873</X>
          <Y>42.45</Y>
        </End>
      </Segment>
      <Segment>
        <SegmentID>32</SegmentID>
        <SegStyle>Hatch1</SegStyle>
        <End>
          <X>-31.6974</X>
          <Y>42.45</Y>
        </End>
      </Segment>
      <Segment>
        <SegmentID>33</SegmentID>
        <SegStyle>Hatch1</SegStyle>
        <End>
          <X>-34.8438</X>
          <Y>43.9105</Y>
        </End>
      </Segment>
      <Segment>
        <SegmentID>34</SegmentID>
        <SegStyle>Hatch1</SegStyle>
        <End>
          <X>-34.8438</X>
          <Y>43.9988</Y>
        </End>
      </Segment>
      <Segment>
        <SegmentID>35</SegmentID>
        <SegStyle>Hatch1</SegStyle>
        <End>
          <X>-31.5073</X>
          <Y>42.45</Y>
        </End>
      </Segment>
      <Segment>
        <SegmentID>36</SegmentID>
        <SegStyle>Hatch1</SegStyle>
        <End>
          <X>-31.3173</X>
          <Y>42.45</Y>
        </End>
      </Segment>
      <Segment>
        <SegmentID>37</SegmentID>
        <SegStyle>Hatch1</SegStyle>
        <End>
          <X>-34.8438</X>
          <Y>44.087</Y>
        </End>
      </Segment>
      <Segment>
        <SegmentID>38</SegmentID>
        <SegStyle>Hatch1</SegStyle>
        <End>
          <X>-34.8438</X>
          <Y>44.1751</Y>
        </End>
      </Segment>
      <Segment>
        <SegmentID>39</SegmentID>
        <SegStyle>Hatch1</SegStyle>
        <End>
          <X>-31.1273</X>
          <Y>42.45</Y>
        </End>
      </Segment>
      <Segment>
        <SegmentID>40</SegmentID>
        <SegStyle>Hatch1</SegStyle>
        <End>
          <X>-30.9373</X>
          <Y>42.45</Y>
        </End>
      </Segment>
      <Segment>
        <SegmentID>41</SegmentID>
        <SegStyle>Hatch1</SegStyle>
        <End>
          <X>-34.8438</X>
          <Y>44.2633</Y>
        </End>
      </Segment>
      <Segment>
        <SegmentID>42</SegmentID>
        <SegStyle>Hatch1</SegStyle>
        <End>
          <X>-34.8438</X>
          <Y>44.3516</Y>
        </End>
      </Segment>
      <Segment>
        <SegmentID>43</SegmentID>
        <SegStyle>Hatch1</SegStyle>
        <End>
          <X>-30.7473</X>
          <Y>42.45</Y>
        </End>
      </Segment>
      <Segment>
        <SegmentID>44</SegmentID>
        <SegStyle>Hatch1</SegStyle>
        <End>
          <X>-30.5573</X>
          <Y>42.45</Y>
        </End>
      </Segment>
      <Segment>
        <SegmentID>45</SegmentID>
        <SegStyle>Hatch1</SegStyle>
        <End>
          <X>-34.8438</X>
          <Y>44.4397</Y>
        </End>
      </Segment>
      <Segment>
        <SegmentID>46</SegmentID>
        <SegStyle>Hatch1</SegStyle>
        <End>
          <X>-34.8438</X>
          <Y>44.528</Y>
        </End>
      </Segment>
      <Segment>
        <SegmentID>47</SegmentID>
        <SegStyle>Hatch1</SegStyle>
        <End>
          <X>-30.3672</X>
          <Y>42.45</Y>
        </End>
      </Segment>
      <Segment>
        <SegmentID>48</SegmentID>
        <SegStyle>Hatch1</SegStyle>
        <End>
          <X>-30.1774</X>
          <Y>42.45</Y>
        </End>
      </Segment>
      <Segment>
        <SegmentID>49</SegmentID>
        <SegStyle>Hatch1</SegStyle>
        <End>
          <X>-34.8438</X>
          <Y>44.6161</Y>
        </End>
      </Segment>
      <Segment>
        <SegmentID>50</SegmentID>
        <SegStyle>Hatch1</SegStyle>
        <End>
          <X>-34.8438</X>
          <Y>44.7043</Y>
        </End>
      </Segment>
      <Segment>
        <SegmentID>51</SegmentID>
        <SegStyle>Hatch1</SegStyle>
        <End>
          <X>-29.9873</X>
          <Y>42.45</Y>
        </End>
      </Segment>
      <Segment>
        <SegmentID>52</SegmentID>
        <SegStyle>Hatch1</SegStyle>
        <End>
          <X>-29.7973</X>
          <Y>42.45</Y>
        </End>
      </Segment>
      <Segment>
        <SegmentID>53</SegmentID>
        <SegStyle>Hatch1</SegStyle>
        <End>
          <X>-34.8438</X>
          <Y>44.7925</Y>
        </End>
      </Segment>
      <Segment>
        <SegmentID>54</SegmentID>
        <SegStyle>Hatch1</SegStyle>
        <End>
          <X>-34.8438</X>
          <Y>44.8807</Y>
        </End>
      </Segment>
      <Segment>
        <SegmentID>55</SegmentID>
        <SegStyle>Hatch1</SegStyle>
        <End>
          <X>-29.6073</X>
          <Y>42.45</Y>
        </End>
      </Segment>
      <Segment>
        <SegmentID>56</SegmentID>
        <SegStyle>Hatch1</SegStyle>
        <End>
          <X>-29.4172</X>
          <Y>42.45</Y>
        </End>
      </Segment>
      <Segment>
        <SegmentID>57</SegmentID>
        <SegStyle>Hatch1</SegStyle>
        <End>
          <X>-34.8438</X>
          <Y>44.9689</Y>
        </End>
      </Segment>
      <Segment>
        <SegmentID>58</SegmentID>
        <SegStyle>Hatch1</SegStyle>
        <End>
          <X>-34.8438</X>
          <Y>45.0571</Y>
        </End>
      </Segment>
      <Segment>
        <SegmentID>59</SegmentID>
        <SegStyle>Hatch1</SegStyle>
        <End>
          <X>-29.2272</X>
          <Y>42.45</Y>
        </End>
      </Segment>
      <Segment>
        <SegmentID>60</SegmentID>
        <SegStyle>Hatch1</SegStyle>
        <End>
          <X>-29.0373</X>
          <Y>42.45</Y>
        </End>
      </Segment>
      <Segment>
        <SegmentID>61</SegmentID>
        <SegStyle>Hatch1</SegStyle>
        <End>
          <X>-34.8438</X>
          <Y>45.1453</Y>
        </End>
      </Segment>
      <Segment>
        <SegmentID>62</SegmentID>
        <SegStyle>Hatch1</SegStyle>
        <End>
          <X>-34.8438</X>
          <Y>45.2335</Y>
        </End>
      </Segment>
      <Segment>
        <SegmentID>63</SegmentID>
        <SegStyle>Hatch1</SegStyle>
        <End>
          <X>-28.8472</X>
          <Y>42.45</Y>
        </End>
      </Segment>
      <Segment>
        <SegmentID>64</SegmentID>
        <SegStyle>Hatch1</SegStyle>
        <End>
          <X>-28.6572</X>
          <Y>42.45</Y>
        </End>
      </Segment>
      <Segment>
        <SegmentID>65</SegmentID>
        <SegStyle>Hatch1</SegStyle>
        <End>
          <X>-34.8438</X>
          <Y>45.3217</Y>
        </End>
      </Segment>
      <Segment>
        <SegmentID>66</SegmentID>
        <SegStyle>Hatch1</SegStyle>
        <End>
          <X>-34.8438</X>
          <Y>45.4099</Y>
        </End>
      </Segment>
      <Segment>
        <SegmentID>67</SegmentID>
        <SegStyle>Hatch1</SegStyle>
        <End>
          <X>-28.4672</X>
          <Y>42.45</Y>
        </End>
      </Segment>
      <Segment>
        <SegmentID>68</SegmentID>
        <SegStyle>Hatch1</SegStyle>
        <End>
          <X>-28.2771</X>
          <Y>42.45</Y>
        </End>
      </Segment>
      <Segment>
        <SegmentID>69</SegmentID>
        <SegStyle>Hatch1</SegStyle>
        <End>
          <X>-34.8438</X>
          <Y>45.4981</Y>
        </End>
      </Segment>
      <Segment>
        <SegmentID>70</SegmentID>
        <SegStyle>Hatch1</SegStyle>
        <End>
          <X>-34.8438</X>
          <Y>45.5863</Y>
        </End>
      </Segment>
      <Segment>
        <SegmentID>71</SegmentID>
        <SegStyle>Hatch1</SegStyle>
        <End>
          <X>-28.0872</X>
          <Y>42.45</Y>
        </End>
      </Segment>
      <Segment>
        <SegmentID>72</SegmentID>
        <SegStyle>Hatch1</SegStyle>
        <End>
          <X>-27.8972</X>
          <Y>42.45</Y>
        </End>
      </Segment>
      <Segment>
        <SegmentID>73</SegmentID>
        <SegStyle>Hatch1</SegStyle>
        <End>
          <X>-34.8438</X>
          <Y>45.6745</Y>
        </End>
      </Segment>
      <Segment>
        <SegmentID>74</SegmentID>
        <SegStyle>Hatch1</SegStyle>
        <End>
          <X>-34.8438</X>
          <Y>45.7627</Y>
        </End>
      </Segment>
      <Segment>
        <SegmentID>75</SegmentID>
        <SegStyle>Hatch1</SegStyle>
        <End>
          <X>-27.7072</X>
          <Y>42.45</Y>
        </End>
      </Segment>
      <Segment>
        <SegmentID>76</SegmentID>
        <SegStyle>Hatch1</SegStyle>
        <End>
          <X>-27.5172</X>
          <Y>42.45</Y>
        </End>
      </Segment>
      <Segment>
        <SegmentID>77</SegmentID>
        <SegStyle>Hatch1</SegStyle>
        <End>
          <X>-34.8438</X>
          <Y>45.8509</Y>
        </End>
      </Segment>
      <Segment>
        <SegmentID>78</SegmentID>
        <SegStyle>Hatch1</SegStyle>
        <End>
          <X>-34.8438</X>
          <Y>45.9391</Y>
        </End>
      </Segment>
      <Segment>
        <SegmentID>79</SegmentID>
        <SegStyle>Hatch1</SegStyle>
        <End>
          <X>-27.3271</X>
          <Y>42.45</Y>
        </End>
      </Segment>
      <Segment>
        <SegmentID>80</SegmentID>
        <SegStyle>Hatch1</SegStyle>
        <End>
          <X>-27.1372</X>
          <Y>42.45</Y>
        </End>
      </Segment>
      <Segment>
        <SegmentID>81</SegmentID>
        <SegStyle>Hatch1</SegStyle>
        <End>
          <X>-34.8438</X>
          <Y>46.0273</Y>
        </End>
      </Segment>
      <Segment>
        <SegmentID>82</SegmentID>
        <SegStyle>Hatch1</SegStyle>
        <End>
          <X>-34.8438</X>
          <Y>46.1155</Y>
        </End>
      </Segment>
      <Segment>
        <SegmentID>83</SegmentID>
        <SegStyle>Hatch1</SegStyle>
        <End>
          <X>-26.9472</X>
          <Y>42.45</Y>
        </End>
      </Segment>
      <Segment>
        <SegmentID>84</SegmentID>
        <SegStyle>Hatch1</SegStyle>
        <End>
          <X>-26.7571</X>
          <Y>42.45</Y>
        </End>
      </Segment>
      <Segment>
        <SegmentID>85</SegmentID>
        <SegStyle>Hatch1</SegStyle>
        <End>
          <X>-34.8438</X>
          <Y>46.2037</Y>
        </End>
      </Segment>
      <Segment>
        <SegmentID>86</SegmentID>
        <SegStyle>Hatch1</SegStyle>
        <End>
          <X>-34.8438</X>
          <Y>46.2919</Y>
        </End>
      </Segment>
      <Segment>
        <SegmentID>87</SegmentID>
        <SegStyle>Hatch1</SegStyle>
        <End>
          <X>-26.5672</X>
          <Y>42.45</Y>
        </End>
      </Segment>
      <Segment>
        <SegmentID>88</SegmentID>
        <SegStyle>Hatch1</SegStyle>
        <End>
          <X>-26.3771</X>
          <Y>42.45</Y>
        </End>
      </Segment>
      <Segment>
        <SegmentID>89</SegmentID>
        <SegStyle>Hatch1</SegStyle>
        <End>
          <X>-34.8438</X>
          <Y>46.3801</Y>
        </End>
      </Segment>
      <Segment>
        <SegmentID>90</SegmentID>
        <SegStyle>Hatch1</SegStyle>
        <End>
          <X>-34.8438</X>
          <Y>46.4683</Y>
        </End>
      </Segment>
      <Segment>
        <SegmentID>91</SegmentID>
        <SegStyle>Hatch1</SegStyle>
        <End>
          <X>-26.187</X>
          <Y>42.45</Y>
        </End>
      </Segment>
      <Segment>
        <SegmentID>92</SegmentID>
        <SegStyle>Hatch1</SegStyle>
        <End>
          <X>-25.9971</X>
          <Y>42.45</Y>
        </End>
      </Segment>
      <Segment>
        <SegmentID>93</SegmentID>
        <SegStyle>Hatch1</SegStyle>
        <End>
          <X>-34.8438</X>
          <Y>46.5565</Y>
        </End>
      </Segment>
      <Segment>
        <SegmentID>94</SegmentID>
        <SegStyle>Hatch1</SegStyle>
        <End>
          <X>-34.8438</X>
          <Y>46.6447</Y>
        </End>
      </Segment>
      <Segment>
        <SegmentID>95</SegmentID>
        <SegStyle>Hatch1</SegStyle>
        <End>
          <X>-25.8071</X>
          <Y>42.45</Y>
        </End>
      </Segment>
      <Segment>
        <SegmentID>96</SegmentID>
        <SegStyle>Hatch1</SegStyle>
        <End>
          <X>-25.6172</X>
          <Y>42.45</Y>
        </End>
      </Segment>
      <Segment>
        <SegmentID>97</SegmentID>
        <SegStyle>Hatch1</SegStyle>
        <End>
          <X>-34.8438</X>
          <Y>46.7329</Y>
        </End>
      </Segment>
      <Segment>
        <SegmentID>98</SegmentID>
        <SegStyle>Hatch1</SegStyle>
        <End>
          <X>-34.8438</X>
          <Y>46.821</Y>
        </End>
      </Segment>
      <Segment>
        <SegmentID>99</SegmentID>
        <SegStyle>Hatch1</SegStyle>
        <End>
          <X>-25.4271</X>
          <Y>42.45</Y>
        </End>
      </Segment>
      <Segment>
        <SegmentID>100</SegmentID>
        <SegStyle>Hatch1</SegStyle>
        <End>
          <X>-25.237</X>
          <Y>42.45</Y>
        </End>
      </Segment>
      <Segment>
        <SegmentID>101</SegmentID>
        <SegStyle>Hatch1</SegStyle>
        <End>
          <X>-34.8438</X>
          <Y>46.9093</Y>
        </End>
      </Segment>
      <Segment>
        <SegmentID>102</SegmentID>
        <SegStyle>Hatch1</SegStyle>
        <End>
          <X>-34.8438</X>
          <Y>46.9975</Y>
        </End>
      </Segment>
      <Segment>
        <SegmentID>103</SegmentID>
        <SegStyle>Hatch1</SegStyle>
        <End>
          <X>-25.0471</X>
          <Y>42.45</Y>
        </End>
      </Segment>
      <Segment>
        <SegmentID>104</SegmentID>
        <SegStyle>Hatch1</SegStyle>
        <End>
          <X>-24.857</X>
          <Y>42.45</Y>
        </End>
      </Segment>
      <Segment>
        <SegmentID>105</SegmentID>
        <SegStyle>Hatch1</SegStyle>
        <End>
          <X>-34.8438</X>
          <Y>47.0857</Y>
        </End>
      </Segment>
      <Segment>
        <SegmentID>106</SegmentID>
        <SegStyle>Hatch1</SegStyle>
        <End>
          <X>-34.8438</X>
          <Y>47.1739</Y>
        </End>
      </Segment>
      <Segment>
        <SegmentID>107</SegmentID>
        <SegStyle>Hatch1</SegStyle>
        <End>
          <X>-24.667</X>
          <Y>42.45</Y>
        </End>
      </Segment>
      <Segment>
        <SegmentID>108</SegmentID>
        <SegStyle>Hatch1</SegStyle>
        <End>
          <X>-24.4771</X>
          <Y>42.45</Y>
        </End>
      </Segment>
      <Segment>
        <SegmentID>109</SegmentID>
        <SegStyle>Hatch1</SegStyle>
        <End>
          <X>-34.8438</X>
          <Y>47.2621</Y>
        </End>
      </Segment>
      <Segment>
        <SegmentID>110</SegmentID>
        <SegStyle>Hatch1</SegStyle>
        <End>
          <X>-34.8438</X>
          <Y>47.3503</Y>
        </End>
      </Segment>
      <Segment>
        <SegmentID>111</SegmentID>
        <SegStyle>Hatch1</SegStyle>
        <End>
          <X>-24.287</X>
          <Y>42.45</Y>
        </End>
      </Segment>
      <Segment>
        <SegmentID>112</SegmentID>
        <SegStyle>Hatch1</SegStyle>
        <End>
          <X>-24.0969</X>
          <Y>42.45</Y>
        </End>
      </Segment>
      <Segment>
        <SegmentID>113</SegmentID>
        <SegStyle>Hatch1</SegStyle>
        <End>
          <X>-34.8438</X>
          <Y>47.4385</Y>
        </End>
      </Segment>
      <Segment>
        <SegmentID>114</SegmentID>
        <SegStyle>Hatch1</SegStyle>
        <End>
          <X>-34.8438</X>
          <Y>47.5266</Y>
        </End>
      </Segment>
      <Segment>
        <SegmentID>115</SegmentID>
        <SegStyle>Hatch1</SegStyle>
        <End>
          <X>-23.907</X>
          <Y>42.45</Y>
        </End>
      </Segment>
      <Segment>
        <SegmentID>116</SegmentID>
        <SegStyle>Hatch1</SegStyle>
        <End>
          <X>-23.7169</X>
          <Y>42.45</Y>
        </End>
      </Segment>
      <Segment>
        <SegmentID>117</SegmentID>
        <SegStyle>Hatch1</SegStyle>
        <End>
          <X>-34.8438</X>
          <Y>47.6149</Y>
        </End>
      </Segment>
      <Segment>
        <SegmentID>118</SegmentID>
        <SegStyle>Hatch1</SegStyle>
        <End>
          <X>-34.8438</X>
          <Y>47.7031</Y>
        </End>
      </Segment>
      <Segment>
        <SegmentID>119</SegmentID>
        <SegStyle>Hatch1</SegStyle>
        <End>
          <X>-23.5271</X>
          <Y>42.45</Y>
        </End>
      </Segment>
      <Segment>
        <SegmentID>120</SegmentID>
        <SegStyle>Hatch1</SegStyle>
        <End>
          <X>-23.337</X>
          <Y>42.45</Y>
        </End>
      </Segment>
      <Segment>
        <SegmentID>121</SegmentID>
        <SegStyle>Hatch1</SegStyle>
        <End>
          <X>-34.8438</X>
          <Y>47.7913</Y>
        </End>
      </Segment>
      <Segment>
        <SegmentID>122</SegmentID>
        <SegStyle>Hatch1</SegStyle>
        <End>
          <X>-34.8438</X>
          <Y>47.8795</Y>
        </End>
      </Segment>
      <Segment>
        <SegmentID>123</SegmentID>
        <SegStyle>Hatch1</SegStyle>
        <End>
          <X>-23.1469</X>
          <Y>42.45</Y>
        </End>
      </Segment>
      <Segment>
        <SegmentID>124</SegmentID>
        <SegStyle>Hatch1</SegStyle>
        <End>
          <X>-23.009</X>
          <Y>42.4741</Y>
        </End>
      </Segment>
      <Segment>
        <SegmentID>125</SegmentID>
        <SegStyle>Hatch1</SegStyle>
        <End>
          <X>-34.8438</X>
          <Y>47.9677</Y>
        </End>
      </Segment>
      <Segment>
        <SegmentID>126</SegmentID>
        <SegStyle>Hatch1</SegStyle>
        <End>
          <X>-34.8438</X>
          <Y>48.0559</Y>
        </End>
      </Segment>
      <Segment>
        <SegmentID>127</SegmentID>
        <SegStyle>Hatch1</SegStyle>
        <End>
          <X>-23.009</X>
          <Y>42.5624</Y>
        </End>
      </Segment>
      <Segment>
        <SegmentID>128</SegmentID>
        <SegStyle>Hatch1</SegStyle>
        <End>
          <X>-23.009</X>
          <Y>42.6506</Y>
        </End>
      </Segment>
      <Segment>
        <SegmentID>129</SegmentID>
        <SegStyle>Hatch1</SegStyle>
        <End>
          <X>-34.8438</X>
          <Y>48.1441</Y>
        </End>
      </Segment>
      <Segment>
        <SegmentID>130</SegmentID>
        <SegStyle>Hatch1</SegStyle>
        <End>
          <X>-34.8438</X>
          <Y>48.2322</Y>
        </End>
      </Segment>
      <Segment>
        <SegmentID>131</SegmentID>
        <SegStyle>Hatch1</SegStyle>
        <End>
          <X>-23.009</X>
          <Y>42.7387</Y>
        </End>
      </Segment>
      <Segment>
        <SegmentID>132</SegmentID>
        <SegStyle>Hatch1</SegStyle>
        <End>
          <X>-23.009</X>
          <Y>42.8269</Y>
        </End>
      </Segment>
      <Segment>
        <SegmentID>133</SegmentID>
        <SegStyle>Hatch1</SegStyle>
        <End>
          <X>-34.8438</X>
          <Y>48.3205</Y>
        </End>
      </Segment>
      <Segment>
        <SegmentID>134</SegmentID>
        <SegStyle>Hatch1</SegStyle>
        <End>
          <X>-34.8438</X>
          <Y>48.4087</Y>
        </End>
      </Segment>
      <Segment>
        <SegmentID>135</SegmentID>
        <SegStyle>Hatch1</SegStyle>
        <End>
          <X>-23.009</X>
          <Y>42.9152</Y>
        </End>
      </Segment>
      <Segment>
        <SegmentID>136</SegmentID>
        <SegStyle>Hatch1</SegStyle>
        <End>
          <X>-23.009</X>
          <Y>43.0033</Y>
        </End>
      </Segment>
      <Segment>
        <SegmentID>137</SegmentID>
        <SegStyle>Hatch1</SegStyle>
        <End>
          <X>-34.8438</X>
          <Y>48.4968</Y>
        </End>
      </Segment>
      <Segment>
        <SegmentID>138</SegmentID>
        <SegStyle>Hatch1</SegStyle>
        <End>
          <X>-34.8438</X>
          <Y>48.5851</Y>
        </End>
      </Segment>
      <Segment>
        <SegmentID>139</SegmentID>
        <SegStyle>Hatch1</SegStyle>
        <End>
          <X>-23.009</X>
          <Y>43.0916</Y>
        </End>
      </Segment>
      <Segment>
        <SegmentID>140</SegmentID>
        <SegStyle>Hatch1</SegStyle>
        <End>
          <X>-23.009</X>
          <Y>43.1797</Y>
        </End>
      </Segment>
      <Segment>
        <SegmentID>141</SegmentID>
        <SegStyle>Hatch1</SegStyle>
        <End>
          <X>-34.8438</X>
          <Y>48.6733</Y>
        </End>
      </Segment>
      <Segment>
        <SegmentID>142</SegmentID>
        <SegStyle>Hatch1</SegStyle>
        <End>
          <X>-34.8438</X>
          <Y>48.7614</Y>
        </End>
      </Segment>
      <Segment>
        <SegmentID>143</SegmentID>
        <SegStyle>Hatch1</SegStyle>
        <End>
          <X>-23.009</X>
          <Y>43.2679</Y>
        </End>
      </Segment>
      <Segment>
        <SegmentID>144</SegmentID>
        <SegStyle>Hatch1</SegStyle>
        <End>
          <X>-23.009</X>
          <Y>43.3561</Y>
        </End>
      </Segment>
      <Segment>
        <SegmentID>145</SegmentID>
        <SegStyle>Hatch1</SegStyle>
        <End>
          <X>-34.8438</X>
          <Y>48.8496</Y>
        </End>
      </Segment>
      <Segment>
        <SegmentID>146</SegmentID>
        <SegStyle>Hatch1</SegStyle>
        <End>
          <X>-34.8438</X>
          <Y>48.9379</Y>
        </End>
      </Segment>
      <Segment>
        <SegmentID>147</SegmentID>
        <SegStyle>Hatch1</SegStyle>
        <End>
          <X>-23.009</X>
          <Y>43.4443</Y>
        </End>
      </Segment>
      <Segment>
        <SegmentID>148</SegmentID>
        <SegStyle>Hatch1</SegStyle>
        <End>
          <X>-23.009</X>
          <Y>43.5325</Y>
        </End>
      </Segment>
      <Segment>
        <SegmentID>149</SegmentID>
        <SegStyle>Hatch1</SegStyle>
        <End>
          <X>-34.8438</X>
          <Y>49.026</Y>
        </End>
      </Segment>
      <Segment>
        <SegmentID>150</SegmentID>
        <SegStyle>Hatch1</SegStyle>
        <End>
          <X>-34.8438</X>
          <Y>49.1143</Y>
        </End>
      </Segment>
      <Segment>
        <SegmentID>151</SegmentID>
        <SegStyle>Hatch1</SegStyle>
        <End>
          <X>-23.009</X>
          <Y>43.6208</Y>
        </End>
      </Segment>
      <Segment>
        <SegmentID>152</SegmentID>
        <SegStyle>Hatch1</SegStyle>
        <End>
          <X>-23.009</X>
          <Y>43.7089</Y>
        </End>
      </Segment>
      <Segment>
        <SegmentID>153</SegmentID>
        <SegStyle>Hatch1</SegStyle>
        <End>
          <X>-34.8438</X>
          <Y>49.2024</Y>
        </End>
      </Segment>
      <Segment>
        <SegmentID>154</SegmentID>
        <SegStyle>Hatch1</SegStyle>
        <End>
          <X>-34.8438</X>
          <Y>49.2907</Y>
        </End>
      </Segment>
      <Segment>
        <SegmentID>155</SegmentID>
        <SegStyle>Hatch1</SegStyle>
        <End>
          <X>-23.009</X>
          <Y>43.7971</Y>
        </End>
      </Segment>
      <Segment>
        <SegmentID>156</SegmentID>
        <SegStyle>Hatch1</SegStyle>
        <End>
          <X>-23.009</X>
          <Y>43.8853</Y>
        </End>
      </Segment>
      <Segment>
        <SegmentID>157</SegmentID>
        <SegStyle>Hatch1</SegStyle>
        <End>
          <X>-34.8438</X>
          <Y>49.3788</Y>
        </End>
      </Segment>
      <Segment>
        <SegmentID>158</SegmentID>
        <SegStyle>Hatch1</SegStyle>
        <End>
          <X>-34.8438</X>
          <Y>49.467</Y>
        </End>
      </Segment>
      <Segment>
        <SegmentID>159</SegmentID>
        <SegStyle>Hatch1</SegStyle>
        <End>
          <X>-23.009</X>
          <Y>43.9735</Y>
        </End>
      </Segment>
      <Segment>
        <SegmentID>160</SegmentID>
        <SegStyle>Hatch1</SegStyle>
        <End>
          <X>-23.009</X>
          <Y>44.0617</Y>
        </End>
      </Segment>
      <Segment>
        <SegmentID>161</SegmentID>
        <SegStyle>Hatch1</SegStyle>
        <End>
          <X>-34.8438</X>
          <Y>49.5552</Y>
        </End>
      </Segment>
      <Segment>
        <SegmentID>162</SegmentID>
        <SegStyle>Hatch1</SegStyle>
        <End>
          <X>-34.8438</X>
          <Y>49.6435</Y>
        </End>
      </Segment>
      <Segment>
        <SegmentID>163</SegmentID>
        <SegStyle>Hatch1</SegStyle>
        <End>
          <X>-23.009</X>
          <Y>44.1499</Y>
        </End>
      </Segment>
      <Segment>
        <SegmentID>164</SegmentID>
        <SegStyle>Hatch1</SegStyle>
        <End>
          <X>-23.009</X>
          <Y>44.2381</Y>
        </End>
      </Segment>
      <Segment>
        <SegmentID>165</SegmentID>
        <SegStyle>Hatch1</SegStyle>
        <End>
          <X>-34.8438</X>
          <Y>49.7316</Y>
        </End>
      </Segment>
      <Segment>
        <SegmentID>166</SegmentID>
        <SegStyle>Hatch1</SegStyle>
        <End>
          <X>-34.8438</X>
          <Y>49.8199</Y>
        </End>
      </Segment>
      <Segment>
        <SegmentID>167</SegmentID>
        <SegStyle>Hatch1</SegStyle>
        <End>
          <X>-23.009</X>
          <Y>44.3263</Y>
        </End>
      </Segment>
      <Segment>
        <SegmentID>168</SegmentID>
        <SegStyle>Hatch1</SegStyle>
        <End>
          <X>-23.009</X>
          <Y>44.4145</Y>
        </End>
      </Segment>
      <Segment>
        <SegmentID>169</SegmentID>
        <SegStyle>Hatch1</SegStyle>
        <End>
          <X>-34.8438</X>
          <Y>49.9081</Y>
        </End>
      </Segment>
      <Segment>
        <SegmentID>170</SegmentID>
        <SegStyle>Hatch1</SegStyle>
        <End>
          <X>-34.8438</X>
          <Y>49.9962</Y>
        </End>
      </Segment>
      <Segment>
        <SegmentID>171</SegmentID>
        <SegStyle>Hatch1</SegStyle>
        <End>
          <X>-23.009</X>
          <Y>44.5027</Y>
        </End>
      </Segment>
      <Segment>
        <SegmentID>172</SegmentID>
        <SegStyle>Hatch1</SegStyle>
        <End>
          <X>-23.009</X>
          <Y>44.591</Y>
        </End>
      </Segment>
      <Segment>
        <SegmentID>173</SegmentID>
        <SegStyle>Hatch1</SegStyle>
        <End>
          <X>-34.8438</X>
          <Y>50.0845</Y>
        </End>
      </Segment>
      <Segment>
        <SegmentID>174</SegmentID>
        <SegStyle>Hatch1</SegStyle>
        <End>
          <X>-34.8438</X>
          <Y>50.1726</Y>
        </End>
      </Segment>
      <Segment>
        <SegmentID>175</SegmentID>
        <SegStyle>Hatch1</SegStyle>
        <End>
          <X>-23.009</X>
          <Y>44.6791</Y>
        </End>
      </Segment>
      <Segment>
        <SegmentID>176</SegmentID>
        <SegStyle>Hatch1</SegStyle>
        <End>
          <X>-23.009</X>
          <Y>44.7673</Y>
        </End>
      </Segment>
      <Segment>
        <SegmentID>177</SegmentID>
        <SegStyle>Hatch1</SegStyle>
        <End>
          <X>-34.8438</X>
          <Y>50.2608</Y>
        </End>
      </Segment>
      <Segment>
        <SegmentID>178</SegmentID>
        <SegStyle>Hatch1</SegStyle>
        <End>
          <X>-34.8438</X>
          <Y>50.3491</Y>
        </End>
      </Segment>
      <Segment>
        <SegmentID>179</SegmentID>
        <SegStyle>Hatch1</SegStyle>
        <End>
          <X>-23.009</X>
          <Y>44.8555</Y>
        </End>
      </Segment>
      <Segment>
        <SegmentID>180</SegmentID>
        <SegStyle>Hatch1</SegStyle>
        <End>
          <X>-23.009</X>
          <Y>44.9437</Y>
        </End>
      </Segment>
      <Segment>
        <SegmentID>181</SegmentID>
        <SegStyle>Hatch1</SegStyle>
        <End>
          <X>-34.8438</X>
          <Y>50.4372</Y>
        </End>
      </Segment>
      <Segment>
        <SegmentID>182</SegmentID>
        <SegStyle>Hatch1</SegStyle>
        <End>
          <X>-34.8438</X>
          <Y>50.5254</Y>
        </End>
      </Segment>
      <Segment>
        <SegmentID>183</SegmentID>
        <SegStyle>Hatch1</SegStyle>
        <End>
          <X>-23.009</X>
          <Y>45.0319</Y>
        </End>
      </Segment>
      <Segment>
        <SegmentID>184</SegmentID>
        <SegStyle>Hatch1</SegStyle>
        <End>
          <X>-23.009</X>
          <Y>45.1201</Y>
        </End>
      </Segment>
      <Segment>
        <SegmentID>185</SegmentID>
        <SegStyle>Hatch1</SegStyle>
        <End>
          <X>-34.8438</X>
          <Y>50.6137</Y>
        </End>
      </Segment>
      <Segment>
        <SegmentID>186</SegmentID>
        <SegStyle>Hatch1</SegStyle>
        <End>
          <X>-34.8438</X>
          <Y>50.7018</Y>
        </End>
      </Segment>
      <Segment>
        <SegmentID>187</SegmentID>
        <SegStyle>Hatch1</SegStyle>
        <End>
          <X>-23.009</X>
          <Y>45.2083</Y>
        </End>
      </Segment>
      <Segment>
        <SegmentID>188</SegmentID>
        <SegStyle>Hatch1</SegStyle>
        <End>
          <X>-23.009</X>
          <Y>45.2965</Y>
        </End>
      </Segment>
      <Segment>
        <SegmentID>189</SegmentID>
        <SegStyle>Hatch1</SegStyle>
        <End>
          <X>-34.8438</X>
          <Y>50.79</Y>
        </End>
      </Segment>
      <Segment>
        <SegmentID>190</SegmentID>
        <SegStyle>Hatch1</SegStyle>
        <End>
          <X>-34.8438</X>
          <Y>50.8783</Y>
        </End>
      </Segment>
      <Segment>
        <SegmentID>191</SegmentID>
        <SegStyle>Hatch1</SegStyle>
        <End>
          <X>-23.009</X>
          <Y>45.3847</Y>
        </End>
      </Segment>
      <Segment>
        <SegmentID>192</SegmentID>
        <SegStyle>Hatch1</SegStyle>
        <End>
          <X>-23.009</X>
          <Y>45.4729</Y>
        </End>
      </Segment>
      <Segment>
        <SegmentID>193</SegmentID>
        <SegStyle>Hatch1</SegStyle>
        <End>
          <X>-34.8438</X>
          <Y>50.9664</Y>
        </End>
      </Segment>
      <Segment>
        <SegmentID>194</SegmentID>
        <SegStyle>Hatch1</SegStyle>
        <End>
          <X>-34.8438</X>
          <Y>51.0546</Y>
        </End>
      </Segment>
      <Segment>
        <SegmentID>195</SegmentID>
        <SegStyle>Hatch1</SegStyle>
        <End>
          <X>-23.009</X>
          <Y>45.5611</Y>
        </End>
      </Segment>
      <Segment>
        <SegmentID>196</SegmentID>
        <SegStyle>Hatch1</SegStyle>
        <End>
          <X>-23.009</X>
          <Y>45.6493</Y>
        </End>
      </Segment>
      <Segment>
        <SegmentID>197</SegmentID>
        <SegStyle>Hatch1</SegStyle>
        <End>
          <X>-34.8438</X>
          <Y>51.1428</Y>
        </End>
      </Segment>
      <Segment>
        <SegmentID>198</SegmentID>
        <SegStyle>Hatch1</SegStyle>
        <End>
          <X>-34.8438</X>
          <Y>51.231</Y>
        </End>
      </Segment>
      <Segment>
        <SegmentID>199</SegmentID>
        <SegStyle>Hatch1</SegStyle>
        <End>
          <X>-23.009</X>
          <Y>45.7375</Y>
        </End>
      </Segment>
      <Segment>
        <SegmentID>200</SegmentID>
        <SegStyle>Hatch1</SegStyle>
        <End>
          <X>-23.009</X>
          <Y>45.8256</Y>
        </End>
      </Segment>
      <Segment>
        <SegmentID>201</SegmentID>
        <SegStyle>Hatch1</SegStyle>
        <End>
          <X>-34.8438</X>
          <Y>51.3193</Y>
        </End>
      </Segment>
      <Segment>
        <SegmentID>202</SegmentID>
        <SegStyle>Hatch1</SegStyle>
        <End>
          <X>-34.8438</X>
          <Y>51.4074</Y>
        </End>
      </Segment>
      <Segment>
        <SegmentID>203</SegmentID>
        <SegStyle>Hatch1</SegStyle>
        <End>
          <X>-23.009</X>
          <Y>45.9139</Y>
        </End>
      </Segment>
      <Segment>
        <SegmentID>204</SegmentID>
        <SegStyle>Hatch1</SegStyle>
        <End>
          <X>-23.009</X>
          <Y>46.0021</Y>
        </End>
      </Segment>
      <Segment>
        <SegmentID>205</SegmentID>
        <SegStyle>Hatch1</SegStyle>
        <End>
          <X>-34.8438</X>
          <Y>51.4956</Y>
        </End>
      </Segment>
      <Segment>
        <SegmentID>206</SegmentID>
        <SegStyle>Hatch1</SegStyle>
        <End>
          <X>-34.8438</X>
          <Y>51.5838</Y>
        </End>
      </Segment>
      <Segment>
        <SegmentID>207</SegmentID>
        <SegStyle>Hatch1</SegStyle>
        <End>
          <X>-23.009</X>
          <Y>46.0903</Y>
        </End>
      </Segment>
      <Segment>
        <SegmentID>208</SegmentID>
        <SegStyle>Hatch1</SegStyle>
        <End>
          <X>-23.009</X>
          <Y>46.1785</Y>
        </End>
      </Segment>
      <Segment>
        <SegmentID>209</SegmentID>
        <SegStyle>Hatch1</SegStyle>
        <End>
          <X>-34.8438</X>
          <Y>51.672</Y>
        </End>
      </Segment>
      <Segment>
        <SegmentID>210</SegmentID>
        <SegStyle>Hatch1</SegStyle>
        <End>
          <X>-34.8438</X>
          <Y>51.7602</Y>
        </End>
      </Segment>
      <Segment>
        <SegmentID>211</SegmentID>
        <SegStyle>Hatch1</SegStyle>
        <End>
          <X>-23.009</X>
          <Y>46.2667</Y>
        </End>
      </Segment>
      <Segment>
        <SegmentID>212</SegmentID>
        <SegStyle>Hatch1</SegStyle>
        <End>
          <X>-23.009</X>
          <Y>46.3548</Y>
        </End>
      </Segment>
      <Segment>
        <SegmentID>213</SegmentID>
        <SegStyle>Hatch1</SegStyle>
        <End>
          <X>-34.8438</X>
          <Y>51.8484</Y>
        </End>
      </Segment>
      <Segment>
        <SegmentID>214</SegmentID>
        <SegStyle>Hatch1</SegStyle>
        <End>
          <X>-34.8438</X>
          <Y>51.9366</Y>
        </End>
      </Segment>
      <Segment>
        <SegmentID>215</SegmentID>
        <SegStyle>Hatch1</SegStyle>
        <End>
          <X>-23.009</X>
          <Y>46.4431</Y>
        </End>
      </Segment>
      <Segment>
        <SegmentID>216</SegmentID>
        <SegStyle>Hatch1</SegStyle>
        <End>
          <X>-23.009</X>
          <Y>46.5313</Y>
        </End>
      </Segment>
      <Segment>
        <SegmentID>217</SegmentID>
        <SegStyle>Hatch1</SegStyle>
        <End>
          <X>-34.8438</X>
          <Y>52.0248</Y>
        </End>
      </Segment>
      <Segment>
        <SegmentID>218</SegmentID>
        <SegStyle>Hatch1</SegStyle>
        <End>
          <X>-34.8438</X>
          <Y>52.113</Y>
        </End>
      </Segment>
      <Segment>
        <SegmentID>219</SegmentID>
        <SegStyle>Hatch1</SegStyle>
        <End>
          <X>-23.009</X>
          <Y>46.6195</Y>
        </End>
      </Segment>
      <Segment>
        <SegmentID>220</SegmentID>
        <SegStyle>Hatch1</SegStyle>
        <End>
          <X>-23.009</X>
          <Y>46.7077</Y>
        </End>
      </Segment>
      <Segment>
        <SegmentID>221</SegmentID>
        <SegStyle>Hatch1</SegStyle>
        <End>
          <X>-34.8438</X>
          <Y>52.2012</Y>
        </End>
      </Segment>
      <Segment>
        <SegmentID>222</SegmentID>
        <SegStyle>Hatch1</SegStyle>
        <End>
          <X>-34.8438</X>
          <Y>52.2894</Y>
        </End>
      </Segment>
      <Segment>
        <SegmentID>223</SegmentID>
        <SegStyle>Hatch1</SegStyle>
        <End>
          <X>-23.009</X>
          <Y>46.7958</Y>
        </End>
      </Segment>
      <Segment>
        <SegmentID>224</SegmentID>
        <SegStyle>Hatch1</SegStyle>
        <End>
          <X>-23.009</X>
          <Y>46.884</Y>
        </End>
      </Segment>
      <Segment>
        <SegmentID>225</SegmentID>
        <SegStyle>Hatch1</SegStyle>
        <End>
          <X>-34.8438</X>
          <Y>52.3776</Y>
        </End>
      </Segment>
      <Segment>
        <SegmentID>226</SegmentID>
        <SegStyle>Hatch1</SegStyle>
        <End>
          <X>-34.8438</X>
          <Y>52.4658</Y>
        </End>
      </Segment>
      <Segment>
        <SegmentID>227</SegmentID>
        <SegStyle>Hatch1</SegStyle>
        <End>
          <X>-23.009</X>
          <Y>46.9723</Y>
        </End>
      </Segment>
      <Segment>
        <SegmentID>228</SegmentID>
        <SegStyle>Hatch1</SegStyle>
        <End>
          <X>-23.009</X>
          <Y>47.0604</Y>
        </End>
      </Segment>
      <Segment>
        <SegmentID>229</SegmentID>
        <SegStyle>Hatch1</SegStyle>
        <End>
          <X>-34.8438</X>
          <Y>52.554</Y>
        </End>
      </Segment>
      <Segment>
        <SegmentID>230</SegmentID>
        <SegStyle>Hatch1</SegStyle>
        <End>
          <X>-34.8438</X>
          <Y>52.6422</Y>
        </End>
      </Segment>
      <Segment>
        <SegmentID>231</SegmentID>
        <SegStyle>Hatch1</SegStyle>
        <End>
          <X>-23.009</X>
          <Y>47.1487</Y>
        </End>
      </Segment>
      <Segment>
        <SegmentID>232</SegmentID>
        <SegStyle>Hatch1</SegStyle>
        <End>
          <X>-23.009</X>
          <Y>47.2369</Y>
        </End>
      </Segment>
      <Segment>
        <SegmentID>233</SegmentID>
        <SegStyle>Hatch1</SegStyle>
        <End>
          <X>-34.8438</X>
          <Y>52.7304</Y>
        </End>
      </Segment>
      <Segment>
        <SegmentID>234</SegmentID>
        <SegStyle>Hatch1</SegStyle>
        <End>
          <X>-34.8438</X>
          <Y>52.8186</Y>
        </End>
      </Segment>
      <Segment>
        <SegmentID>235</SegmentID>
        <SegStyle>Hatch1</SegStyle>
        <End>
          <X>-23.009</X>
          <Y>47.325</Y>
        </End>
      </Segment>
      <Segment>
        <SegmentID>236</SegmentID>
        <SegStyle>Hatch1</SegStyle>
        <End>
          <X>-23.009</X>
          <Y>47.4133</Y>
        </End>
      </Segment>
      <Segment>
        <SegmentID>237</SegmentID>
        <SegStyle>Hatch1</SegStyle>
        <End>
          <X>-34.8438</X>
          <Y>52.9068</Y>
        </End>
      </Segment>
      <Segment>
        <SegmentID>238</SegmentID>
        <SegStyle>Hatch1</SegStyle>
        <End>
          <X>-34.8438</X>
          <Y>52.995</Y>
        </End>
      </Segment>
      <Segment>
        <SegmentID>239</SegmentID>
        <SegStyle>Hatch1</SegStyle>
        <End>
          <X>-23.009</X>
          <Y>47.5015</Y>
        </End>
      </Segment>
      <Segment>
        <SegmentID>240</SegmentID>
        <SegStyle>Hatch1</SegStyle>
        <End>
          <X>-23.009</X>
          <Y>47.5896</Y>
        </End>
      </Segment>
      <Segment>
        <SegmentID>241</SegmentID>
        <SegStyle>Hatch1</SegStyle>
        <End>
          <X>-34.8438</X>
          <Y>53.0831</Y>
        </End>
      </Segment>
      <Segment>
        <SegmentID>242</SegmentID>
        <SegStyle>Hatch1</SegStyle>
        <End>
          <X>-34.8438</X>
          <Y>53.1714</Y>
        </End>
      </Segment>
      <Segment>
        <SegmentID>243</SegmentID>
        <SegStyle>Hatch1</SegStyle>
        <End>
          <X>-23.009</X>
          <Y>47.6779</Y>
        </End>
      </Segment>
      <Segment>
        <SegmentID>244</SegmentID>
        <SegStyle>Hatch1</SegStyle>
        <End>
          <X>-23.009</X>
          <Y>47.766</Y>
        </End>
      </Segment>
      <Segment>
        <SegmentID>245</SegmentID>
        <SegStyle>Hatch1</SegStyle>
        <End>
          <X>-34.8438</X>
          <Y>53.2596</Y>
        </End>
      </Segment>
      <Segment>
        <SegmentID>246</SegmentID>
        <SegStyle>Hatch1</SegStyle>
        <End>
          <X>-34.8438</X>
          <Y>53.3478</Y>
        </End>
      </Segment>
      <Segment>
        <SegmentID>247</SegmentID>
        <SegStyle>Hatch1</SegStyle>
        <End>
          <X>-23.009</X>
          <Y>47.8542</Y>
        </End>
      </Segment>
      <Segment>
        <SegmentID>248</SegmentID>
        <SegStyle>Hatch1</SegStyle>
        <End>
          <X>-23.009</X>
          <Y>47.9425</Y>
        </End>
      </Segment>
      <Segment>
        <SegmentID>249</SegmentID>
        <SegStyle>Hatch1</SegStyle>
        <End>
          <X>-34.8438</X>
          <Y>53.436</Y>
        </End>
      </Segment>
      <Segment>
        <SegmentID>250</SegmentID>
        <SegStyle>Hatch1</SegStyle>
        <End>
          <X>-34.8438</X>
          <Y>53.5242</Y>
        </End>
      </Segment>
      <Segment>
        <SegmentID>251</SegmentID>
        <SegStyle>Hatch1</SegStyle>
        <End>
          <X>-23.009</X>
          <Y>48.0306</Y>
        </End>
      </Segment>
      <Segment>
        <SegmentID>252</SegmentID>
        <SegStyle>Hatch1</SegStyle>
        <End>
          <X>-23.009</X>
          <Y>48.1188</Y>
        </End>
      </Segment>
      <Segment>
        <SegmentID>253</SegmentID>
        <SegStyle>Hatch1</SegStyle>
        <End>
          <X>-34.8438</X>
          <Y>53.6124</Y>
        </End>
      </Segment>
      <Segment>
        <SegmentID>254</SegmentID>
        <SegStyle>Hatch1</SegStyle>
        <End>
          <X>-34.8438</X>
          <Y>53.7006</Y>
        </End>
      </Segment>
      <Segment>
        <SegmentID>255</SegmentID>
        <SegStyle>Hatch1</SegStyle>
        <End>
          <X>-23.009</X>
          <Y>48.2071</Y>
        </End>
      </Segment>
      <Segment>
        <SegmentID>256</SegmentID>
        <SegStyle>Hatch1</SegStyle>
        <End>
          <X>-23.009</X>
          <Y>48.2952</Y>
        </End>
      </Segment>
      <Segment>
        <SegmentID>257</SegmentID>
        <SegStyle>Hatch1</SegStyle>
        <End>
          <X>-34.8438</X>
          <Y>53.7887</Y>
        </End>
      </Segment>
      <Segment>
        <SegmentID>258</SegmentID>
        <SegStyle>Hatch1</SegStyle>
        <End>
          <X>-34.8438</X>
          <Y>53.877</Y>
        </End>
      </Segment>
      <Segment>
        <SegmentID>259</SegmentID>
        <SegStyle>Hatch1</SegStyle>
        <End>
          <X>-23.009</X>
          <Y>48.3834</Y>
        </End>
      </Segment>
      <Segment>
        <SegmentID>260</SegmentID>
        <SegStyle>Hatch1</SegStyle>
        <End>
          <X>-23.009</X>
          <Y>48.4716</Y>
        </End>
      </Segment>
      <Segment>
        <SegmentID>261</SegmentID>
        <SegStyle>Hatch1</SegStyle>
        <End>
          <X>-34.8438</X>
          <Y>53.9652</Y>
        </End>
      </Segment>
      <Segment>
        <SegmentID>262</SegmentID>
        <SegStyle>Hatch1</SegStyle>
        <End>
          <X>-34.8438</X>
          <Y>54.0533</Y>
        </End>
      </Segment>
      <Segment>
        <SegmentID>263</SegmentID>
        <SegStyle>Hatch1</SegStyle>
        <End>
          <X>-23.009</X>
          <Y>48.5598</Y>
        </End>
      </Segment>
      <Segment>
        <SegmentID>264</SegmentID>
        <SegStyle>Hatch1</SegStyle>
        <End>
          <X>-23.009</X>
          <Y>48.6481</Y>
        </End>
      </Segment>
      <Segment>
        <SegmentID>265</SegmentID>
        <SegStyle>Hatch1</SegStyle>
        <End>
          <X>-34.8438</X>
          <Y>54.1416</Y>
        </End>
      </Segment>
      <Segment>
        <SegmentID>266</SegmentID>
        <SegStyle>Hatch1</SegStyle>
        <End>
          <X>-34.8438</X>
          <Y>54.2298</Y>
        </End>
      </Segment>
      <Segment>
        <SegmentID>267</SegmentID>
        <SegStyle>Hatch1</SegStyle>
        <End>
          <X>-23.009</X>
          <Y>48.7362</Y>
        </End>
      </Segment>
      <Segment>
        <SegmentID>268</SegmentID>
        <SegStyle>Hatch1</SegStyle>
        <End>
          <X>-23.009</X>
          <Y>48.8244</Y>
        </End>
      </Segment>
      <Segment>
        <SegmentID>269</SegmentID>
        <SegStyle>Hatch1</SegStyle>
        <End>
          <X>-34.6541</X>
          <Y>54.2299</Y>
        </End>
      </Segment>
      <Segment>
        <SegmentID>270</SegmentID>
        <SegStyle>Hatch1</SegStyle>
        <End>
          <X>-34.464</X>
          <Y>54.2299</Y>
        </End>
      </Segment>
      <Segment>
        <SegmentID>271</SegmentID>
        <SegStyle>Hatch1</SegStyle>
        <End>
          <X>-23.009</X>
          <Y>48.9127</Y>
        </End>
      </Segment>
      <Segment>
        <SegmentID>272</SegmentID>
        <SegStyle>Hatch1</SegStyle>
        <End>
          <X>-23.009</X>
          <Y>49.0008</Y>
        </End>
      </Segment>
      <Segment>
        <SegmentID>273</SegmentID>
        <SegStyle>Hatch1</SegStyle>
        <End>
          <X>-34.2739</X>
          <Y>54.2299</Y>
        </End>
      </Segment>
      <Segment>
        <SegmentID>274</SegmentID>
        <SegStyle>Hatch1</SegStyle>
        <End>
          <X>-34.0841</X>
          <Y>54.2299</Y>
        </End>
      </Segment>
      <Segment>
        <SegmentID>275</SegmentID>
        <SegStyle>Hatch1</SegStyle>
        <End>
          <X>-23.009</X>
          <Y>49.089</Y>
        </End>
      </Segment>
      <Segment>
        <SegmentID>276</SegmentID>
        <SegStyle>Hatch1</SegStyle>
        <End>
          <X>-23.009</X>
          <Y>49.1773</Y>
        </End>
      </Segment>
      <Segment>
        <SegmentID>277</SegmentID>
        <SegStyle>Hatch1</SegStyle>
        <End>
          <X>-33.894</X>
          <Y>54.2299</Y>
        </End>
      </Segment>
      <Segment>
        <SegmentID>278</SegmentID>
        <SegStyle>Hatch1</SegStyle>
        <End>
          <X>-33.7041</X>
          <Y>54.2299</Y>
        </End>
      </Segment>
      <Segment>
        <SegmentID>279</SegmentID>
        <SegStyle>Hatch1</SegStyle>
        <End>
          <X>-23.009</X>
          <Y>49.2654</Y>
        </End>
      </Segment>
      <Segment>
        <SegmentID>280</SegmentID>
        <SegStyle>Hatch1</SegStyle>
        <End>
          <X>-23.009</X>
          <Y>49.3536</Y>
        </End>
      </Segment>
      <Segment>
        <SegmentID>281</SegmentID>
        <SegStyle>Hatch1</SegStyle>
        <End>
          <X>-33.514</X>
          <Y>54.2299</Y>
        </End>
      </Segment>
      <Segment>
        <SegmentID>282</SegmentID>
        <SegStyle>Hatch1</SegStyle>
        <End>
          <X>-33.324</X>
          <Y>54.2299</Y>
        </End>
      </Segment>
      <Segment>
        <SegmentID>283</SegmentID>
        <SegStyle>Hatch1</SegStyle>
        <End>
          <X>-23.009</X>
          <Y>49.4418</Y>
        </End>
      </Segment>
      <Segment>
        <SegmentID>284</SegmentID>
        <SegStyle>Hatch1</SegStyle>
        <End>
          <X>-23.009</X>
          <Y>49.53</Y>
        </End>
      </Segment>
      <Segment>
        <SegmentID>285</SegmentID>
        <SegStyle>Hatch1</SegStyle>
        <End>
          <X>-33.1341</X>
          <Y>54.2299</Y>
        </End>
      </Segment>
      <Segment>
        <SegmentID>286</SegmentID>
        <SegStyle>Hatch1</SegStyle>
        <End>
          <X>-32.944</X>
          <Y>54.2299</Y>
        </End>
      </Segment>
      <Segment>
        <SegmentID>287</SegmentID>
        <SegStyle>Hatch1</SegStyle>
        <End>
          <X>-23.009</X>
          <Y>49.6182</Y>
        </End>
      </Segment>
      <Segment>
        <SegmentID>288</SegmentID>
        <SegStyle>Hatch1</SegStyle>
        <End>
          <X>-23.009</X>
          <Y>49.7064</Y>
        </End>
      </Segment>
      <Segment>
        <SegmentID>289</SegmentID>
        <SegStyle>Hatch1</SegStyle>
        <End>
          <X>-32.754</X>
          <Y>54.2299</Y>
        </End>
      </Segment>
      <Segment>
        <SegmentID>290</SegmentID>
        <SegStyle>Hatch1</SegStyle>
        <End>
          <X>-32.564</X>
          <Y>54.2299</Y>
        </End>
      </Segment>
      <Segment>
        <SegmentID>291</SegmentID>
        <SegStyle>Hatch1</SegStyle>
        <End>
          <X>-23.009</X>
          <Y>49.7946</Y>
        </End>
      </Segment>
      <Segment>
        <SegmentID>292</SegmentID>
        <SegStyle>Hatch1</SegStyle>
        <End>
          <X>-23.009</X>
          <Y>49.8828</Y>
        </End>
      </Segment>
      <Segment>
        <SegmentID>293</SegmentID>
        <SegStyle>Hatch1</SegStyle>
        <End>
          <X>-32.3739</X>
          <Y>54.2299</Y>
        </End>
      </Segment>
      <Segment>
        <SegmentID>294</SegmentID>
        <SegStyle>Hatch1</SegStyle>
        <End>
          <X>-32.1839</X>
          <Y>54.2299</Y>
        </End>
      </Segment>
      <Segment>
        <SegmentID>295</SegmentID>
        <SegStyle>Hatch1</SegStyle>
        <End>
          <X>-23.009</X>
          <Y>49.971</Y>
        </End>
      </Segment>
      <Segment>
        <SegmentID>296</SegmentID>
        <SegStyle>Hatch1</SegStyle>
        <End>
          <X>-23.009</X>
          <Y>50.0592</Y>
        </End>
      </Segment>
      <Segment>
        <SegmentID>297</SegmentID>
        <SegStyle>Hatch1</SegStyle>
        <End>
          <X>-31.994</X>
          <Y>54.2299</Y>
        </End>
      </Segment>
      <Segment>
        <SegmentID>298</SegmentID>
        <SegStyle>Hatch1</SegStyle>
        <End>
          <X>-31.8039</X>
          <Y>54.2299</Y>
        </End>
      </Segment>
      <Segment>
        <SegmentID>299</SegmentID>
        <SegStyle>Hatch1</SegStyle>
        <End>
          <X>-23.009</X>
          <Y>50.1475</Y>
        </End>
      </Segment>
      <Segment>
        <SegmentID>300</SegmentID>
        <SegStyle>Hatch1</SegStyle>
        <End>
          <X>-23.009</X>
          <Y>50.2356</Y>
        </End>
      </Segment>
      <Segment>
        <SegmentID>301</SegmentID>
        <SegStyle>Hatch1</SegStyle>
        <End>
          <X>-31.614</X>
          <Y>54.2299</Y>
        </End>
      </Segment>
      <Segment>
        <SegmentID>302</SegmentID>
        <SegStyle>Hatch1</SegStyle>
        <End>
          <X>-31.4239</X>
          <Y>54.2299</Y>
        </End>
      </Segment>
      <Segment>
        <SegmentID>303</SegmentID>
        <SegStyle>Hatch1</SegStyle>
        <End>
          <X>-23.009</X>
          <Y>50.3238</Y>
        </End>
      </Segment>
      <Segment>
        <SegmentID>304</SegmentID>
        <SegStyle>Hatch1</SegStyle>
        <End>
          <X>-23.009</X>
          <Y>50.412</Y>
        </End>
      </Segment>
      <Segment>
        <SegmentID>305</SegmentID>
        <SegStyle>Hatch1</SegStyle>
        <End>
          <X>-31.2339</X>
          <Y>54.2299</Y>
        </End>
      </Segment>
      <Segment>
        <SegmentID>306</SegmentID>
        <SegStyle>Hatch1</SegStyle>
        <End>
          <X>-31.044</X>
          <Y>54.2299</Y>
        </End>
      </Segment>
      <Segment>
        <SegmentID>307</SegmentID>
        <SegStyle>Hatch1</SegStyle>
        <End>
          <X>-23.009</X>
          <Y>50.5002</Y>
        </End>
      </Segment>
      <Segment>
        <SegmentID>308</SegmentID>
        <SegStyle>Hatch1</SegStyle>
        <End>
          <X>-23.009</X>
          <Y>50.5884</Y>
        </End>
      </Segment>
      <Segment>
        <SegmentID>309</SegmentID>
        <SegStyle>Hatch1</SegStyle>
        <End>
          <X>-30.8539</X>
          <Y>54.2299</Y>
        </End>
      </Segment>
      <Segment>
        <SegmentID>310</SegmentID>
        <SegStyle>Hatch1</SegStyle>
        <End>
          <X>-30.6639</X>
          <Y>54.2299</Y>
        </End>
      </Segment>
      <Segment>
        <SegmentID>311</SegmentID>
        <SegStyle>Hatch1</SegStyle>
        <End>
          <X>-23.009</X>
          <Y>50.6766</Y>
        </End>
      </Segment>
      <Segment>
        <SegmentID>312</SegmentID>
        <SegStyle>Hatch1</SegStyle>
        <End>
          <X>-23.009</X>
          <Y>50.7648</Y>
        </End>
      </Segment>
      <Segment>
        <SegmentID>313</SegmentID>
        <SegStyle>Hatch1</SegStyle>
        <End>
          <X>-30.4739</X>
          <Y>54.2299</Y>
        </End>
      </Segment>
      <Segment>
        <SegmentID>314</SegmentID>
        <SegStyle>Hatch1</SegStyle>
        <End>
          <X>-30.2838</X>
          <Y>54.2299</Y>
        </End>
      </Segment>
      <Segment>
        <SegmentID>315</SegmentID>
        <SegStyle>Hatch1</SegStyle>
        <End>
          <X>-23.009</X>
          <Y>50.853</Y>
        </End>
      </Segment>
      <Segment>
        <SegmentID>316</SegmentID>
        <SegStyle>Hatch1</SegStyle>
        <End>
          <X>-23.009</X>
          <Y>50.9412</Y>
        </End>
      </Segment>
      <Segment>
        <SegmentID>317</SegmentID>
        <SegStyle>Hatch1</SegStyle>
        <End>
          <X>-30.094</X>
          <Y>54.2299</Y>
        </End>
      </Segment>
      <Segment>
        <SegmentID>318</SegmentID>
        <SegStyle>Hatch1</SegStyle>
        <End>
          <X>-29.9039</X>
          <Y>54.2299</Y>
        </End>
      </Segment>
      <Segment>
        <SegmentID>319</SegmentID>
        <SegStyle>Hatch1</SegStyle>
        <End>
          <X>-23.009</X>
          <Y>51.0294</Y>
        </End>
      </Segment>
      <Segment>
        <SegmentID>320</SegmentID>
        <SegStyle>Hatch1</SegStyle>
        <End>
          <X>-23.009</X>
          <Y>51.1176</Y>
        </End>
      </Segment>
      <Segment>
        <SegmentID>321</SegmentID>
        <SegStyle>Hatch1</SegStyle>
        <End>
          <X>-29.7138</X>
          <Y>54.2299</Y>
        </End>
      </Segment>
      <Segment>
        <SegmentID>322</SegmentID>
        <SegStyle>Hatch1</SegStyle>
        <End>
          <X>-29.524</X>
          <Y>54.2299</Y>
        </End>
      </Segment>
      <Segment>
        <SegmentID>323</SegmentID>
        <SegStyle>Hatch1</SegStyle>
        <End>
          <X>-23.009</X>
          <Y>51.2058</Y>
        </End>
      </Segment>
      <Segment>
        <SegmentID>324</SegmentID>
        <SegStyle>Hatch1</SegStyle>
        <End>
          <X>-23.009</X>
          <Y>51.294</Y>
        </End>
      </Segment>
      <Segment>
        <SegmentID>325</SegmentID>
        <SegStyle>Hatch1</SegStyle>
        <End>
          <X>-29.3339</X>
          <Y>54.2299</Y>
        </End>
      </Segment>
      <Segment>
        <SegmentID>326</SegmentID>
        <SegStyle>Hatch1</SegStyle>
        <End>
          <X>-29.1438</X>
          <Y>54.2299</Y>
        </End>
      </Segment>
      <Segment>
        <SegmentID>327</SegmentID>
        <SegStyle>Hatch1</SegStyle>
        <End>
          <X>-23.009</X>
          <Y>51.3822</Y>
        </End>
      </Segment>
      <Segment>
        <SegmentID>328</SegmentID>
        <SegStyle>Hatch1</SegStyle>
        <End>
          <X>-23.009</X>
          <Y>51.4704</Y>
        </End>
      </Segment>
      <Segment>
        <SegmentID>329</SegmentID>
        <SegStyle>Hatch1</SegStyle>
        <End>
          <X>-28.9539</X>
          <Y>54.2299</Y>
        </End>
      </Segment>
      <Segment>
        <SegmentID>330</SegmentID>
        <SegStyle>Hatch1</SegStyle>
        <End>
          <X>-28.7638</X>
          <Y>54.2299</Y>
        </End>
      </Segment>
      <Segment>
        <SegmentID>331</SegmentID>
        <SegStyle>Hatch1</SegStyle>
        <End>
          <X>-23.009</X>
          <Y>51.5586</Y>
        </End>
      </Segment>
      <Segment>
        <SegmentID>332</SegmentID>
        <SegStyle>Hatch1</SegStyle>
        <End>
          <X>-23.009</X>
          <Y>51.6468</Y>
        </End>
      </Segment>
      <Segment>
        <SegmentID>333</SegmentID>
        <SegStyle>Hatch1</SegStyle>
        <End>
          <X>-28.5738</X>
          <Y>54.2299</Y>
        </End>
      </Segment>
      <Segment>
        <SegmentID>334</SegmentID>
        <SegStyle>Hatch1</SegStyle>
        <End>
          <X>-28.3839</X>
          <Y>54.2299</Y>
        </End>
      </Segment>
      <Segment>
        <SegmentID>335</SegmentID>
        <SegStyle>Hatch1</SegStyle>
        <End>
          <X>-23.009</X>
          <Y>51.735</Y>
        </End>
      </Segment>
      <Segment>
        <SegmentID>336</SegmentID>
        <SegStyle>Hatch1</SegStyle>
        <End>
          <X>-23.009</X>
          <Y>51.8232</Y>
        </End>
      </Segment>
      <Segment>
        <SegmentID>337</SegmentID>
        <SegStyle>Hatch1</SegStyle>
        <End>
          <X>-28.1938</X>
          <Y>54.2299</Y>
        </End>
      </Segment>
      <Segment>
        <SegmentID>338</SegmentID>
        <SegStyle>Hatch1</SegStyle>
        <End>
          <X>-28.0039</X>
          <Y>54.2299</Y>
        </End>
      </Segment>
      <Segment>
        <SegmentID>339</SegmentID>
        <SegStyle>Hatch1</SegStyle>
        <End>
          <X>-23.009</X>
          <Y>51.9113</Y>
        </End>
      </Segment>
      <Segment>
        <SegmentID>340</SegmentID>
        <SegStyle>Hatch1</SegStyle>
        <End>
          <X>-23.009</X>
          <Y>51.9996</Y>
        </End>
      </Segment>
      <Segment>
        <SegmentID>341</SegmentID>
        <SegStyle>Hatch1</SegStyle>
        <End>
          <X>-27.8138</X>
          <Y>54.2299</Y>
        </End>
      </Segment>
      <Segment>
        <SegmentID>342</SegmentID>
        <SegStyle>Hatch1</SegStyle>
        <End>
          <X>-27.6239</X>
          <Y>54.2299</Y>
        </End>
      </Segment>
      <Segment>
        <SegmentID>343</SegmentID>
        <SegStyle>Hatch1</SegStyle>
        <End>
          <X>-23.009</X>
          <Y>52.0877</Y>
        </End>
      </Segment>
      <Segment>
        <SegmentID>344</SegmentID>
        <SegStyle>Hatch1</SegStyle>
        <End>
          <X>-23.009</X>
          <Y>52.176</Y>
        </End>
      </Segment>
      <Segment>
        <SegmentID>345</SegmentID>
        <SegStyle>Hatch1</SegStyle>
        <End>
          <X>-27.4339</X>
          <Y>54.2299</Y>
        </End>
      </Segment>
      <Segment>
        <SegmentID>346</SegmentID>
        <SegStyle>Hatch1</SegStyle>
        <End>
          <X>-27.2438</X>
          <Y>54.2299</Y>
        </End>
      </Segment>
      <Segment>
        <SegmentID>347</SegmentID>
        <SegStyle>Hatch1</SegStyle>
        <End>
          <X>-23.009</X>
          <Y>52.2642</Y>
        </End>
      </Segment>
      <Segment>
        <SegmentID>348</SegmentID>
        <SegStyle>Hatch1</SegStyle>
        <End>
          <X>-23.009</X>
          <Y>52.3524</Y>
        </End>
      </Segment>
      <Segment>
        <SegmentID>349</SegmentID>
        <SegStyle>Hatch1</SegStyle>
        <End>
          <X>-27.0538</X>
          <Y>54.2299</Y>
        </End>
      </Segment>
      <Segment>
        <SegmentID>350</SegmentID>
        <SegStyle>Hatch1</SegStyle>
        <End>
          <X>-26.8638</X>
          <Y>54.2299</Y>
        </End>
      </Segment>
      <Segment>
        <SegmentID>351</SegmentID>
        <SegStyle>Hatch1</SegStyle>
        <End>
          <X>-23.009</X>
          <Y>52.4405</Y>
        </End>
      </Segment>
      <Segment>
        <SegmentID>352</SegmentID>
        <SegStyle>Hatch1</SegStyle>
        <End>
          <X>-23.009</X>
          <Y>52.5288</Y>
        </End>
      </Segment>
      <Segment>
        <SegmentID>353</SegmentID>
        <SegStyle>Hatch1</SegStyle>
        <End>
          <X>-26.6737</X>
          <Y>54.2299</Y>
        </End>
      </Segment>
      <Segment>
        <SegmentID>354</SegmentID>
        <SegStyle>Hatch1</SegStyle>
        <End>
          <X>-26.4838</X>
          <Y>54.2299</Y>
        </End>
      </Segment>
      <Segment>
        <SegmentID>355</SegmentID>
        <SegStyle>Hatch1</SegStyle>
        <End>
          <X>-23.009</X>
          <Y>52.6169</Y>
        </End>
      </Segment>
      <Segment>
        <SegmentID>356</SegmentID>
        <SegStyle>Hatch1</SegStyle>
        <End>
          <X>-23.009</X>
          <Y>52.7052</Y>
        </End>
      </Segment>
      <Segment>
        <SegmentID>357</SegmentID>
        <SegStyle>Hatch1</SegStyle>
        <End>
          <X>-26.2938</X>
          <Y>54.2299</Y>
        </End>
      </Segment>
      <Segment>
        <SegmentID>358</SegmentID>
        <SegStyle>Hatch1</SegStyle>
        <End>
          <X>-26.1037</X>
          <Y>54.2299</Y>
        </End>
      </Segment>
      <Segment>
        <SegmentID>359</SegmentID>
        <SegStyle>Hatch1</SegStyle>
        <End>
          <X>-23.009</X>
          <Y>52.7934</Y>
        </End>
      </Segment>
      <Segment>
        <SegmentID>360</SegmentID>
        <SegStyle>Hatch1</SegStyle>
        <End>
          <X>-23.009</X>
          <Y>52.8816</Y>
        </End>
      </Segment>
      <Segment>
        <SegmentID>361</SegmentID>
        <SegStyle>Hatch1</SegStyle>
        <End>
          <X>-25.9138</X>
          <Y>54.2299</Y>
        </End>
      </Segment>
      <Segment>
        <SegmentID>362</SegmentID>
        <SegStyle>Hatch1</SegStyle>
        <End>
          <X>-25.7237</X>
          <Y>54.2299</Y>
        </End>
      </Segment>
      <Segment>
        <SegmentID>363</SegmentID>
        <SegStyle>Hatch1</SegStyle>
        <End>
          <X>-23.009</X>
          <Y>52.9698</Y>
        </End>
      </Segment>
      <Segment>
        <SegmentID>364</SegmentID>
        <SegStyle>Hatch1</SegStyle>
        <End>
          <X>-23.009</X>
          <Y>53.0579</Y>
        </End>
      </Segment>
      <Segment>
        <SegmentID>365</SegmentID>
        <SegStyle>Hatch1</SegStyle>
        <End>
          <X>-25.5337</X>
          <Y>54.2299</Y>
        </End>
      </Segment>
      <Segment>
        <SegmentID>366</SegmentID>
        <SegStyle>Hatch1</SegStyle>
        <End>
          <X>-25.3438</X>
          <Y>54.2299</Y>
        </End>
      </Segment>
      <Segment>
        <SegmentID>367</SegmentID>
        <SegStyle>Hatch1</SegStyle>
        <End>
          <X>-23.009</X>
          <Y>53.1461</Y>
        </End>
      </Segment>
      <Segment>
        <SegmentID>368</SegmentID>
        <SegStyle>Hatch1</SegStyle>
        <End>
          <X>-23.009</X>
          <Y>53.2344</Y>
        </End>
      </Segment>
      <Segment>
        <SegmentID>369</SegmentID>
        <SegStyle>Hatch1</SegStyle>
        <End>
          <X>-25.1537</X>
          <Y>54.2299</Y>
        </End>
      </Segment>
      <Segment>
        <SegmentID>370</SegmentID>
        <SegStyle>Hatch1</SegStyle>
        <End>
          <X>-24.9637</X>
          <Y>54.2299</Y>
        </End>
      </Segment>
      <Segment>
        <SegmentID>371</SegmentID>
        <SegStyle>Hatch1</SegStyle>
        <End>
          <X>-23.009</X>
          <Y>53.3225</Y>
        </End>
      </Segment>
      <Segment>
        <SegmentID>372</SegmentID>
        <SegStyle>Hatch1</SegStyle>
        <End>
          <X>-23.009</X>
          <Y>53.4108</Y>
        </End>
      </Segment>
      <Segment>
        <SegmentID>373</SegmentID>
        <SegStyle>Hatch1</SegStyle>
        <End>
          <X>-24.7737</X>
          <Y>54.2299</Y>
        </End>
      </Segment>
      <Segment>
        <SegmentID>374</SegmentID>
        <SegStyle>Hatch1</SegStyle>
        <End>
          <X>-24.5836</X>
          <Y>54.2299</Y>
        </End>
      </Segment>
      <Segment>
        <SegmentID>375</SegmentID>
        <SegStyle>Hatch1</SegStyle>
        <End>
          <X>-23.009</X>
          <Y>53.499</Y>
        </End>
      </Segment>
      <Segment>
        <SegmentID>376</SegmentID>
        <SegStyle>Hatch1</SegStyle>
        <End>
          <X>-23.009</X>
          <Y>53.5871</Y>
        </End>
      </Segment>
      <Segment>
        <SegmentID>377</SegmentID>
        <SegStyle>Hatch1</SegStyle>
        <End>
          <X>-24.3937</X>
          <Y>54.2299</Y>
        </End>
      </Segment>
      <Segment>
        <SegmentID>378</SegmentID>
        <SegStyle>Hatch1</SegStyle>
        <End>
          <X>-24.2037</X>
          <Y>54.2299</Y>
        </End>
      </Segment>
      <Segment>
        <SegmentID>379</SegmentID>
        <SegStyle>Hatch1</SegStyle>
        <End>
          <X>-23.009</X>
          <Y>53.6753</Y>
        </End>
      </Segment>
      <Segment>
        <SegmentID>380</SegmentID>
        <SegStyle>Hatch1</SegStyle>
        <End>
          <X>-23.009</X>
          <Y>53.7636</Y>
        </End>
      </Segment>
      <Segment>
        <SegmentID>381</SegmentID>
        <SegStyle>Hatch1</SegStyle>
        <End>
          <X>-24.0136</X>
          <Y>54.2299</Y>
        </End>
      </Segment>
      <Segment>
        <SegmentID>382</SegmentID>
        <SegStyle>Hatch1</SegStyle>
        <End>
          <X>-23.8237</X>
          <Y>54.2299</Y>
        </End>
      </Segment>
      <Segment>
        <SegmentID>383</SegmentID>
        <SegStyle>Hatch1</SegStyle>
        <End>
          <X>-23.009</X>
          <Y>53.8517</Y>
        </End>
      </Segment>
      <Segment>
        <SegmentID>384</SegmentID>
        <SegStyle>Hatch1</SegStyle>
        <End>
          <X>-23.009</X>
          <Y>53.94</Y>
        </End>
      </Segment>
      <Segment>
        <SegmentID>385</SegmentID>
        <SegStyle>Hatch1</SegStyle>
        <End>
          <X>-23.6336</X>
          <Y>54.2299</Y>
        </End>
      </Segment>
      <Segment>
        <SegmentID>386</SegmentID>
        <SegStyle>Hatch1</SegStyle>
        <End>
          <X>-23.4437</X>
          <Y>54.2299</Y>
        </End>
      </Segment>
      <Segment>
        <SegmentID>387</SegmentID>
        <SegStyle>Hatch1</SegStyle>
        <End>
          <X>-23.009</X>
          <Y>54.0281</Y>
        </End>
      </Segment>
      <Segment>
        <SegmentID>388</SegmentID>
        <SegStyle>Hatch1</SegStyle>
        <End>
          <X>-23.009</X>
          <Y>54.1163</Y>
        </End>
      </Segment>
      <Segment>
        <SegmentID>389</SegmentID>
        <SegStyle>Hatch1</SegStyle>
        <End>
          <X>-23.2537</X>
          <Y>54.2299</Y>
        </End>
      </Segment>
      <Segment>
        <SegmentID>390</SegmentID>
        <SegStyle>Hatch1</SegStyle>
        <End>
          <X>-23.009</X>
          <Y>54.2046</Y>
        </End>
      </Segment>
      <Segment>
        <SegmentID>391</SegmentID>
        <SegStyle>Hatch1</SegStyle>
        <End>
          <X>-23.0636</X>
          <Y>54.2299</Y>
        </End>
      </Segment>
    </Path>
  </Trajectory>
</TrajectoryList>
</Layer>