<Layer><Header>
  <AmericaMakesSchemaVersion>2021-04-30</AmericaMakesSchemaVersion>
  <LayerNum>5</LayerNum>
  <LayerThickness>0.05</LayerThickness>
  <DosingFactor>1.75</DosingFactor>
</Header>
<VelocityProfileList>
  <VelocityProfile>
    <ID>0</ID>
    <Velocity>5000</Velocity>
    <Mode>Delay</Mode>
    <LaserOnDelay>500</LaserOnDelay>
    <LaserOffDelay>0</LaserOffDelay>
    <MarkDelay>0</MarkDelay>
    <PolygonDelay>0</PolygonDelay>
  </VelocityProfile>
  <VelocityProfile>
    <ID>1</ID>
    <Velocity>500</Velocity>
    <Mode>Delay</Mode>
    <LaserOnDelay>250</LaserOnDelay>
    <LaserOffDelay>0</LaserOffDelay>
    <MarkDelay>300</MarkDelay>
    <PolygonDelay>0</PolygonDelay>
  </VelocityProfile>
  <VelocityProfile>
    <ID>2</ID>
    <Velocity>250</Velocity>
    <Mode>Auto</Mode>
    <LaserOnDelay>0</LaserOnDelay>
    <LaserOffDelay>0</LaserOffDelay>
    <MarkDelay>0</MarkDelay>
    <PolygonDelay>0</PolygonDelay>
  </VelocityProfile>
</VelocityProfileList>
<SegmentStyleList>
  <SegmentStyle>
    <ID>Contour1</ID>
    <VelocityProfileID>2</VelocityProfileID>
    <LaserMode>Independent</LaserMode>
  </SegmentStyle>
  <Traveler>
    <ID>1</ID>
    <SyncDelay>0</SyncDelay>
    <Power>250</Power>
    <SpotSize>50</SpotSize>
  </Traveler>
  <SegmentStyle>
    <ID>Hatch1</ID>
    <VelocityProfileID>1</VelocityProfileID>
    <LaserMode>Independent</LaserMode>
  </SegmentStyle>
  <Traveler>
    <ID>1</ID>
    <SyncDelay>0</SyncDelay>
    <Power>300</Power>
    <SpotSize>50</SpotSize>
  </Traveler>
  <SegmentStyle>
    <ID>SupportContour</ID>
    <VelocityProfileID>2</VelocityProfileID>
    <LaserMode>Independent</LaserMode>
  </SegmentStyle>
  <Traveler>
    <ID>1</ID>
    <SyncDelay>0</SyncDelay>
    <Power>250</Power>
    <SpotSize>70</SpotSize>
  </Traveler>
</SegmentStyleList>
<TrajectoryList>
  <Trajectory>
    <TrajectoryID>0</TrajectoryID>
    <PathProcessingMode>sequential</PathProcessingMode>
    <Path>
      <Type>contour</Type>
      <Tag>part1</Tag>
      <NumSegments>20.0</NumSegments>
      <SkyWritingMode>0</SkyWritingMode>
      <Start>
        <X>-22.1117</X>
        <Y>54.5499</Y>
      </Start>
      <Segment>
        <SegmentID>1</SegmentID>
        <SegStyle>Contour1</SegStyle>
        <End>
          <X>-36.1638</X>
          <Y>54.5499</Y>
        </End>
      </Segment>
      <Segment>
        <SegmentID>2</SegmentID>
        <SegStyle>Contour1</SegStyle>
        <End>
          <X>-36.1638</X>
          <Y>42.13</Y>
        </End>
      </Segment>
      <Segment>
        <SegmentID>3</SegmentID>
        <SegStyle>Contour1</SegStyle>
        <End>
          <X>-22.1117</X>
          <Y>42.13</Y>
        </End>
      </Segment>
      <Segment>
        <SegmentID>4</SegmentID>
        <SegStyle>Contour1</SegStyle>
        <End>
          <X>-22.1117</X>
          <Y>54.5499</Y>
        </End>
      </Segment>
      <Segment>
        <SegmentID>5</SegmentID>
        <SegStyle>Contour1</SegStyle>
        <End>
          <X>-22.1917</X>
          <Y>54.4699</Y>
        </End>
      </Segment>
      <Segment>
        <SegmentID>6</SegmentID>
        <SegStyle>Contour1</SegStyle>
        <End>
          <X>-36.0838</X>
          <Y>54.4699</Y>
        </End>
      </Segment>
      <Segment>
        <SegmentID>7</SegmentID>
        <SegStyle>Contour1</SegStyle>
        <End>
          <X>-36.0838</X>
          <Y>42.21</Y>
        </End>
      </Segment>
      <Segment>
        <SegmentID>8</SegmentID>
        <SegStyle>Contour1</SegStyle>
        <End>
          <X>-22.1917</X>
          <Y>42.21</Y>
        </End>
      </Segment>
      <Segment>
        <SegmentID>9</SegmentID>
        <SegStyle>Contour1</SegStyle>
        <End>
          <X>-22.1917</X>
          <Y>54.4699</Y>
        </End>
      </Segment>
      <Segment>
        <SegmentID>10</SegmentID>
        <SegStyle>Contour1</SegStyle>
        <End>
          <X>-22.2717</X>
          <Y>54.3899</Y>
        </End>
      </Segment>
      <Segment>
        <SegmentID>11</SegmentID>
        <SegStyle>Contour1</SegStyle>
        <End>
          <X>-36.0038</X>
          <Y>54.3899</Y>
        </End>
      </Segment>
      <Segment>
        <SegmentID>12</SegmentID>
        <SegStyle>Contour1</SegStyle>
        <End>
          <X>-36.0038</X>
          <Y>42.29</Y>
        </End>
      </Segment>
      <Segment>
        <SegmentID>13</SegmentID>
        <SegStyle>Contour1</SegStyle>
        <End>
          <X>-22.2717</X>
          <Y>42.29</Y>
        </End>
      </Segment>
      <Segment>
        <SegmentID>14</SegmentID>
        <SegStyle>Contour1</SegStyle>
        <End>
          <X>-22.2717</X>
          <Y>54.3899</Y>
        </End>
      </Segment>
      <Segment>
        <SegmentID>15</SegmentID>
        <SegStyle>Contour1</SegStyle>
        <End>
          <X>-22.3517</X>
          <Y>54.3099</Y>
        </End>
      </Segment>
      <Segment>
        <SegmentID>16</SegmentID>
        <SegStyle>Contour1</SegStyle>
        <End>
          <X>-35.9238</X>
          <Y>54.3099</Y>
        </End>
      </Segment>
      <Segment>
        <SegmentID>17</SegmentID>
        <SegStyle>Contour1</SegStyle>
        <End>
          <X>-35.9238</X>
          <Y>42.37</Y>
        </End>
      </Segment>
      <Segment>
        <SegmentID>18</SegmentID>
        <SegStyle>Contour1</SegStyle>
        <End>
          <X>-22.3517</X>
          <Y>42.37</Y>
        </End>
      </Segment>
      <Segment>
        <SegmentID>19</SegmentID>
        <SegStyle>Contour1</SegStyle>
        <End>
          <X>-22.3517</X>
          <Y>54.3099</Y>
        </End>
      </Segment>
    </Path>
  </Trajectory>
  <Trajectory>
    <TrajectoryID>1</TrajectoryID>
    <PathProcessingMode>sequential</PathProcessingMode>
    <Path>
      <Type>hatch</Type>
      <Tag>part1</Tag>
      <NumSegments>444.0</NumSegments>
      <SkyWritingMode>0</SkyWritingMode>
      <Start>
        <X>-35.8438</X>
        <Y>54.2094</Y>
      </Start>
      <Segment>
        <SegmentID>1</SegmentID>
        <SegStyle>Hatch1</SegStyle>
        <End>
          <X>-35.8209</X>
          <Y>54.2299</Y>
        </End>
      </Segment>
      <Segment>
        <SegmentID>2</SegmentID>
        <SegStyle>Hatch1</SegStyle>
        <End>
          <X>-35.7009</X>
          <Y>54.2299</Y>
        </End>
      </Segment>
      <Segment>
        <SegmentID>3</SegmentID>
        <SegStyle>Hatch1</SegStyle>
        <End>
          <X>-35.8438</X>
          <Y>54.1021</Y>
        </End>
      </Segment>
      <Segment>
        <SegmentID>4</SegmentID>
        <SegStyle>Hatch1</SegStyle>
        <End>
          <X>-35.8438</X>
          <Y>53.9948</Y>
        </End>
      </Segment>
      <Segment>
        <SegmentID>5</SegmentID>
        <SegStyle>Hatch1</SegStyle>
        <End>
          <X>-35.5808</X>
          <Y>54.2299</Y>
        </End>
      </Segment>
      <Segment>
        <SegmentID>6</SegmentID>
        <SegStyle>Hatch1</SegStyle>
        <End>
          <X>-35.4607</X>
          <Y>54.2299</Y>
        </End>
      </Segment>
      <Segment>
        <SegmentID>7</SegmentID>
        <SegStyle>Hatch1</SegStyle>
        <End>
          <X>-35.8438</X>
          <Y>53.8874</Y>
        </End>
      </Segment>
      <Segment>
        <SegmentID>8</SegmentID>
        <SegStyle>Hatch1</SegStyle>
        <End>
          <X>-35.8438</X>
          <Y>53.7801</Y>
        </End>
      </Segment>
      <Segment>
        <SegmentID>9</SegmentID>
        <SegStyle>Hatch1</SegStyle>
        <End>
          <X>-35.3407</X>
          <Y>54.2299</Y>
        </End>
      </Segment>
      <Segment>
        <SegmentID>10</SegmentID>
        <SegStyle>Hatch1</SegStyle>
        <End>
          <X>-35.2208</X>
          <Y>54.2299</Y>
        </End>
      </Segment>
      <Segment>
        <SegmentID>11</SegmentID>
        <SegStyle>Hatch1</SegStyle>
        <End>
          <X>-35.8438</X>
          <Y>53.6728</Y>
        </End>
      </Segment>
      <Segment>
        <SegmentID>12</SegmentID>
        <SegStyle>Hatch1</SegStyle>
        <End>
          <X>-35.8438</X>
          <Y>53.5655</Y>
        </End>
      </Segment>
      <Segment>
        <SegmentID>13</SegmentID>
        <SegStyle>Hatch1</SegStyle>
        <End>
          <X>-35.1007</X>
          <Y>54.2299</Y>
        </End>
      </Segment>
      <Segment>
        <SegmentID>14</SegmentID>
        <SegStyle>Hatch1</SegStyle>
        <End>
          <X>-34.9806</X>
          <Y>54.2299</Y>
        </End>
      </Segment>
      <Segment>
        <SegmentID>15</SegmentID>
        <SegStyle>Hatch1</SegStyle>
        <End>
          <X>-35.8438</X>
          <Y>53.4581</Y>
        </End>
      </Segment>
      <Segment>
        <SegmentID>16</SegmentID>
        <SegStyle>Hatch1</SegStyle>
        <End>
          <X>-35.8438</X>
          <Y>53.3509</Y>
        </End>
      </Segment>
      <Segment>
        <SegmentID>17</SegmentID>
        <SegStyle>Hatch1</SegStyle>
        <End>
          <X>-34.8607</X>
          <Y>54.2299</Y>
        </End>
      </Segment>
      <Segment>
        <SegmentID>18</SegmentID>
        <SegStyle>Hatch1</SegStyle>
        <End>
          <X>-34.7406</X>
          <Y>54.2299</Y>
        </End>
      </Segment>
      <Segment>
        <SegmentID>19</SegmentID>
        <SegStyle>Hatch1</SegStyle>
        <End>
          <X>-35.8438</X>
          <Y>53.2435</Y>
        </End>
      </Segment>
      <Segment>
        <SegmentID>20</SegmentID>
        <SegStyle>Hatch1</SegStyle>
        <End>
          <X>-35.8438</X>
          <Y>53.1362</Y>
        </End>
      </Segment>
      <Segment>
        <SegmentID>21</SegmentID>
        <SegStyle>Hatch1</SegStyle>
        <End>
          <X>-34.6206</X>
          <Y>54.2299</Y>
        </End>
      </Segment>
      <Segment>
        <SegmentID>22</SegmentID>
        <SegStyle>Hatch1</SegStyle>
        <End>
          <X>-34.5006</X>
          <Y>54.2299</Y>
        </End>
      </Segment>
      <Segment>
        <SegmentID>23</SegmentID>
        <SegStyle>Hatch1</SegStyle>
        <End>
          <X>-35.8438</X>
          <Y>53.0289</Y>
        </End>
      </Segment>
      <Segment>
        <SegmentID>24</SegmentID>
        <SegStyle>Hatch1</SegStyle>
        <End>
          <X>-35.8438</X>
          <Y>52.9216</Y>
        </End>
      </Segment>
      <Segment>
        <SegmentID>25</SegmentID>
        <SegStyle>Hatch1</SegStyle>
        <End>
          <X>-34.3805</X>
          <Y>54.2299</Y>
        </End>
      </Segment>
      <Segment>
        <SegmentID>26</SegmentID>
        <SegStyle>Hatch1</SegStyle>
        <End>
          <X>-34.2606</X>
          <Y>54.2299</Y>
        </End>
      </Segment>
      <Segment>
        <SegmentID>27</SegmentID>
        <SegStyle>Hatch1</SegStyle>
        <End>
          <X>-35.8438</X>
          <Y>52.8143</Y>
        </End>
      </Segment>
      <Segment>
        <SegmentID>28</SegmentID>
        <SegStyle>Hatch1</SegStyle>
        <End>
          <X>-35.8438</X>
          <Y>52.707</Y>
        </End>
      </Segment>
      <Segment>
        <SegmentID>29</SegmentID>
        <SegStyle>Hatch1</SegStyle>
        <End>
          <X>-34.1405</X>
          <Y>54.2299</Y>
        </End>
      </Segment>
      <Segment>
        <SegmentID>30</SegmentID>
        <SegStyle>Hatch1</SegStyle>
        <End>
          <X>-34.0205</X>
          <Y>54.2299</Y>
        </End>
      </Segment>
      <Segment>
        <SegmentID>31</SegmentID>
        <SegStyle>Hatch1</SegStyle>
        <End>
          <X>-35.8438</X>
          <Y>52.5997</Y>
        </End>
      </Segment>
      <Segment>
        <SegmentID>32</SegmentID>
        <SegStyle>Hatch1</SegStyle>
        <End>
          <X>-35.8438</X>
          <Y>52.4923</Y>
        </End>
      </Segment>
      <Segment>
        <SegmentID>33</SegmentID>
        <SegStyle>Hatch1</SegStyle>
        <End>
          <X>-33.9004</X>
          <Y>54.2299</Y>
        </End>
      </Segment>
      <Segment>
        <SegmentID>34</SegmentID>
        <SegStyle>Hatch1</SegStyle>
        <End>
          <X>-33.7804</X>
          <Y>54.2299</Y>
        </End>
      </Segment>
      <Segment>
        <SegmentID>35</SegmentID>
        <SegStyle>Hatch1</SegStyle>
        <End>
          <X>-35.8438</X>
          <Y>52.385</Y>
        </End>
      </Segment>
      <Segment>
        <SegmentID>36</SegmentID>
        <SegStyle>Hatch1</SegStyle>
        <End>
          <X>-35.8438</X>
          <Y>52.2778</Y>
        </End>
      </Segment>
      <Segment>
        <SegmentID>37</SegmentID>
        <SegStyle>Hatch1</SegStyle>
        <End>
          <X>-33.6604</X>
          <Y>54.2299</Y>
        </End>
      </Segment>
      <Segment>
        <SegmentID>38</SegmentID>
        <SegStyle>Hatch1</SegStyle>
        <End>
          <X>-33.5404</X>
          <Y>54.2299</Y>
        </End>
      </Segment>
      <Segment>
        <SegmentID>39</SegmentID>
        <SegStyle>Hatch1</SegStyle>
        <End>
          <X>-35.8438</X>
          <Y>52.1704</Y>
        </End>
      </Segment>
      <Segment>
        <SegmentID>40</SegmentID>
        <SegStyle>Hatch1</SegStyle>
        <End>
          <X>-35.8438</X>
          <Y>52.0631</Y>
        </End>
      </Segment>
      <Segment>
        <SegmentID>41</SegmentID>
        <SegStyle>Hatch1</SegStyle>
        <End>
          <X>-33.4203</X>
          <Y>54.2299</Y>
        </End>
      </Segment>
      <Segment>
        <SegmentID>42</SegmentID>
        <SegStyle>Hatch1</SegStyle>
        <End>
          <X>-33.3004</X>
          <Y>54.2299</Y>
        </End>
      </Segment>
      <Segment>
        <SegmentID>43</SegmentID>
        <SegStyle>Hatch1</SegStyle>
        <End>
          <X>-35.8438</X>
          <Y>51.9558</Y>
        </End>
      </Segment>
      <Segment>
        <SegmentID>44</SegmentID>
        <SegStyle>Hatch1</SegStyle>
        <End>
          <X>-35.8438</X>
          <Y>51.8484</Y>
        </End>
      </Segment>
      <Segment>
        <SegmentID>45</SegmentID>
        <SegStyle>Hatch1</SegStyle>
        <End>
          <X>-33.1803</X>
          <Y>54.2299</Y>
        </End>
      </Segment>
      <Segment>
        <SegmentID>46</SegmentID>
        <SegStyle>Hatch1</SegStyle>
        <End>
          <X>-33.0603</X>
          <Y>54.2299</Y>
        </End>
      </Segment>
      <Segment>
        <SegmentID>47</SegmentID>
        <SegStyle>Hatch1</SegStyle>
        <End>
          <X>-35.8438</X>
          <Y>51.7412</Y>
        </End>
      </Segment>
      <Segment>
        <SegmentID>48</SegmentID>
        <SegStyle>Hatch1</SegStyle>
        <End>
          <X>-35.8438</X>
          <Y>51.6338</Y>
        </End>
      </Segment>
      <Segment>
        <SegmentID>49</SegmentID>
        <SegStyle>Hatch1</SegStyle>
        <End>
          <X>-32.9402</X>
          <Y>54.2299</Y>
        </End>
      </Segment>
      <Segment>
        <SegmentID>50</SegmentID>
        <SegStyle>Hatch1</SegStyle>
        <End>
          <X>-32.8202</X>
          <Y>54.2299</Y>
        </End>
      </Segment>
      <Segment>
        <SegmentID>51</SegmentID>
        <SegStyle>Hatch1</SegStyle>
        <End>
          <X>-35.8438</X>
          <Y>51.5265</Y>
        </End>
      </Segment>
      <Segment>
        <SegmentID>52</SegmentID>
        <SegStyle>Hatch1</SegStyle>
        <End>
          <X>-35.8438</X>
          <Y>51.4192</Y>
        </End>
      </Segment>
      <Segment>
        <SegmentID>53</SegmentID>
        <SegStyle>Hatch1</SegStyle>
        <End>
          <X>-32.7002</X>
          <Y>54.2299</Y>
        </End>
      </Segment>
      <Segment>
        <SegmentID>54</SegmentID>
        <SegStyle>Hatch1</SegStyle>
        <End>
          <X>-32.5801</X>
          <Y>54.2299</Y>
        </End>
      </Segment>
      <Segment>
        <SegmentID>55</SegmentID>
        <SegStyle>Hatch1</SegStyle>
        <End>
          <X>-35.8438</X>
          <Y>51.3118</Y>
        </End>
      </Segment>
      <Segment>
        <SegmentID>56</SegmentID>
        <SegStyle>Hatch1</SegStyle>
        <End>
          <X>-35.8438</X>
          <Y>51.2046</Y>
        </End>
      </Segment>
      <Segment>
        <SegmentID>57</SegmentID>
        <SegStyle>Hatch1</SegStyle>
        <End>
          <X>-32.4601</X>
          <Y>54.2299</Y>
        </End>
      </Segment>
      <Segment>
        <SegmentID>58</SegmentID>
        <SegStyle>Hatch1</SegStyle>
        <End>
          <X>-32.3401</X>
          <Y>54.2299</Y>
        </End>
      </Segment>
      <Segment>
        <SegmentID>59</SegmentID>
        <SegStyle>Hatch1</SegStyle>
        <End>
          <X>-35.8438</X>
          <Y>51.0972</Y>
        </End>
      </Segment>
      <Segment>
        <SegmentID>60</SegmentID>
        <SegStyle>Hatch1</SegStyle>
        <End>
          <X>-35.8438</X>
          <Y>50.9899</Y>
        </End>
      </Segment>
      <Segment>
        <SegmentID>61</SegmentID>
        <SegStyle>Hatch1</SegStyle>
        <End>
          <X>-32.2201</X>
          <Y>54.2299</Y>
        </End>
      </Segment>
      <Segment>
        <SegmentID>62</SegmentID>
        <SegStyle>Hatch1</SegStyle>
        <End>
          <X>-32.1001</X>
          <Y>54.2299</Y>
        </End>
      </Segment>
      <Segment>
        <SegmentID>63</SegmentID>
        <SegStyle>Hatch1</SegStyle>
        <End>
          <X>-35.8438</X>
          <Y>50.8827</Y>
        </End>
      </Segment>
      <Segment>
        <SegmentID>64</SegmentID>
        <SegStyle>Hatch1</SegStyle>
        <End>
          <X>-35.8438</X>
          <Y>50.7753</Y>
        </End>
      </Segment>
      <Segment>
        <SegmentID>65</SegmentID>
        <SegStyle>Hatch1</SegStyle>
        <End>
          <X>-31.9801</X>
          <Y>54.2299</Y>
        </End>
      </Segment>
      <Segment>
        <SegmentID>66</SegmentID>
        <SegStyle>Hatch1</SegStyle>
        <End>
          <X>-31.86</X>
          <Y>54.2299</Y>
        </End>
      </Segment>
      <Segment>
        <SegmentID>67</SegmentID>
        <SegStyle>Hatch1</SegStyle>
        <End>
          <X>-35.8438</X>
          <Y>50.668</Y>
        </End>
      </Segment>
      <Segment>
        <SegmentID>68</SegmentID>
        <SegStyle>Hatch1</SegStyle>
        <End>
          <X>-35.8438</X>
          <Y>50.5606</Y>
        </End>
      </Segment>
      <Segment>
        <SegmentID>69</SegmentID>
        <SegStyle>Hatch1</SegStyle>
        <End>
          <X>-31.74</X>
          <Y>54.2299</Y>
        </End>
      </Segment>
      <Segment>
        <SegmentID>70</SegmentID>
        <SegStyle>Hatch1</SegStyle>
        <End>
          <X>-31.62</X>
          <Y>54.2299</Y>
        </End>
      </Segment>
      <Segment>
        <SegmentID>71</SegmentID>
        <SegStyle>Hatch1</SegStyle>
        <End>
          <X>-35.8438</X>
          <Y>50.4533</Y>
        </End>
      </Segment>
      <Segment>
        <SegmentID>72</SegmentID>
        <SegStyle>Hatch1</SegStyle>
        <End>
          <X>-35.8438</X>
          <Y>50.3461</Y>
        </End>
      </Segment>
      <Segment>
        <SegmentID>73</SegmentID>
        <SegStyle>Hatch1</SegStyle>
        <End>
          <X>-31.4999</X>
          <Y>54.2299</Y>
        </End>
      </Segment>
      <Segment>
        <SegmentID>74</SegmentID>
        <SegStyle>Hatch1</SegStyle>
        <End>
          <X>-31.3799</X>
          <Y>54.2299</Y>
        </End>
      </Segment>
      <Segment>
        <SegmentID>75</SegmentID>
        <SegStyle>Hatch1</SegStyle>
        <End>
          <X>-35.8438</X>
          <Y>50.2387</Y>
        </End>
      </Segment>
      <Segment>
        <SegmentID>76</SegmentID>
        <SegStyle>Hatch1</SegStyle>
        <End>
          <X>-35.8438</X>
          <Y>50.1314</Y>
        </End>
      </Segment>
      <Segment>
        <SegmentID>77</SegmentID>
        <SegStyle>Hatch1</SegStyle>
        <End>
          <X>-31.2599</X>
          <Y>54.2299</Y>
        </End>
      </Segment>
      <Segment>
        <SegmentID>78</SegmentID>
        <SegStyle>Hatch1</SegStyle>
        <End>
          <X>-31.1399</X>
          <Y>54.2299</Y>
        </End>
      </Segment>
      <Segment>
        <SegmentID>79</SegmentID>
        <SegStyle>Hatch1</SegStyle>
        <End>
          <X>-35.8438</X>
          <Y>50.0241</Y>
        </End>
      </Segment>
      <Segment>
        <SegmentID>80</SegmentID>
        <SegStyle>Hatch1</SegStyle>
        <End>
          <X>-35.8438</X>
          <Y>49.9168</Y>
        </End>
      </Segment>
      <Segment>
        <SegmentID>81</SegmentID>
        <SegStyle>Hatch1</SegStyle>
        <End>
          <X>-31.0198</X>
          <Y>54.2299</Y>
        </End>
      </Segment>
      <Segment>
        <SegmentID>82</SegmentID>
        <SegStyle>Hatch1</SegStyle>
        <End>
          <X>-30.8998</X>
          <Y>54.2299</Y>
        </End>
      </Segment>
      <Segment>
        <SegmentID>83</SegmentID>
        <SegStyle>Hatch1</SegStyle>
        <End>
          <X>-35.8438</X>
          <Y>49.8095</Y>
        </End>
      </Segment>
      <Segment>
        <SegmentID>84</SegmentID>
        <SegStyle>Hatch1</SegStyle>
        <End>
          <X>-35.8438</X>
          <Y>49.7021</Y>
        </End>
      </Segment>
      <Segment>
        <SegmentID>85</SegmentID>
        <SegStyle>Hatch1</SegStyle>
        <End>
          <X>-30.7798</X>
          <Y>54.2299</Y>
        </End>
      </Segment>
      <Segment>
        <SegmentID>86</SegmentID>
        <SegStyle>Hatch1</SegStyle>
        <End>
          <X>-30.6598</X>
          <Y>54.2299</Y>
        </End>
      </Segment>
      <Segment>
        <SegmentID>87</SegmentID>
        <SegStyle>Hatch1</SegStyle>
        <End>
          <X>-35.8438</X>
          <Y>49.5948</Y>
        </End>
      </Segment>
      <Segment>
        <SegmentID>88</SegmentID>
        <SegStyle>Hatch1</SegStyle>
        <End>
          <X>-35.8438</X>
          <Y>49.4876</Y>
        </End>
      </Segment>
      <Segment>
        <SegmentID>89</SegmentID>
        <SegStyle>Hatch1</SegStyle>
        <End>
          <X>-30.5398</X>
          <Y>54.2299</Y>
        </End>
      </Segment>
      <Segment>
        <SegmentID>90</SegmentID>
        <SegStyle>Hatch1</SegStyle>
        <End>
          <X>-30.4197</X>
          <Y>54.2299</Y>
        </End>
      </Segment>
      <Segment>
        <SegmentID>91</SegmentID>
        <SegStyle>Hatch1</SegStyle>
        <End>
          <X>-35.8438</X>
          <Y>49.3802</Y>
        </End>
      </Segment>
      <Segment>
        <SegmentID>92</SegmentID>
        <SegStyle>Hatch1</SegStyle>
        <End>
          <X>-35.8438</X>
          <Y>49.2729</Y>
        </End>
      </Segment>
      <Segment>
        <SegmentID>93</SegmentID>
        <SegStyle>Hatch1</SegStyle>
        <End>
          <X>-30.2997</X>
          <Y>54.2299</Y>
        </End>
      </Segment>
      <Segment>
        <SegmentID>94</SegmentID>
        <SegStyle>Hatch1</SegStyle>
        <End>
          <X>-30.1797</X>
          <Y>54.2299</Y>
        </End>
      </Segment>
      <Segment>
        <SegmentID>95</SegmentID>
        <SegStyle>Hatch1</SegStyle>
        <End>
          <X>-35.8438</X>
          <Y>49.1655</Y>
        </End>
      </Segment>
      <Segment>
        <SegmentID>96</SegmentID>
        <SegStyle>Hatch1</SegStyle>
        <End>
          <X>-35.8438</X>
          <Y>49.0583</Y>
        </End>
      </Segment>
      <Segment>
        <SegmentID>97</SegmentID>
        <SegStyle>Hatch1</SegStyle>
        <End>
          <X>-30.0596</X>
          <Y>54.2299</Y>
        </End>
      </Segment>
      <Segment>
        <SegmentID>98</SegmentID>
        <SegStyle>Hatch1</SegStyle>
        <End>
          <X>-29.9396</X>
          <Y>54.2299</Y>
        </End>
      </Segment>
      <Segment>
        <SegmentID>99</SegmentID>
        <SegStyle>Hatch1</SegStyle>
        <End>
          <X>-35.8438</X>
          <Y>48.951</Y>
        </End>
      </Segment>
      <Segment>
        <SegmentID>100</SegmentID>
        <SegStyle>Hatch1</SegStyle>
        <End>
          <X>-35.8438</X>
          <Y>48.8436</Y>
        </End>
      </Segment>
      <Segment>
        <SegmentID>101</SegmentID>
        <SegStyle>Hatch1</SegStyle>
        <End>
          <X>-29.8196</X>
          <Y>54.2299</Y>
        </End>
      </Segment>
      <Segment>
        <SegmentID>102</SegmentID>
        <SegStyle>Hatch1</SegStyle>
        <End>
          <X>-29.6995</X>
          <Y>54.2299</Y>
        </End>
      </Segment>
      <Segment>
        <SegmentID>103</SegmentID>
        <SegStyle>Hatch1</SegStyle>
        <End>
          <X>-35.8438</X>
          <Y>48.7363</Y>
        </End>
      </Segment>
      <Segment>
        <SegmentID>104</SegmentID>
        <SegStyle>Hatch1</SegStyle>
        <End>
          <X>-35.8438</X>
          <Y>48.629</Y>
        </End>
      </Segment>
      <Segment>
        <SegmentID>105</SegmentID>
        <SegStyle>Hatch1</SegStyle>
        <End>
          <X>-29.5796</X>
          <Y>54.2299</Y>
        </End>
      </Segment>
      <Segment>
        <SegmentID>106</SegmentID>
        <SegStyle>Hatch1</SegStyle>
        <End>
          <X>-29.4594</X>
          <Y>54.2299</Y>
        </End>
      </Segment>
      <Segment>
        <SegmentID>107</SegmentID>
        <SegStyle>Hatch1</SegStyle>
        <End>
          <X>-35.8438</X>
          <Y>48.5217</Y>
        </End>
      </Segment>
      <Segment>
        <SegmentID>108</SegmentID>
        <SegStyle>Hatch1</SegStyle>
        <End>
          <X>-35.8438</X>
          <Y>48.4144</Y>
        </End>
      </Segment>
      <Segment>
        <SegmentID>109</SegmentID>
        <SegStyle>Hatch1</SegStyle>
        <End>
          <X>-29.3395</X>
          <Y>54.2299</Y>
        </End>
      </Segment>
      <Segment>
        <SegmentID>110</SegmentID>
        <SegStyle>Hatch1</SegStyle>
        <End>
          <X>-29.2195</X>
          <Y>54.2299</Y>
        </End>
      </Segment>
      <Segment>
        <SegmentID>111</SegmentID>
        <SegStyle>Hatch1</SegStyle>
        <End>
          <X>-35.8438</X>
          <Y>48.307</Y>
        </End>
      </Segment>
      <Segment>
        <SegmentID>112</SegmentID>
        <SegStyle>Hatch1</SegStyle>
        <End>
          <X>-35.8438</X>
          <Y>48.1997</Y>
        </End>
      </Segment>
      <Segment>
        <SegmentID>113</SegmentID>
        <SegStyle>Hatch1</SegStyle>
        <End>
          <X>-29.0994</X>
          <Y>54.2299</Y>
        </End>
      </Segment>
      <Segment>
        <SegmentID>114</SegmentID>
        <SegStyle>Hatch1</SegStyle>
        <End>
          <X>-28.9795</X>
          <Y>54.2299</Y>
        </End>
      </Segment>
      <Segment>
        <SegmentID>115</SegmentID>
        <SegStyle>Hatch1</SegStyle>
        <End>
          <X>-35.8438</X>
          <Y>48.0925</Y>
        </End>
      </Segment>
      <Segment>
        <SegmentID>116</SegmentID>
        <SegStyle>Hatch1</SegStyle>
        <End>
          <X>-35.8438</X>
          <Y>47.9851</Y>
        </End>
      </Segment>
      <Segment>
        <SegmentID>117</SegmentID>
        <SegStyle>Hatch1</SegStyle>
        <End>
          <X>-28.8593</X>
          <Y>54.2299</Y>
        </End>
      </Segment>
      <Segment>
        <SegmentID>118</SegmentID>
        <SegStyle>Hatch1</SegStyle>
        <End>
          <X>-28.7393</X>
          <Y>54.2299</Y>
        </End>
      </Segment>
      <Segment>
        <SegmentID>119</SegmentID>
        <SegStyle>Hatch1</SegStyle>
        <End>
          <X>-35.8438</X>
          <Y>47.8778</Y>
        </End>
      </Segment>
      <Segment>
        <SegmentID>120</SegmentID>
        <SegStyle>Hatch1</SegStyle>
        <End>
          <X>-35.8438</X>
          <Y>47.7704</Y>
        </End>
      </Segment>
      <Segment>
        <SegmentID>121</SegmentID>
        <SegStyle>Hatch1</SegStyle>
        <End>
          <X>-28.6193</X>
          <Y>54.2299</Y>
        </End>
      </Segment>
      <Segment>
        <SegmentID>122</SegmentID>
        <SegStyle>Hatch1</SegStyle>
        <End>
          <X>-28.4993</X>
          <Y>54.2299</Y>
        </End>
      </Segment>
      <Segment>
        <SegmentID>123</SegmentID>
        <SegStyle>Hatch1</SegStyle>
        <End>
          <X>-35.8438</X>
          <Y>47.6632</Y>
        </End>
      </Segment>
      <Segment>
        <SegmentID>124</SegmentID>
        <SegStyle>Hatch1</SegStyle>
        <End>
          <X>-35.8438</X>
          <Y>47.5559</Y>
        </End>
      </Segment>
      <Segment>
        <SegmentID>125</SegmentID>
        <SegStyle>Hatch1</SegStyle>
        <End>
          <X>-28.3793</X>
          <Y>54.2299</Y>
        </End>
      </Segment>
      <Segment>
        <SegmentID>126</SegmentID>
        <SegStyle>Hatch1</SegStyle>
        <End>
          <X>-28.2593</X>
          <Y>54.2299</Y>
        </End>
      </Segment>
      <Segment>
        <SegmentID>127</SegmentID>
        <SegStyle>Hatch1</SegStyle>
        <End>
          <X>-35.8438</X>
          <Y>47.4485</Y>
        </End>
      </Segment>
      <Segment>
        <SegmentID>128</SegmentID>
        <SegStyle>Hatch1</SegStyle>
        <End>
          <X>-35.8438</X>
          <Y>47.3412</Y>
        </End>
      </Segment>
      <Segment>
        <SegmentID>129</SegmentID>
        <SegStyle>Hatch1</SegStyle>
        <End>
          <X>-28.1392</X>
          <Y>54.2299</Y>
        </End>
      </Segment>
      <Segment>
        <SegmentID>130</SegmentID>
        <SegStyle>Hatch1</SegStyle>
        <End>
          <X>-28.0192</X>
          <Y>54.2299</Y>
        </End>
      </Segment>
      <Segment>
        <SegmentID>131</SegmentID>
        <SegStyle>Hatch1</SegStyle>
        <End>
          <X>-35.8438</X>
          <Y>47.2339</Y>
        </End>
      </Segment>
      <Segment>
        <SegmentID>132</SegmentID>
        <SegStyle>Hatch1</SegStyle>
        <End>
          <X>-35.8438</X>
          <Y>47.1266</Y>
        </End>
      </Segment>
      <Segment>
        <SegmentID>133</SegmentID>
        <SegStyle>Hatch1</SegStyle>
        <End>
          <X>-27.8991</X>
          <Y>54.2299</Y>
        </End>
      </Segment>
      <Segment>
        <SegmentID>134</SegmentID>
        <SegStyle>Hatch1</SegStyle>
        <End>
          <X>-27.7792</X>
          <Y>54.2299</Y>
        </End>
      </Segment>
      <Segment>
        <SegmentID>135</SegmentID>
        <SegStyle>Hatch1</SegStyle>
        <End>
          <X>-35.8438</X>
          <Y>47.0193</Y>
        </End>
      </Segment>
      <Segment>
        <SegmentID>136</SegmentID>
        <SegStyle>Hatch1</SegStyle>
        <End>
          <X>-35.8438</X>
          <Y>46.9119</Y>
        </End>
      </Segment>
      <Segment>
        <SegmentID>137</SegmentID>
        <SegStyle>Hatch1</SegStyle>
        <End>
          <X>-27.6591</X>
          <Y>54.2299</Y>
        </End>
      </Segment>
      <Segment>
        <SegmentID>138</SegmentID>
        <SegStyle>Hatch1</SegStyle>
        <End>
          <X>-27.5391</X>
          <Y>54.2299</Y>
        </End>
      </Segment>
      <Segment>
        <SegmentID>139</SegmentID>
        <SegStyle>Hatch1</SegStyle>
        <End>
          <X>-35.8438</X>
          <Y>46.8046</Y>
        </End>
      </Segment>
      <Segment>
        <SegmentID>140</SegmentID>
        <SegStyle>Hatch1</SegStyle>
        <End>
          <X>-35.8438</X>
          <Y>46.6974</Y>
        </End>
      </Segment>
      <Segment>
        <SegmentID>141</SegmentID>
        <SegStyle>Hatch1</SegStyle>
        <End>
          <X>-27.4191</X>
          <Y>54.2299</Y>
        </End>
      </Segment>
      <Segment>
        <SegmentID>142</SegmentID>
        <SegStyle>Hatch1</SegStyle>
        <End>
          <X>-27.299</X>
          <Y>54.2299</Y>
        </End>
      </Segment>
      <Segment>
        <SegmentID>143</SegmentID>
        <SegStyle>Hatch1</SegStyle>
        <End>
          <X>-35.8438</X>
          <Y>46.59</Y>
        </End>
      </Segment>
      <Segment>
        <SegmentID>144</SegmentID>
        <SegStyle>Hatch1</SegStyle>
        <End>
          <X>-35.8438</X>
          <Y>46.4827</Y>
        </End>
      </Segment>
      <Segment>
        <SegmentID>145</SegmentID>
        <SegStyle>Hatch1</SegStyle>
        <End>
          <X>-27.179</X>
          <Y>54.2299</Y>
        </End>
      </Segment>
      <Segment>
        <SegmentID>146</SegmentID>
        <SegStyle>Hatch1</SegStyle>
        <End>
          <X>-27.059</X>
          <Y>54.2299</Y>
        </End>
      </Segment>
      <Segment>
        <SegmentID>147</SegmentID>
        <SegStyle>Hatch1</SegStyle>
        <End>
          <X>-35.8438</X>
          <Y>46.3753</Y>
        </End>
      </Segment>
      <Segment>
        <SegmentID>148</SegmentID>
        <SegStyle>Hatch1</SegStyle>
        <End>
          <X>-35.8438</X>
          <Y>46.2681</Y>
        </End>
      </Segment>
      <Segment>
        <SegmentID>149</SegmentID>
        <SegStyle>Hatch1</SegStyle>
        <End>
          <X>-26.939</X>
          <Y>54.2299</Y>
        </End>
      </Segment>
      <Segment>
        <SegmentID>150</SegmentID>
        <SegStyle>Hatch1</SegStyle>
        <End>
          <X>-26.8189</X>
          <Y>54.2299</Y>
        </End>
      </Segment>
      <Segment>
        <SegmentID>151</SegmentID>
        <SegStyle>Hatch1</SegStyle>
        <End>
          <X>-35.8438</X>
          <Y>46.1608</Y>
        </End>
      </Segment>
      <Segment>
        <SegmentID>152</SegmentID>
        <SegStyle>Hatch1</SegStyle>
        <End>
          <X>-35.8438</X>
          <Y>46.0534</Y>
        </End>
      </Segment>
      <Segment>
        <SegmentID>153</SegmentID>
        <SegStyle>Hatch1</SegStyle>
        <End>
          <X>-26.6989</X>
          <Y>54.2299</Y>
        </End>
      </Segment>
      <Segment>
        <SegmentID>154</SegmentID>
        <SegStyle>Hatch1</SegStyle>
        <End>
          <X>-26.5789</X>
          <Y>54.2299</Y>
        </End>
      </Segment>
      <Segment>
        <SegmentID>155</SegmentID>
        <SegStyle>Hatch1</SegStyle>
        <End>
          <X>-35.8438</X>
          <Y>45.9461</Y>
        </End>
      </Segment>
      <Segment>
        <SegmentID>156</SegmentID>
        <SegStyle>Hatch1</SegStyle>
        <End>
          <X>-35.8438</X>
          <Y>45.8388</Y>
        </End>
      </Segment>
      <Segment>
        <SegmentID>157</SegmentID>
        <SegStyle>Hatch1</SegStyle>
        <End>
          <X>-26.4589</X>
          <Y>54.2299</Y>
        </End>
      </Segment>
      <Segment>
        <SegmentID>158</SegmentID>
        <SegStyle>Hatch1</SegStyle>
        <End>
          <X>-26.3388</X>
          <Y>54.2299</Y>
        </End>
      </Segment>
      <Segment>
        <SegmentID>159</SegmentID>
        <SegStyle>Hatch1</SegStyle>
        <End>
          <X>-35.8438</X>
          <Y>45.7315</Y>
        </End>
      </Segment>
      <Segment>
        <SegmentID>160</SegmentID>
        <SegStyle>Hatch1</SegStyle>
        <End>
          <X>-35.8438</X>
          <Y>45.6242</Y>
        </End>
      </Segment>
      <Segment>
        <SegmentID>161</SegmentID>
        <SegStyle>Hatch1</SegStyle>
        <End>
          <X>-26.2188</X>
          <Y>54.2299</Y>
        </End>
      </Segment>
      <Segment>
        <SegmentID>162</SegmentID>
        <SegStyle>Hatch1</SegStyle>
        <End>
          <X>-26.0988</X>
          <Y>54.2299</Y>
        </End>
      </Segment>
      <Segment>
        <SegmentID>163</SegmentID>
        <SegStyle>Hatch1</SegStyle>
        <End>
          <X>-35.8438</X>
          <Y>45.5168</Y>
        </End>
      </Segment>
      <Segment>
        <SegmentID>164</SegmentID>
        <SegStyle>Hatch1</SegStyle>
        <End>
          <X>-35.8438</X>
          <Y>45.4095</Y>
        </End>
      </Segment>
      <Segment>
        <SegmentID>165</SegmentID>
        <SegStyle>Hatch1</SegStyle>
        <End>
          <X>-25.9788</X>
          <Y>54.2299</Y>
        </End>
      </Segment>
      <Segment>
        <SegmentID>166</SegmentID>
        <SegStyle>Hatch1</SegStyle>
        <End>
          <X>-25.8588</X>
          <Y>54.2299</Y>
        </End>
      </Segment>
      <Segment>
        <SegmentID>167</SegmentID>
        <SegStyle>Hatch1</SegStyle>
        <End>
          <X>-35.8438</X>
          <Y>45.3022</Y>
        </End>
      </Segment>
      <Segment>
        <SegmentID>168</SegmentID>
        <SegStyle>Hatch1</SegStyle>
        <End>
          <X>-35.8438</X>
          <Y>45.1949</Y>
        </End>
      </Segment>
      <Segment>
        <SegmentID>169</SegmentID>
        <SegStyle>Hatch1</SegStyle>
        <End>
          <X>-25.7387</X>
          <Y>54.2299</Y>
        </End>
      </Segment>
      <Segment>
        <SegmentID>170</SegmentID>
        <SegStyle>Hatch1</SegStyle>
        <End>
          <X>-25.6187</X>
          <Y>54.2299</Y>
        </End>
      </Segment>
      <Segment>
        <SegmentID>171</SegmentID>
        <SegStyle>Hatch1</SegStyle>
        <End>
          <X>-35.8438</X>
          <Y>45.0876</Y>
        </End>
      </Segment>
      <Segment>
        <SegmentID>172</SegmentID>
        <SegStyle>Hatch1</SegStyle>
        <End>
          <X>-35.8438</X>
          <Y>44.9802</Y>
        </End>
      </Segment>
      <Segment>
        <SegmentID>173</SegmentID>
        <SegStyle>Hatch1</SegStyle>
        <End>
          <X>-25.4987</X>
          <Y>54.2299</Y>
        </End>
      </Segment>
      <Segment>
        <SegmentID>174</SegmentID>
        <SegStyle>Hatch1</SegStyle>
        <End>
          <X>-25.3787</X>
          <Y>54.2299</Y>
        </End>
      </Segment>
      <Segment>
        <SegmentID>175</SegmentID>
        <SegStyle>Hatch1</SegStyle>
        <End>
          <X>-35.8438</X>
          <Y>44.873</Y>
        </End>
      </Segment>
      <Segment>
        <SegmentID>176</SegmentID>
        <SegStyle>Hatch1</SegStyle>
        <End>
          <X>-35.8438</X>
          <Y>44.7657</Y>
        </End>
      </Segment>
      <Segment>
        <SegmentID>177</SegmentID>
        <SegStyle>Hatch1</SegStyle>
        <End>
          <X>-25.2586</X>
          <Y>54.2299</Y>
        </End>
      </Segment>
      <Segment>
        <SegmentID>178</SegmentID>
        <SegStyle>Hatch1</SegStyle>
        <End>
          <X>-25.1385</X>
          <Y>54.2299</Y>
        </End>
      </Segment>
      <Segment>
        <SegmentID>179</SegmentID>
        <SegStyle>Hatch1</SegStyle>
        <End>
          <X>-35.8438</X>
          <Y>44.6583</Y>
        </End>
      </Segment>
      <Segment>
        <SegmentID>180</SegmentID>
        <SegStyle>Hatch1</SegStyle>
        <End>
          <X>-35.8438</X>
          <Y>44.551</Y>
        </End>
      </Segment>
      <Segment>
        <SegmentID>181</SegmentID>
        <SegStyle>Hatch1</SegStyle>
        <End>
          <X>-25.0186</X>
          <Y>54.2299</Y>
        </End>
      </Segment>
      <Segment>
        <SegmentID>182</SegmentID>
        <SegStyle>Hatch1</SegStyle>
        <End>
          <X>-24.8986</X>
          <Y>54.2299</Y>
        </End>
      </Segment>
      <Segment>
        <SegmentID>183</SegmentID>
        <SegStyle>Hatch1</SegStyle>
        <End>
          <X>-35.8438</X>
          <Y>44.4437</Y>
        </End>
      </Segment>
      <Segment>
        <SegmentID>184</SegmentID>
        <SegStyle>Hatch1</SegStyle>
        <End>
          <X>-35.8438</X>
          <Y>44.3364</Y>
        </End>
      </Segment>
      <Segment>
        <SegmentID>185</SegmentID>
        <SegStyle>Hatch1</SegStyle>
        <End>
          <X>-24.7784</X>
          <Y>54.2299</Y>
        </End>
      </Segment>
      <Segment>
        <SegmentID>186</SegmentID>
        <SegStyle>Hatch1</SegStyle>
        <End>
          <X>-24.6585</X>
          <Y>54.2299</Y>
        </End>
      </Segment>
      <Segment>
        <SegmentID>187</SegmentID>
        <SegStyle>Hatch1</SegStyle>
        <End>
          <X>-35.8438</X>
          <Y>44.2291</Y>
        </End>
      </Segment>
      <Segment>
        <SegmentID>188</SegmentID>
        <SegStyle>Hatch1</SegStyle>
        <End>
          <X>-35.8438</X>
          <Y>44.1217</Y>
        </End>
      </Segment>
      <Segment>
        <SegmentID>189</SegmentID>
        <SegStyle>Hatch1</SegStyle>
        <End>
          <X>-24.5384</X>
          <Y>54.2299</Y>
        </End>
      </Segment>
      <Segment>
        <SegmentID>190</SegmentID>
        <SegStyle>Hatch1</SegStyle>
        <End>
          <X>-24.4184</X>
          <Y>54.2299</Y>
        </End>
      </Segment>
      <Segment>
        <SegmentID>191</SegmentID>
        <SegStyle>Hatch1</SegStyle>
        <End>
          <X>-35.8438</X>
          <Y>44.0145</Y>
        </End>
      </Segment>
      <Segment>
        <SegmentID>192</SegmentID>
        <SegStyle>Hatch1</SegStyle>
        <End>
          <X>-35.8438</X>
          <Y>43.9071</Y>
        </End>
      </Segment>
      <Segment>
        <SegmentID>193</SegmentID>
        <SegStyle>Hatch1</SegStyle>
        <End>
          <X>-24.2984</X>
          <Y>54.2299</Y>
        </End>
      </Segment>
      <Segment>
        <SegmentID>194</SegmentID>
        <SegStyle>Hatch1</SegStyle>
        <End>
          <X>-24.1783</X>
          <Y>54.2299</Y>
        </End>
      </Segment>
      <Segment>
        <SegmentID>195</SegmentID>
        <SegStyle>Hatch1</SegStyle>
        <End>
          <X>-35.8438</X>
          <Y>43.7998</Y>
        </End>
      </Segment>
      <Segment>
        <SegmentID>196</SegmentID>
        <SegStyle>Hatch1</SegStyle>
        <End>
          <X>-35.8438</X>
          <Y>43.6925</Y>
        </End>
      </Segment>
      <Segment>
        <SegmentID>197</SegmentID>
        <SegStyle>Hatch1</SegStyle>
        <End>
          <X>-24.0584</X>
          <Y>54.2299</Y>
        </End>
      </Segment>
      <Segment>
        <SegmentID>198</SegmentID>
        <SegStyle>Hatch1</SegStyle>
        <End>
          <X>-23.9384</X>
          <Y>54.2299</Y>
        </End>
      </Segment>
      <Segment>
        <SegmentID>199</SegmentID>
        <SegStyle>Hatch1</SegStyle>
        <End>
          <X>-35.8438</X>
          <Y>43.5851</Y>
        </End>
      </Segment>
      <Segment>
        <SegmentID>200</SegmentID>
        <SegStyle>Hatch1</SegStyle>
        <End>
          <X>-35.8438</X>
          <Y>43.4779</Y>
        </End>
      </Segment>
      <Segment>
        <SegmentID>201</SegmentID>
        <SegStyle>Hatch1</SegStyle>
        <End>
          <X>-23.8183</X>
          <Y>54.2299</Y>
        </End>
      </Segment>
      <Segment>
        <SegmentID>202</SegmentID>
        <SegStyle>Hatch1</SegStyle>
        <End>
          <X>-23.6983</X>
          <Y>54.2299</Y>
        </End>
      </Segment>
      <Segment>
        <SegmentID>203</SegmentID>
        <SegStyle>Hatch1</SegStyle>
        <End>
          <X>-35.8438</X>
          <Y>43.3706</Y>
        </End>
      </Segment>
      <Segment>
        <SegmentID>204</SegmentID>
        <SegStyle>Hatch1</SegStyle>
        <End>
          <X>-35.8438</X>
          <Y>43.2632</Y>
        </End>
      </Segment>
      <Segment>
        <SegmentID>205</SegmentID>
        <SegStyle>Hatch1</SegStyle>
        <End>
          <X>-23.5782</X>
          <Y>54.2299</Y>
        </End>
      </Segment>
      <Segment>
        <SegmentID>206</SegmentID>
        <SegStyle>Hatch1</SegStyle>
        <End>
          <X>-23.4582</X>
          <Y>54.2299</Y>
        </End>
      </Segment>
      <Segment>
        <SegmentID>207</SegmentID>
        <SegStyle>Hatch1</SegStyle>
        <End>
          <X>-35.8438</X>
          <Y>43.1559</Y>
        </End>
      </Segment>
      <Segment>
        <SegmentID>208</SegmentID>
        <SegStyle>Hatch1</SegStyle>
        <End>
          <X>-35.8438</X>
          <Y>43.0486</Y>
        </End>
      </Segment>
      <Segment>
        <SegmentID>209</SegmentID>
        <SegStyle>Hatch1</SegStyle>
        <End>
          <X>-23.3383</X>
          <Y>54.2299</Y>
        </End>
      </Segment>
      <Segment>
        <SegmentID>210</SegmentID>
        <SegStyle>Hatch1</SegStyle>
        <End>
          <X>-23.2181</X>
          <Y>54.2299</Y>
        </End>
      </Segment>
      <Segment>
        <SegmentID>211</SegmentID>
        <SegStyle>Hatch1</SegStyle>
        <End>
          <X>-35.8438</X>
          <Y>42.9413</Y>
        </End>
      </Segment>
      <Segment>
        <SegmentID>212</SegmentID>
        <SegStyle>Hatch1</SegStyle>
        <End>
          <X>-35.8438</X>
          <Y>42.834</Y>
        </End>
      </Segment>
      <Segment>
        <SegmentID>213</SegmentID>
        <SegStyle>Hatch1</SegStyle>
        <End>
          <X>-23.0982</X>
          <Y>54.2299</Y>
        </End>
      </Segment>
      <Segment>
        <SegmentID>214</SegmentID>
        <SegStyle>Hatch1</SegStyle>
        <End>
          <X>-22.9781</X>
          <Y>54.2299</Y>
        </End>
      </Segment>
      <Segment>
        <SegmentID>215</SegmentID>
        <SegStyle>Hatch1</SegStyle>
        <End>
          <X>-35.8438</X>
          <Y>42.7266</Y>
        </End>
      </Segment>
      <Segment>
        <SegmentID>216</SegmentID>
        <SegStyle>Hatch1</SegStyle>
        <End>
          <X>-35.8438</X>
          <Y>42.6194</Y>
        </End>
      </Segment>
      <Segment>
        <SegmentID>217</SegmentID>
        <SegStyle>Hatch1</SegStyle>
        <End>
          <X>-22.8581</X>
          <Y>54.2299</Y>
        </End>
      </Segment>
      <Segment>
        <SegmentID>218</SegmentID>
        <SegStyle>Hatch1</SegStyle>
        <End>
          <X>-22.7381</X>
          <Y>54.2299</Y>
        </End>
      </Segment>
      <Segment>
        <SegmentID>219</SegmentID>
        <SegStyle>Hatch1</SegStyle>
        <End>
          <X>-35.8438</X>
          <Y>42.512</Y>
        </End>
      </Segment>
      <Segment>
        <SegmentID>220</SegmentID>
        <SegStyle>Hatch1</SegStyle>
        <End>
          <X>-35.7932</X>
          <Y>42.45</Y>
        </End>
      </Segment>
      <Segment>
        <SegmentID>221</SegmentID>
        <SegStyle>Hatch1</SegStyle>
        <End>
          <X>-22.618</X>
          <Y>54.2299</Y>
        </End>
      </Segment>
      <Segment>
        <SegmentID>222</SegmentID>
        <SegStyle>Hatch1</SegStyle>
        <End>
          <X>-22.498</X>
          <Y>54.2299</Y>
        </End>
      </Segment>
      <Segment>
        <SegmentID>223</SegmentID>
        <SegStyle>Hatch1</SegStyle>
        <End>
          <X>-35.6731</X>
          <Y>42.45</Y>
        </End>
      </Segment>
      <Segment>
        <SegmentID>224</SegmentID>
        <SegStyle>Hatch1</SegStyle>
        <End>
          <X>-35.5531</X>
          <Y>42.45</Y>
        </End>
      </Segment>
      <Segment>
        <SegmentID>225</SegmentID>
        <SegStyle>Hatch1</SegStyle>
        <End>
          <X>-22.4317</X>
          <Y>54.182</Y>
        </End>
      </Segment>
      <Segment>
        <SegmentID>226</SegmentID>
        <SegStyle>Hatch1</SegStyle>
        <End>
          <X>-22.4317</X>
          <Y>54.0746</Y>
        </End>
      </Segment>
      <Segment>
        <SegmentID>227</SegmentID>
        <SegStyle>Hatch1</SegStyle>
        <End>
          <X>-35.4331</X>
          <Y>42.45</Y>
        </End>
      </Segment>
      <Segment>
        <SegmentID>228</SegmentID>
        <SegStyle>Hatch1</SegStyle>
        <End>
          <X>-35.313</X>
          <Y>42.45</Y>
        </End>
      </Segment>
      <Segment>
        <SegmentID>229</SegmentID>
        <SegStyle>Hatch1</SegStyle>
        <End>
          <X>-22.4317</X>
          <Y>53.9673</Y>
        </End>
      </Segment>
      <Segment>
        <SegmentID>230</SegmentID>
        <SegStyle>Hatch1</SegStyle>
        <End>
          <X>-22.4317</X>
          <Y>53.8599</Y>
        </End>
      </Segment>
      <Segment>
        <SegmentID>231</SegmentID>
        <SegStyle>Hatch1</SegStyle>
        <End>
          <X>-35.193</X>
          <Y>42.45</Y>
        </End>
      </Segment>
      <Segment>
        <SegmentID>232</SegmentID>
        <SegStyle>Hatch1</SegStyle>
        <End>
          <X>-35.073</X>
          <Y>42.45</Y>
        </End>
      </Segment>
      <Segment>
        <SegmentID>233</SegmentID>
        <SegStyle>Hatch1</SegStyle>
        <End>
          <X>-22.4317</X>
          <Y>53.7526</Y>
        </End>
      </Segment>
      <Segment>
        <SegmentID>234</SegmentID>
        <SegStyle>Hatch1</SegStyle>
        <End>
          <X>-22.4317</X>
          <Y>53.6454</Y>
        </End>
      </Segment>
      <Segment>
        <SegmentID>235</SegmentID>
        <SegStyle>Hatch1</SegStyle>
        <End>
          <X>-34.9529</X>
          <Y>42.45</Y>
        </End>
      </Segment>
      <Segment>
        <SegmentID>236</SegmentID>
        <SegStyle>Hatch1</SegStyle>
        <End>
          <X>-34.833</X>
          <Y>42.45</Y>
        </End>
      </Segment>
      <Segment>
        <SegmentID>237</SegmentID>
        <SegStyle>Hatch1</SegStyle>
        <End>
          <X>-22.4317</X>
          <Y>53.5379</Y>
        </End>
      </Segment>
      <Segment>
        <SegmentID>238</SegmentID>
        <SegStyle>Hatch1</SegStyle>
        <End>
          <X>-22.4317</X>
          <Y>53.4307</Y>
        </End>
      </Segment>
      <Segment>
        <SegmentID>239</SegmentID>
        <SegStyle>Hatch1</SegStyle>
        <End>
          <X>-34.7129</X>
          <Y>42.45</Y>
        </End>
      </Segment>
      <Segment>
        <SegmentID>240</SegmentID>
        <SegStyle>Hatch1</SegStyle>
        <End>
          <X>-34.5929</X>
          <Y>42.45</Y>
        </End>
      </Segment>
      <Segment>
        <SegmentID>241</SegmentID>
        <SegStyle>Hatch1</SegStyle>
        <End>
          <X>-22.4317</X>
          <Y>53.3233</Y>
        </End>
      </Segment>
      <Segment>
        <SegmentID>242</SegmentID>
        <SegStyle>Hatch1</SegStyle>
        <End>
          <X>-22.4317</X>
          <Y>53.2161</Y>
        </End>
      </Segment>
      <Segment>
        <SegmentID>243</SegmentID>
        <SegStyle>Hatch1</SegStyle>
        <End>
          <X>-34.4729</X>
          <Y>42.45</Y>
        </End>
      </Segment>
      <Segment>
        <SegmentID>244</SegmentID>
        <SegStyle>Hatch1</SegStyle>
        <End>
          <X>-34.3528</X>
          <Y>42.45</Y>
        </End>
      </Segment>
      <Segment>
        <SegmentID>245</SegmentID>
        <SegStyle>Hatch1</SegStyle>
        <End>
          <X>-22.4317</X>
          <Y>53.1087</Y>
        </End>
      </Segment>
      <Segment>
        <SegmentID>246</SegmentID>
        <SegStyle>Hatch1</SegStyle>
        <End>
          <X>-22.4317</X>
          <Y>53.0014</Y>
        </End>
      </Segment>
      <Segment>
        <SegmentID>247</SegmentID>
        <SegStyle>Hatch1</SegStyle>
        <End>
          <X>-34.2329</X>
          <Y>42.45</Y>
        </End>
      </Segment>
      <Segment>
        <SegmentID>248</SegmentID>
        <SegStyle>Hatch1</SegStyle>
        <End>
          <X>-34.1128</X>
          <Y>42.45</Y>
        </End>
      </Segment>
      <Segment>
        <SegmentID>249</SegmentID>
        <SegStyle>Hatch1</SegStyle>
        <End>
          <X>-22.4317</X>
          <Y>52.8941</Y>
        </End>
      </Segment>
      <Segment>
        <SegmentID>250</SegmentID>
        <SegStyle>Hatch1</SegStyle>
        <End>
          <X>-22.4317</X>
          <Y>52.7868</Y>
        </End>
      </Segment>
      <Segment>
        <SegmentID>251</SegmentID>
        <SegStyle>Hatch1</SegStyle>
        <End>
          <X>-33.9927</X>
          <Y>42.45</Y>
        </End>
      </Segment>
      <Segment>
        <SegmentID>252</SegmentID>
        <SegStyle>Hatch1</SegStyle>
        <End>
          <X>-33.8728</X>
          <Y>42.45</Y>
        </End>
      </Segment>
      <Segment>
        <SegmentID>253</SegmentID>
        <SegStyle>Hatch1</SegStyle>
        <End>
          <X>-22.4317</X>
          <Y>52.6795</Y>
        </End>
      </Segment>
      <Segment>
        <SegmentID>254</SegmentID>
        <SegStyle>Hatch1</SegStyle>
        <End>
          <X>-22.4317</X>
          <Y>52.5722</Y>
        </End>
      </Segment>
      <Segment>
        <SegmentID>255</SegmentID>
        <SegStyle>Hatch1</SegStyle>
        <End>
          <X>-33.7527</X>
          <Y>42.45</Y>
        </End>
      </Segment>
      <Segment>
        <SegmentID>256</SegmentID>
        <SegStyle>Hatch1</SegStyle>
        <End>
          <X>-33.6326</X>
          <Y>42.45</Y>
        </End>
      </Segment>
      <Segment>
        <SegmentID>257</SegmentID>
        <SegStyle>Hatch1</SegStyle>
        <End>
          <X>-22.4317</X>
          <Y>52.4648</Y>
        </End>
      </Segment>
      <Segment>
        <SegmentID>258</SegmentID>
        <SegStyle>Hatch1</SegStyle>
        <End>
          <X>-22.4317</X>
          <Y>52.3575</Y>
        </End>
      </Segment>
      <Segment>
        <SegmentID>259</SegmentID>
        <SegStyle>Hatch1</SegStyle>
        <End>
          <X>-33.5127</X>
          <Y>42.45</Y>
        </End>
      </Segment>
      <Segment>
        <SegmentID>260</SegmentID>
        <SegStyle>Hatch1</SegStyle>
        <End>
          <X>-33.3926</X>
          <Y>42.45</Y>
        </End>
      </Segment>
      <Segment>
        <SegmentID>261</SegmentID>
        <SegStyle>Hatch1</SegStyle>
        <End>
          <X>-22.4317</X>
          <Y>52.2503</Y>
        </End>
      </Segment>
      <Segment>
        <SegmentID>262</SegmentID>
        <SegStyle>Hatch1</SegStyle>
        <End>
          <X>-22.4317</X>
          <Y>52.1429</Y>
        </End>
      </Segment>
      <Segment>
        <SegmentID>263</SegmentID>
        <SegStyle>Hatch1</SegStyle>
        <End>
          <X>-33.2726</X>
          <Y>42.45</Y>
        </End>
      </Segment>
      <Segment>
        <SegmentID>264</SegmentID>
        <SegStyle>Hatch1</SegStyle>
        <End>
          <X>-33.1526</X>
          <Y>42.45</Y>
        </End>
      </Segment>
      <Segment>
        <SegmentID>265</SegmentID>
        <SegStyle>Hatch1</SegStyle>
        <End>
          <X>-22.4317</X>
          <Y>52.0356</Y>
        </End>
      </Segment>
      <Segment>
        <SegmentID>266</SegmentID>
        <SegStyle>Hatch1</SegStyle>
        <End>
          <X>-22.4317</X>
          <Y>51.9282</Y>
        </End>
      </Segment>
      <Segment>
        <SegmentID>267</SegmentID>
        <SegStyle>Hatch1</SegStyle>
        <End>
          <X>-33.0325</X>
          <Y>42.45</Y>
        </End>
      </Segment>
      <Segment>
        <SegmentID>268</SegmentID>
        <SegStyle>Hatch1</SegStyle>
        <End>
          <X>-32.9126</X>
          <Y>42.45</Y>
        </End>
      </Segment>
      <Segment>
        <SegmentID>269</SegmentID>
        <SegStyle>Hatch1</SegStyle>
        <End>
          <X>-22.4317</X>
          <Y>51.821</Y>
        </End>
      </Segment>
      <Segment>
        <SegmentID>270</SegmentID>
        <SegStyle>Hatch1</SegStyle>
        <End>
          <X>-22.4317</X>
          <Y>51.7136</Y>
        </End>
      </Segment>
      <Segment>
        <SegmentID>271</SegmentID>
        <SegStyle>Hatch1</SegStyle>
        <End>
          <X>-32.7925</X>
          <Y>42.45</Y>
        </End>
      </Segment>
      <Segment>
        <SegmentID>272</SegmentID>
        <SegStyle>Hatch1</SegStyle>
        <End>
          <X>-32.6725</X>
          <Y>42.45</Y>
        </End>
      </Segment>
      <Segment>
        <SegmentID>273</SegmentID>
        <SegStyle>Hatch1</SegStyle>
        <End>
          <X>-22.4317</X>
          <Y>51.6063</Y>
        </End>
      </Segment>
      <Segment>
        <SegmentID>274</SegmentID>
        <SegStyle>Hatch1</SegStyle>
        <End>
          <X>-22.4317</X>
          <Y>51.499</Y>
        </End>
      </Segment>
      <Segment>
        <SegmentID>275</SegmentID>
        <SegStyle>Hatch1</SegStyle>
        <End>
          <X>-32.5525</X>
          <Y>42.45</Y>
        </End>
      </Segment>
      <Segment>
        <SegmentID>276</SegmentID>
        <SegStyle>Hatch1</SegStyle>
        <End>
          <X>-32.4324</X>
          <Y>42.45</Y>
        </End>
      </Segment>
      <Segment>
        <SegmentID>277</SegmentID>
        <SegStyle>Hatch1</SegStyle>
        <End>
          <X>-22.4317</X>
          <Y>51.3917</Y>
        </End>
      </Segment>
      <Segment>
        <SegmentID>278</SegmentID>
        <SegStyle>Hatch1</SegStyle>
        <End>
          <X>-22.4317</X>
          <Y>51.2844</Y>
        </End>
      </Segment>
      <Segment>
        <SegmentID>279</SegmentID>
        <SegStyle>Hatch1</SegStyle>
        <End>
          <X>-32.3125</X>
          <Y>42.45</Y>
        </End>
      </Segment>
      <Segment>
        <SegmentID>280</SegmentID>
        <SegStyle>Hatch1</SegStyle>
        <End>
          <X>-32.1924</X>
          <Y>42.45</Y>
        </End>
      </Segment>
      <Segment>
        <SegmentID>281</SegmentID>
        <SegStyle>Hatch1</SegStyle>
        <End>
          <X>-22.4317</X>
          <Y>51.1771</Y>
        </End>
      </Segment>
      <Segment>
        <SegmentID>282</SegmentID>
        <SegStyle>Hatch1</SegStyle>
        <End>
          <X>-22.4317</X>
          <Y>51.0697</Y>
        </End>
      </Segment>
      <Segment>
        <SegmentID>283</SegmentID>
        <SegStyle>Hatch1</SegStyle>
        <End>
          <X>-32.0723</X>
          <Y>42.45</Y>
        </End>
      </Segment>
      <Segment>
        <SegmentID>284</SegmentID>
        <SegStyle>Hatch1</SegStyle>
        <End>
          <X>-31.9524</X>
          <Y>42.45</Y>
        </End>
      </Segment>
      <Segment>
        <SegmentID>285</SegmentID>
        <SegStyle>Hatch1</SegStyle>
        <End>
          <X>-22.4317</X>
          <Y>50.9625</Y>
        </End>
      </Segment>
      <Segment>
        <SegmentID>286</SegmentID>
        <SegStyle>Hatch1</SegStyle>
        <End>
          <X>-22.4317</X>
          <Y>50.8552</Y>
        </End>
      </Segment>
      <Segment>
        <SegmentID>287</SegmentID>
        <SegStyle>Hatch1</SegStyle>
        <End>
          <X>-31.8323</X>
          <Y>42.45</Y>
        </End>
      </Segment>
      <Segment>
        <SegmentID>288</SegmentID>
        <SegStyle>Hatch1</SegStyle>
        <End>
          <X>-31.7123</X>
          <Y>42.45</Y>
        </End>
      </Segment>
      <Segment>
        <SegmentID>289</SegmentID>
        <SegStyle>Hatch1</SegStyle>
        <End>
          <X>-22.4317</X>
          <Y>50.7478</Y>
        </End>
      </Segment>
      <Segment>
        <SegmentID>290</SegmentID>
        <SegStyle>Hatch1</SegStyle>
        <End>
          <X>-22.4317</X>
          <Y>50.6405</Y>
        </End>
      </Segment>
      <Segment>
        <SegmentID>291</SegmentID>
        <SegStyle>Hatch1</SegStyle>
        <End>
          <X>-31.5922</X>
          <Y>42.45</Y>
        </End>
      </Segment>
      <Segment>
        <SegmentID>292</SegmentID>
        <SegStyle>Hatch1</SegStyle>
        <End>
          <X>-31.4722</X>
          <Y>42.45</Y>
        </End>
      </Segment>
      <Segment>
        <SegmentID>293</SegmentID>
        <SegStyle>Hatch1</SegStyle>
        <End>
          <X>-22.4317</X>
          <Y>50.5331</Y>
        </End>
      </Segment>
      <Segment>
        <SegmentID>294</SegmentID>
        <SegStyle>Hatch1</SegStyle>
        <End>
          <X>-22.4317</X>
          <Y>50.4259</Y>
        </End>
      </Segment>
      <Segment>
        <SegmentID>295</SegmentID>
        <SegStyle>Hatch1</SegStyle>
        <End>
          <X>-31.3522</X>
          <Y>42.45</Y>
        </End>
      </Segment>
      <Segment>
        <SegmentID>296</SegmentID>
        <SegStyle>Hatch1</SegStyle>
        <End>
          <X>-31.2322</X>
          <Y>42.45</Y>
        </End>
      </Segment>
      <Segment>
        <SegmentID>297</SegmentID>
        <SegStyle>Hatch1</SegStyle>
        <End>
          <X>-22.4317</X>
          <Y>50.3185</Y>
        </End>
      </Segment>
      <Segment>
        <SegmentID>298</SegmentID>
        <SegStyle>Hatch1</SegStyle>
        <End>
          <X>-22.4317</X>
          <Y>50.2112</Y>
        </End>
      </Segment>
      <Segment>
        <SegmentID>299</SegmentID>
        <SegStyle>Hatch1</SegStyle>
        <End>
          <X>-31.1122</X>
          <Y>42.45</Y>
        </End>
      </Segment>
      <Segment>
        <SegmentID>300</SegmentID>
        <SegStyle>Hatch1</SegStyle>
        <End>
          <X>-30.9922</X>
          <Y>42.45</Y>
        </End>
      </Segment>
      <Segment>
        <SegmentID>301</SegmentID>
        <SegStyle>Hatch1</SegStyle>
        <End>
          <X>-22.4317</X>
          <Y>50.1039</Y>
        </End>
      </Segment>
      <Segment>
        <SegmentID>302</SegmentID>
        <SegStyle>Hatch1</SegStyle>
        <End>
          <X>-22.4317</X>
          <Y>49.9966</Y>
        </End>
      </Segment>
      <Segment>
        <SegmentID>303</SegmentID>
        <SegStyle>Hatch1</SegStyle>
        <End>
          <X>-30.8721</X>
          <Y>42.45</Y>
        </End>
      </Segment>
      <Segment>
        <SegmentID>304</SegmentID>
        <SegStyle>Hatch1</SegStyle>
        <End>
          <X>-30.7521</X>
          <Y>42.45</Y>
        </End>
      </Segment>
      <Segment>
        <SegmentID>305</SegmentID>
        <SegStyle>Hatch1</SegStyle>
        <End>
          <X>-22.4317</X>
          <Y>49.8893</Y>
        </End>
      </Segment>
      <Segment>
        <SegmentID>306</SegmentID>
        <SegStyle>Hatch1</SegStyle>
        <End>
          <X>-22.4317</X>
          <Y>49.782</Y>
        </End>
      </Segment>
      <Segment>
        <SegmentID>307</SegmentID>
        <SegStyle>Hatch1</SegStyle>
        <End>
          <X>-30.6321</X>
          <Y>42.45</Y>
        </End>
      </Segment>
      <Segment>
        <SegmentID>308</SegmentID>
        <SegStyle>Hatch1</SegStyle>
        <End>
          <X>-30.512</X>
          <Y>42.45</Y>
        </End>
      </Segment>
      <Segment>
        <SegmentID>309</SegmentID>
        <SegStyle>Hatch1</SegStyle>
        <End>
          <X>-22.4317</X>
          <Y>49.6746</Y>
        </End>
      </Segment>
      <Segment>
        <SegmentID>310</SegmentID>
        <SegStyle>Hatch1</SegStyle>
        <End>
          <X>-22.4317</X>
          <Y>49.5674</Y>
        </End>
      </Segment>
      <Segment>
        <SegmentID>311</SegmentID>
        <SegStyle>Hatch1</SegStyle>
        <End>
          <X>-30.392</X>
          <Y>42.45</Y>
        </End>
      </Segment>
      <Segment>
        <SegmentID>312</SegmentID>
        <SegStyle>Hatch1</SegStyle>
        <End>
          <X>-30.272</X>
          <Y>42.45</Y>
        </End>
      </Segment>
      <Segment>
        <SegmentID>313</SegmentID>
        <SegStyle>Hatch1</SegStyle>
        <End>
          <X>-22.4317</X>
          <Y>49.46</Y>
        </End>
      </Segment>
      <Segment>
        <SegmentID>314</SegmentID>
        <SegStyle>Hatch1</SegStyle>
        <End>
          <X>-22.4317</X>
          <Y>49.3527</Y>
        </End>
      </Segment>
      <Segment>
        <SegmentID>315</SegmentID>
        <SegStyle>Hatch1</SegStyle>
        <End>
          <X>-30.152</X>
          <Y>42.45</Y>
        </End>
      </Segment>
      <Segment>
        <SegmentID>316</SegmentID>
        <SegStyle>Hatch1</SegStyle>
        <End>
          <X>-30.0319</X>
          <Y>42.45</Y>
        </End>
      </Segment>
      <Segment>
        <SegmentID>317</SegmentID>
        <SegStyle>Hatch1</SegStyle>
        <End>
          <X>-22.4317</X>
          <Y>49.2454</Y>
        </End>
      </Segment>
      <Segment>
        <SegmentID>318</SegmentID>
        <SegStyle>Hatch1</SegStyle>
        <End>
          <X>-22.4317</X>
          <Y>49.1381</Y>
        </End>
      </Segment>
      <Segment>
        <SegmentID>319</SegmentID>
        <SegStyle>Hatch1</SegStyle>
        <End>
          <X>-29.9119</X>
          <Y>42.45</Y>
        </End>
      </Segment>
      <Segment>
        <SegmentID>320</SegmentID>
        <SegStyle>Hatch1</SegStyle>
        <End>
          <X>-29.7919</X>
          <Y>42.45</Y>
        </End>
      </Segment>
      <Segment>
        <SegmentID>321</SegmentID>
        <SegStyle>Hatch1</SegStyle>
        <End>
          <X>-22.4317</X>
          <Y>49.0308</Y>
        </End>
      </Segment>
      <Segment>
        <SegmentID>322</SegmentID>
        <SegStyle>Hatch1</SegStyle>
        <End>
          <X>-22.4317</X>
          <Y>48.9234</Y>
        </End>
      </Segment>
      <Segment>
        <SegmentID>323</SegmentID>
        <SegStyle>Hatch1</SegStyle>
        <End>
          <X>-29.6719</X>
          <Y>42.45</Y>
        </End>
      </Segment>
      <Segment>
        <SegmentID>324</SegmentID>
        <SegStyle>Hatch1</SegStyle>
        <End>
          <X>-29.5519</X>
          <Y>42.45</Y>
        </End>
      </Segment>
      <Segment>
        <SegmentID>325</SegmentID>
        <SegStyle>Hatch1</SegStyle>
        <End>
          <X>-22.4317</X>
          <Y>48.8161</Y>
        </End>
      </Segment>
      <Segment>
        <SegmentID>326</SegmentID>
        <SegStyle>Hatch1</SegStyle>
        <End>
          <X>-22.4317</X>
          <Y>48.7088</Y>
        </End>
      </Segment>
      <Segment>
        <SegmentID>327</SegmentID>
        <SegStyle>Hatch1</SegStyle>
        <End>
          <X>-29.4317</X>
          <Y>42.45</Y>
        </End>
      </Segment>
      <Segment>
        <SegmentID>328</SegmentID>
        <SegStyle>Hatch1</SegStyle>
        <End>
          <X>-29.3118</X>
          <Y>42.45</Y>
        </End>
      </Segment>
      <Segment>
        <SegmentID>329</SegmentID>
        <SegStyle>Hatch1</SegStyle>
        <End>
          <X>-22.4317</X>
          <Y>48.6015</Y>
        </End>
      </Segment>
      <Segment>
        <SegmentID>330</SegmentID>
        <SegStyle>Hatch1</SegStyle>
        <End>
          <X>-22.4317</X>
          <Y>48.4942</Y>
        </End>
      </Segment>
      <Segment>
        <SegmentID>331</SegmentID>
        <SegStyle>Hatch1</SegStyle>
        <End>
          <X>-29.1918</X>
          <Y>42.45</Y>
        </End>
      </Segment>
      <Segment>
        <SegmentID>332</SegmentID>
        <SegStyle>Hatch1</SegStyle>
        <End>
          <X>-29.0717</X>
          <Y>42.45</Y>
        </End>
      </Segment>
      <Segment>
        <SegmentID>333</SegmentID>
        <SegStyle>Hatch1</SegStyle>
        <End>
          <X>-22.4317</X>
          <Y>48.3869</Y>
        </End>
      </Segment>
      <Segment>
        <SegmentID>334</SegmentID>
        <SegStyle>Hatch1</SegStyle>
        <End>
          <X>-22.4317</X>
          <Y>48.2795</Y>
        </End>
      </Segment>
      <Segment>
        <SegmentID>335</SegmentID>
        <SegStyle>Hatch1</SegStyle>
        <End>
          <X>-28.9517</X>
          <Y>42.45</Y>
        </End>
      </Segment>
      <Segment>
        <SegmentID>336</SegmentID>
        <SegStyle>Hatch1</SegStyle>
        <End>
          <X>-28.8317</X>
          <Y>42.45</Y>
        </End>
      </Segment>
      <Segment>
        <SegmentID>337</SegmentID>
        <SegStyle>Hatch1</SegStyle>
        <End>
          <X>-22.4317</X>
          <Y>48.1723</Y>
        </End>
      </Segment>
      <Segment>
        <SegmentID>338</SegmentID>
        <SegStyle>Hatch1</SegStyle>
        <End>
          <X>-22.4317</X>
          <Y>48.0649</Y>
        </End>
      </Segment>
      <Segment>
        <SegmentID>339</SegmentID>
        <SegStyle>Hatch1</SegStyle>
        <End>
          <X>-28.7116</X>
          <Y>42.45</Y>
        </End>
      </Segment>
      <Segment>
        <SegmentID>340</SegmentID>
        <SegStyle>Hatch1</SegStyle>
        <End>
          <X>-28.5917</X>
          <Y>42.45</Y>
        </End>
      </Segment>
      <Segment>
        <SegmentID>341</SegmentID>
        <SegStyle>Hatch1</SegStyle>
        <End>
          <X>-22.4317</X>
          <Y>47.9576</Y>
        </End>
      </Segment>
      <Segment>
        <SegmentID>342</SegmentID>
        <SegStyle>Hatch1</SegStyle>
        <End>
          <X>-22.4317</X>
          <Y>47.8503</Y>
        </End>
      </Segment>
      <Segment>
        <SegmentID>343</SegmentID>
        <SegStyle>Hatch1</SegStyle>
        <End>
          <X>-28.4715</X>
          <Y>42.45</Y>
        </End>
      </Segment>
      <Segment>
        <SegmentID>344</SegmentID>
        <SegStyle>Hatch1</SegStyle>
        <End>
          <X>-28.3516</X>
          <Y>42.45</Y>
        </End>
      </Segment>
      <Segment>
        <SegmentID>345</SegmentID>
        <SegStyle>Hatch1</SegStyle>
        <End>
          <X>-22.4317</X>
          <Y>47.743</Y>
        </End>
      </Segment>
      <Segment>
        <SegmentID>346</SegmentID>
        <SegStyle>Hatch1</SegStyle>
        <End>
          <X>-22.4317</X>
          <Y>47.6357</Y>
        </End>
      </Segment>
      <Segment>
        <SegmentID>347</SegmentID>
        <SegStyle>Hatch1</SegStyle>
        <End>
          <X>-28.2316</X>
          <Y>42.45</Y>
        </End>
      </Segment>
      <Segment>
        <SegmentID>348</SegmentID>
        <SegStyle>Hatch1</SegStyle>
        <End>
          <X>-28.1115</X>
          <Y>42.45</Y>
        </End>
      </Segment>
      <Segment>
        <SegmentID>349</SegmentID>
        <SegStyle>Hatch1</SegStyle>
        <End>
          <X>-22.4317</X>
          <Y>47.5284</Y>
        </End>
      </Segment>
      <Segment>
        <SegmentID>350</SegmentID>
        <SegStyle>Hatch1</SegStyle>
        <End>
          <X>-22.4317</X>
          <Y>47.421</Y>
        </End>
      </Segment>
      <Segment>
        <SegmentID>351</SegmentID>
        <SegStyle>Hatch1</SegStyle>
        <End>
          <X>-27.9915</X>
          <Y>42.45</Y>
        </End>
      </Segment>
      <Segment>
        <SegmentID>352</SegmentID>
        <SegStyle>Hatch1</SegStyle>
        <End>
          <X>-27.8714</X>
          <Y>42.45</Y>
        </End>
      </Segment>
      <Segment>
        <SegmentID>353</SegmentID>
        <SegStyle>Hatch1</SegStyle>
        <End>
          <X>-22.4317</X>
          <Y>47.3137</Y>
        </End>
      </Segment>
      <Segment>
        <SegmentID>354</SegmentID>
        <SegStyle>Hatch1</SegStyle>
        <End>
          <X>-22.4317</X>
          <Y>47.2064</Y>
        </End>
      </Segment>
      <Segment>
        <SegmentID>355</SegmentID>
        <SegStyle>Hatch1</SegStyle>
        <End>
          <X>-27.7514</X>
          <Y>42.45</Y>
        </End>
      </Segment>
      <Segment>
        <SegmentID>356</SegmentID>
        <SegStyle>Hatch1</SegStyle>
        <End>
          <X>-27.6314</X>
          <Y>42.45</Y>
        </End>
      </Segment>
      <Segment>
        <SegmentID>357</SegmentID>
        <SegStyle>Hatch1</SegStyle>
        <End>
          <X>-22.4317</X>
          <Y>47.0991</Y>
        </End>
      </Segment>
      <Segment>
        <SegmentID>358</SegmentID>
        <SegStyle>Hatch1</SegStyle>
        <End>
          <X>-22.4317</X>
          <Y>46.9918</Y>
        </End>
      </Segment>
      <Segment>
        <SegmentID>359</SegmentID>
        <SegStyle>Hatch1</SegStyle>
        <End>
          <X>-27.5114</X>
          <Y>42.45</Y>
        </End>
      </Segment>
      <Segment>
        <SegmentID>360</SegmentID>
        <SegStyle>Hatch1</SegStyle>
        <End>
          <X>-27.3913</X>
          <Y>42.45</Y>
        </End>
      </Segment>
      <Segment>
        <SegmentID>361</SegmentID>
        <SegStyle>Hatch1</SegStyle>
        <End>
          <X>-22.4317</X>
          <Y>46.8844</Y>
        </End>
      </Segment>
      <Segment>
        <SegmentID>362</SegmentID>
        <SegStyle>Hatch1</SegStyle>
        <End>
          <X>-22.4317</X>
          <Y>46.7772</Y>
        </End>
      </Segment>
      <Segment>
        <SegmentID>363</SegmentID>
        <SegStyle>Hatch1</SegStyle>
        <End>
          <X>-27.2714</X>
          <Y>42.45</Y>
        </End>
      </Segment>
      <Segment>
        <SegmentID>364</SegmentID>
        <SegStyle>Hatch1</SegStyle>
        <End>
          <X>-27.1513</X>
          <Y>42.45</Y>
        </End>
      </Segment>
      <Segment>
        <SegmentID>365</SegmentID>
        <SegStyle>Hatch1</SegStyle>
        <End>
          <X>-22.4317</X>
          <Y>46.6698</Y>
        </End>
      </Segment>
      <Segment>
        <SegmentID>366</SegmentID>
        <SegStyle>Hatch1</SegStyle>
        <End>
          <X>-22.4317</X>
          <Y>46.5625</Y>
        </End>
      </Segment>
      <Segment>
        <SegmentID>367</SegmentID>
        <SegStyle>Hatch1</SegStyle>
        <End>
          <X>-27.0313</X>
          <Y>42.45</Y>
        </End>
      </Segment>
      <Segment>
        <SegmentID>368</SegmentID>
        <SegStyle>Hatch1</SegStyle>
        <End>
          <X>-26.9112</X>
          <Y>42.45</Y>
        </End>
      </Segment>
      <Segment>
        <SegmentID>369</SegmentID>
        <SegStyle>Hatch1</SegStyle>
        <End>
          <X>-22.4317</X>
          <Y>46.4552</Y>
        </End>
      </Segment>
      <Segment>
        <SegmentID>370</SegmentID>
        <SegStyle>Hatch1</SegStyle>
        <End>
          <X>-22.4317</X>
          <Y>46.3479</Y>
        </End>
      </Segment>
      <Segment>
        <SegmentID>371</SegmentID>
        <SegStyle>Hatch1</SegStyle>
        <End>
          <X>-26.7912</X>
          <Y>42.45</Y>
        </End>
      </Segment>
      <Segment>
        <SegmentID>372</SegmentID>
        <SegStyle>Hatch1</SegStyle>
        <End>
          <X>-26.6713</X>
          <Y>42.45</Y>
        </End>
      </Segment>
      <Segment>
        <SegmentID>373</SegmentID>
        <SegStyle>Hatch1</SegStyle>
        <End>
          <X>-22.4317</X>
          <Y>46.2406</Y>
        </End>
      </Segment>
      <Segment>
        <SegmentID>374</SegmentID>
        <SegStyle>Hatch1</SegStyle>
        <End>
          <X>-22.4317</X>
          <Y>46.1332</Y>
        </End>
      </Segment>
      <Segment>
        <SegmentID>375</SegmentID>
        <SegStyle>Hatch1</SegStyle>
        <End>
          <X>-26.5512</X>
          <Y>42.45</Y>
        </End>
      </Segment>
      <Segment>
        <SegmentID>376</SegmentID>
        <SegStyle>Hatch1</SegStyle>
        <End>
          <X>-26.4311</X>
          <Y>42.45</Y>
        </End>
      </Segment>
      <Segment>
        <SegmentID>377</SegmentID>
        <SegStyle>Hatch1</SegStyle>
        <End>
          <X>-22.4317</X>
          <Y>46.0259</Y>
        </End>
      </Segment>
      <Segment>
        <SegmentID>378</SegmentID>
        <SegStyle>Hatch1</SegStyle>
        <End>
          <X>-22.4317</X>
          <Y>45.9186</Y>
        </End>
      </Segment>
      <Segment>
        <SegmentID>379</SegmentID>
        <SegStyle>Hatch1</SegStyle>
        <End>
          <X>-26.3111</X>
          <Y>42.45</Y>
        </End>
      </Segment>
      <Segment>
        <SegmentID>380</SegmentID>
        <SegStyle>Hatch1</SegStyle>
        <End>
          <X>-26.1911</X>
          <Y>42.45</Y>
        </End>
      </Segment>
      <Segment>
        <SegmentID>381</SegmentID>
        <SegStyle>Hatch1</SegStyle>
        <End>
          <X>-22.4317</X>
          <Y>45.8113</Y>
        </End>
      </Segment>
      <Segment>
        <SegmentID>382</SegmentID>
        <SegStyle>Hatch1</SegStyle>
        <End>
          <X>-22.4317</X>
          <Y>45.704</Y>
        </End>
      </Segment>
      <Segment>
        <SegmentID>383</SegmentID>
        <SegStyle>Hatch1</SegStyle>
        <End>
          <X>-26.0711</X>
          <Y>42.45</Y>
        </End>
      </Segment>
      <Segment>
        <SegmentID>384</SegmentID>
        <SegStyle>Hatch1</SegStyle>
        <End>
          <X>-25.9511</X>
          <Y>42.45</Y>
        </End>
      </Segment>
      <Segment>
        <SegmentID>385</SegmentID>
        <SegStyle>Hatch1</SegStyle>
        <End>
          <X>-22.4317</X>
          <Y>45.5967</Y>
        </End>
      </Segment>
      <Segment>
        <SegmentID>386</SegmentID>
        <SegStyle>Hatch1</SegStyle>
        <End>
          <X>-22.4317</X>
          <Y>45.4893</Y>
        </End>
      </Segment>
      <Segment>
        <SegmentID>387</SegmentID>
        <SegStyle>Hatch1</SegStyle>
        <End>
          <X>-25.831</X>
          <Y>42.45</Y>
        </End>
      </Segment>
      <Segment>
        <SegmentID>388</SegmentID>
        <SegStyle>Hatch1</SegStyle>
        <End>
          <X>-25.711</X>
          <Y>42.45</Y>
        </End>
      </Segment>
      <Segment>
        <SegmentID>389</SegmentID>
        <SegStyle>Hatch1</SegStyle>
        <End>
          <X>-22.4317</X>
          <Y>45.3821</Y>
        </End>
      </Segment>
      <Segment>
        <SegmentID>390</SegmentID>
        <SegStyle>Hatch1</SegStyle>
        <End>
          <X>-22.4317</X>
          <Y>45.2747</Y>
        </End>
      </Segment>
      <Segment>
        <SegmentID>391</SegmentID>
        <SegStyle>Hatch1</SegStyle>
        <End>
          <X>-25.591</X>
          <Y>42.45</Y>
        </End>
      </Segment>
      <Segment>
        <SegmentID>392</SegmentID>
        <SegStyle>Hatch1</SegStyle>
        <End>
          <X>-25.471</X>
          <Y>42.45</Y>
        </End>
      </Segment>
      <Segment>
        <SegmentID>393</SegmentID>
        <SegStyle>Hatch1</SegStyle>
        <End>
          <X>-22.4317</X>
          <Y>45.1674</Y>
        </End>
      </Segment>
      <Segment>
        <SegmentID>394</SegmentID>
        <SegStyle>Hatch1</SegStyle>
        <End>
          <X>-22.4317</X>
          <Y>45.0601</Y>
        </End>
      </Segment>
      <Segment>
        <SegmentID>395</SegmentID>
        <SegStyle>Hatch1</SegStyle>
        <End>
          <X>-25.3509</X>
          <Y>42.45</Y>
        </End>
      </Segment>
      <Segment>
        <SegmentID>396</SegmentID>
        <SegStyle>Hatch1</SegStyle>
        <End>
          <X>-25.2309</X>
          <Y>42.45</Y>
        </End>
      </Segment>
      <Segment>
        <SegmentID>397</SegmentID>
        <SegStyle>Hatch1</SegStyle>
        <End>
          <X>-22.4317</X>
          <Y>44.9528</Y>
        </End>
      </Segment>
      <Segment>
        <SegmentID>398</SegmentID>
        <SegStyle>Hatch1</SegStyle>
        <End>
          <X>-22.4317</X>
          <Y>44.8455</Y>
        </End>
      </Segment>
      <Segment>
        <SegmentID>399</SegmentID>
        <SegStyle>Hatch1</SegStyle>
        <End>
          <X>-25.1109</X>
          <Y>42.45</Y>
        </End>
      </Segment>
      <Segment>
        <SegmentID>400</SegmentID>
        <SegStyle>Hatch1</SegStyle>
        <End>
          <X>-24.9908</X>
          <Y>42.45</Y>
        </End>
      </Segment>
      <Segment>
        <SegmentID>401</SegmentID>
        <SegStyle>Hatch1</SegStyle>
        <End>
          <X>-22.4317</X>
          <Y>44.7381</Y>
        </End>
      </Segment>
      <Segment>
        <SegmentID>402</SegmentID>
        <SegStyle>Hatch1</SegStyle>
        <End>
          <X>-22.4317</X>
          <Y>44.6308</Y>
        </End>
      </Segment>
      <Segment>
        <SegmentID>403</SegmentID>
        <SegStyle>Hatch1</SegStyle>
        <End>
          <X>-24.8708</X>
          <Y>42.45</Y>
        </End>
      </Segment>
      <Segment>
        <SegmentID>404</SegmentID>
        <SegStyle>Hatch1</SegStyle>
        <End>
          <X>-24.7508</X>
          <Y>42.45</Y>
        </End>
      </Segment>
      <Segment>
        <SegmentID>405</SegmentID>
        <SegStyle>Hatch1</SegStyle>
        <End>
          <X>-22.4317</X>
          <Y>44.5235</Y>
        </End>
      </Segment>
      <Segment>
        <SegmentID>406</SegmentID>
        <SegStyle>Hatch1</SegStyle>
        <End>
          <X>-22.4317</X>
          <Y>44.4162</Y>
        </End>
      </Segment>
      <Segment>
        <SegmentID>407</SegmentID>
        <SegStyle>Hatch1</SegStyle>
        <End>
          <X>-24.6308</X>
          <Y>42.45</Y>
        </End>
      </Segment>
      <Segment>
        <SegmentID>408</SegmentID>
        <SegStyle>Hatch1</SegStyle>
        <End>
          <X>-24.5108</X>
          <Y>42.45</Y>
        </End>
      </Segment>
      <Segment>
        <SegmentID>409</SegmentID>
        <SegStyle>Hatch1</SegStyle>
        <End>
          <X>-22.4317</X>
          <Y>44.3089</Y>
        </End>
      </Segment>
      <Segment>
        <SegmentID>410</SegmentID>
        <SegStyle>Hatch1</SegStyle>
        <End>
          <X>-22.4317</X>
          <Y>44.2015</Y>
        </End>
      </Segment>
      <Segment>
        <SegmentID>411</SegmentID>
        <SegStyle>Hatch1</SegStyle>
        <End>
          <X>-24.3907</X>
          <Y>42.45</Y>
        </End>
      </Segment>
      <Segment>
        <SegmentID>412</SegmentID>
        <SegStyle>Hatch1</SegStyle>
        <End>
          <X>-24.2707</X>
          <Y>42.45</Y>
        </End>
      </Segment>
      <Segment>
        <SegmentID>413</SegmentID>
        <SegStyle>Hatch1</SegStyle>
        <End>
          <X>-22.4317</X>
          <Y>44.0942</Y>
        </End>
      </Segment>
      <Segment>
        <SegmentID>414</SegmentID>
        <SegStyle>Hatch1</SegStyle>
        <End>
          <X>-22.4317</X>
          <Y>43.987</Y>
        </End>
      </Segment>
      <Segment>
        <SegmentID>415</SegmentID>
        <SegStyle>Hatch1</SegStyle>
        <End>
          <X>-24.1507</X>
          <Y>42.45</Y>
        </End>
      </Segment>
      <Segment>
        <SegmentID>416</SegmentID>
        <SegStyle>Hatch1</SegStyle>
        <End>
          <X>-24.0307</X>
          <Y>42.45</Y>
        </End>
      </Segment>
      <Segment>
        <SegmentID>417</SegmentID>
        <SegStyle>Hatch1</SegStyle>
        <End>
          <X>-22.4317</X>
          <Y>43.8796</Y>
        </End>
      </Segment>
      <Segment>
        <SegmentID>418</SegmentID>
        <SegStyle>Hatch1</SegStyle>
        <End>
          <X>-22.4317</X>
          <Y>43.7723</Y>
        </End>
      </Segment>
      <Segment>
        <SegmentID>419</SegmentID>
        <SegStyle>Hatch1</SegStyle>
        <End>
          <X>-23.9107</X>
          <Y>42.45</Y>
        </End>
      </Segment>
      <Segment>
        <SegmentID>420</SegmentID>
        <SegStyle>Hatch1</SegStyle>
        <End>
          <X>-23.7906</X>
          <Y>42.45</Y>
        </End>
      </Segment>
      <Segment>
        <SegmentID>421</SegmentID>
        <SegStyle>Hatch1</SegStyle>
        <End>
          <X>-22.4317</X>
          <Y>43.665</Y>
        </End>
      </Segment>
      <Segment>
        <SegmentID>422</SegmentID>
        <SegStyle>Hatch1</SegStyle>
        <End>
          <X>-22.4317</X>
          <Y>43.5577</Y>
        </End>
      </Segment>
      <Segment>
        <SegmentID>423</SegmentID>
        <SegStyle>Hatch1</SegStyle>
        <End>
          <X>-23.6706</X>
          <Y>42.45</Y>
        </End>
      </Segment>
      <Segment>
        <SegmentID>424</SegmentID>
        <SegStyle>Hatch1</SegStyle>
        <End>
          <X>-23.5506</X>
          <Y>42.45</Y>
        </End>
      </Segment>
      <Segment>
        <SegmentID>425</SegmentID>
        <SegStyle>Hatch1</SegStyle>
        <End>
          <X>-22.4317</X>
          <Y>43.4504</Y>
        </End>
      </Segment>
      <Segment>
        <SegmentID>426</SegmentID>
        <SegStyle>Hatch1</SegStyle>
        <End>
          <X>-22.4317</X>
          <Y>43.343</Y>
        </End>
      </Segment>
      <Segment>
        <SegmentID>427</SegmentID>
        <SegStyle>Hatch1</SegStyle>
        <End>
          <X>-23.4305</X>
          <Y>42.45</Y>
        </End>
      </Segment>
      <Segment>
        <SegmentID>428</SegmentID>
        <SegStyle>Hatch1</SegStyle>
        <End>
          <X>-23.3105</X>
          <Y>42.45</Y>
        </End>
      </Segment>
      <Segment>
        <SegmentID>429</SegmentID>
        <SegStyle>Hatch1</SegStyle>
        <End>
          <X>-22.4317</X>
          <Y>43.2357</Y>
        </End>
      </Segment>
      <Segment>
        <SegmentID>430</SegmentID>
        <SegStyle>Hatch1</SegStyle>
        <End>
          <X>-22.4317</X>
          <Y>43.1284</Y>
        </End>
      </Segment>
      <Segment>
        <SegmentID>431</SegmentID>
        <SegStyle>Hatch1</SegStyle>
        <End>
          <X>-23.1905</X>
          <Y>42.45</Y>
        </End>
      </Segment>
      <Segment>
        <SegmentID>432</SegmentID>
        <SegStyle>Hatch1</SegStyle>
        <End>
          <X>-23.0705</X>
          <Y>42.45</Y>
        </End>
      </Segment>
      <Segment>
        <SegmentID>433</SegmentID>
        <SegStyle>Hatch1</SegStyle>
        <End>
          <X>-22.4317</X>
          <Y>43.0211</Y>
        </End>
      </Segment>
      <Segment>
        <SegmentID>434</SegmentID>
        <SegStyle>Hatch1</SegStyle>
        <End>
          <X>-22.4317</X>
          <Y>42.9138</Y>
        </End>
      </Segment>
      <Segment>
        <SegmentID>435</SegmentID>
        <SegStyle>Hatch1</SegStyle>
        <End>
          <X>-22.9504</X>
          <Y>42.45</Y>
        </End>
      </Segment>
      <Segment>
        <SegmentID>436</SegmentID>
        <SegStyle>Hatch1</SegStyle>
        <End>
          <X>-22.8304</X>
          <Y>42.45</Y>
        </End>
      </Segment>
      <Segment>
        <SegmentID>437</SegmentID>
        <SegStyle>Hatch1</SegStyle>
        <End>
          <X>-22.4317</X>
          <Y>42.8065</Y>
        </End>
      </Segment>
      <Segment>
        <SegmentID>438</SegmentID>
        <SegStyle>Hatch1</SegStyle>
        <End>
          <X>-22.4317</X>
          <Y>42.6992</Y>
        </End>
      </Segment>
      <Segment>
        <SegmentID>439</SegmentID>
        <SegStyle>Hatch1</SegStyle>
        <End>
          <X>-22.7104</X>
          <Y>42.45</Y>
        </End>
      </Segment>
      <Segment>
        <SegmentID>440</SegmentID>
        <SegStyle>Hatch1</SegStyle>
        <End>
          <X>-22.5904</X>
          <Y>42.45</Y>
        </End>
      </Segment>
      <Segment>
        <SegmentID>441</SegmentID>
        <SegStyle>Hatch1</SegStyle>
        <End>
          <X>-22.4317</X>
          <Y>42.5919</Y>
        </End>
      </Segment>
      <Segment>
        <SegmentID>442</SegmentID>
        <SegStyle>Hatch1</SegStyle>
        <End>
          <X>-22.4703</X>
          <Y>42.45</Y>
        </End>
      </Segment>
      <Segment>
        <SegmentID>443</SegmentID>
        <SegStyle>Hatch1</SegStyle>
        <End>
          <X>-22.4317</X>
          <Y>42.4845</Y>
        </End>
      </Segment>
    </Path>
  </Trajectory>
</TrajectoryList>
</Layer>