<Layer><Header>
  <AmericaMakesSchemaVersion>2021-05-03</AmericaMakesSchemaVersion>
  <LayerNum>13</LayerNum>
  <LayerThickness>0.05</LayerThickness>
  <DosingFactor>1.75</DosingFactor>
</Header>
<VelocityProfileList>
  <VelocityProfile>
    <ID>0</ID>
    <Velocity>5000</Velocity>
    <Mode>Delay</Mode>
    <LaserOnDelay>500</LaserOnDelay>
    <LaserOffDelay>0</LaserOffDelay>
    <MarkDelay>0</MarkDelay>
    <PolygonDelay>0</PolygonDelay>
  </VelocityProfile>
  <VelocityProfile>
    <ID>1</ID>
    <Velocity>500</Velocity>
    <Mode>Delay</Mode>
    <LaserOnDelay>250</LaserOnDelay>
    <LaserOffDelay>0</LaserOffDelay>
    <MarkDelay>300</MarkDelay>
    <PolygonDelay>0</PolygonDelay>
  </VelocityProfile>
  <VelocityProfile>
    <ID>2</ID>
    <Velocity>250</Velocity>
    <Mode>Auto</Mode>
    <LaserOnDelay>0</LaserOnDelay>
    <LaserOffDelay>0</LaserOffDelay>
    <MarkDelay>0</MarkDelay>
    <PolygonDelay>0</PolygonDelay>
  </VelocityProfile>
</VelocityProfileList>
<SegmentStyleList>
  <SegmentStyle>
    <ID>Contour1</ID>
    <VelocityProfileID>2</VelocityProfileID>
    <LaserMode>Independent</LaserMode>
  </SegmentStyle>
  <Traveler>
    <ID>1</ID>
    <SyncDelay>0</SyncDelay>
    <Power>250</Power>
    <SpotSize>50</SpotSize>
  </Traveler>
  <SegmentStyle>
    <ID>Hatch1</ID>
    <VelocityProfileID>1</VelocityProfileID>
    <LaserMode>Independent</LaserMode>
  </SegmentStyle>
  <Traveler>
    <ID>1</ID>
    <SyncDelay>0</SyncDelay>
    <Power>300</Power>
    <SpotSize>50</SpotSize>
  </Traveler>
  <SegmentStyle>
    <ID>SupportContour</ID>
    <VelocityProfileID>2</VelocityProfileID>
    <LaserMode>Independent</LaserMode>
  </SegmentStyle>
  <Traveler>
    <ID>1</ID>
    <SyncDelay>0</SyncDelay>
    <Power>250</Power>
    <SpotSize>70</SpotSize>
  </Traveler>
</SegmentStyleList>
<TrajectoryList>
  <Trajectory>
    <TrajectoryID>0</TrajectoryID>
    <PathProcessingMode>sequential</PathProcessingMode>
    <Path>
      <Type>contour</Type>
      <Tag>part1</Tag>
      <NumSegments>40.0</NumSegments>
      <SkyWritingMode>0</SkyWritingMode>
      <Start>
        <X>-17.7354</X>
        <Y>54.5499</Y>
      </Start>
      <Segment>
        <SegmentID>1</SegmentID>
        <SegStyle>Contour1</SegStyle>
        <End>
          <X>-25.4222</X>
          <Y>54.5499</Y>
        </End>
      </Segment>
      <Segment>
        <SegmentID>2</SegmentID>
        <SegStyle>Contour1</SegStyle>
        <End>
          <X>-25.4222</X>
          <Y>42.13</Y>
        </End>
      </Segment>
      <Segment>
        <SegmentID>3</SegmentID>
        <SegStyle>Contour1</SegStyle>
        <End>
          <X>-17.7354</X>
          <Y>42.13</Y>
        </End>
      </Segment>
      <Segment>
        <SegmentID>4</SegmentID>
        <SegStyle>Contour1</SegStyle>
        <End>
          <X>-17.7354</X>
          <Y>54.5499</Y>
        </End>
      </Segment>
      <Segment>
        <SegmentID>5</SegmentID>
        <SegStyle>Contour1</SegStyle>
        <End>
          <X>-31.9969</X>
          <Y>54.5499</Y>
        </End>
      </Segment>
      <Segment>
        <SegmentID>6</SegmentID>
        <SegStyle>Contour1</SegStyle>
        <End>
          <X>-39.8049</X>
          <Y>54.5499</Y>
        </End>
      </Segment>
      <Segment>
        <SegmentID>7</SegmentID>
        <SegStyle>Contour1</SegStyle>
        <End>
          <X>-39.8049</X>
          <Y>42.13</Y>
        </End>
      </Segment>
      <Segment>
        <SegmentID>8</SegmentID>
        <SegStyle>Contour1</SegStyle>
        <End>
          <X>-31.9969</X>
          <Y>42.13</Y>
        </End>
      </Segment>
      <Segment>
        <SegmentID>9</SegmentID>
        <SegStyle>Contour1</SegStyle>
        <End>
          <X>-31.9969</X>
          <Y>54.5499</Y>
        </End>
      </Segment>
      <Segment>
        <SegmentID>10</SegmentID>
        <SegStyle>Contour1</SegStyle>
        <End>
          <X>-17.8154</X>
          <Y>54.4699</Y>
        </End>
      </Segment>
      <Segment>
        <SegmentID>11</SegmentID>
        <SegStyle>Contour1</SegStyle>
        <End>
          <X>-25.3422</X>
          <Y>54.4699</Y>
        </End>
      </Segment>
      <Segment>
        <SegmentID>12</SegmentID>
        <SegStyle>Contour1</SegStyle>
        <End>
          <X>-25.3422</X>
          <Y>42.21</Y>
        </End>
      </Segment>
      <Segment>
        <SegmentID>13</SegmentID>
        <SegStyle>Contour1</SegStyle>
        <End>
          <X>-17.8154</X>
          <Y>42.21</Y>
        </End>
      </Segment>
      <Segment>
        <SegmentID>14</SegmentID>
        <SegStyle>Contour1</SegStyle>
        <End>
          <X>-17.8154</X>
          <Y>54.4699</Y>
        </End>
      </Segment>
      <Segment>
        <SegmentID>15</SegmentID>
        <SegStyle>Contour1</SegStyle>
        <End>
          <X>-32.0769</X>
          <Y>54.4699</Y>
        </End>
      </Segment>
      <Segment>
        <SegmentID>16</SegmentID>
        <SegStyle>Contour1</SegStyle>
        <End>
          <X>-39.7249</X>
          <Y>54.4699</Y>
        </End>
      </Segment>
      <Segment>
        <SegmentID>17</SegmentID>
        <SegStyle>Contour1</SegStyle>
        <End>
          <X>-39.7249</X>
          <Y>42.21</Y>
        </End>
      </Segment>
      <Segment>
        <SegmentID>18</SegmentID>
        <SegStyle>Contour1</SegStyle>
        <End>
          <X>-32.0769</X>
          <Y>42.21</Y>
        </End>
      </Segment>
      <Segment>
        <SegmentID>19</SegmentID>
        <SegStyle>Contour1</SegStyle>
        <End>
          <X>-32.0769</X>
          <Y>54.4699</Y>
        </End>
      </Segment>
      <Segment>
        <SegmentID>20</SegmentID>
        <SegStyle>Contour1</SegStyle>
        <End>
          <X>-17.8954</X>
          <Y>54.3899</Y>
        </End>
      </Segment>
      <Segment>
        <SegmentID>21</SegmentID>
        <SegStyle>Contour1</SegStyle>
        <End>
          <X>-25.2622</X>
          <Y>54.3899</Y>
        </End>
      </Segment>
      <Segment>
        <SegmentID>22</SegmentID>
        <SegStyle>Contour1</SegStyle>
        <End>
          <X>-25.2622</X>
          <Y>42.29</Y>
        </End>
      </Segment>
      <Segment>
        <SegmentID>23</SegmentID>
        <SegStyle>Contour1</SegStyle>
        <End>
          <X>-17.8954</X>
          <Y>42.29</Y>
        </End>
      </Segment>
      <Segment>
        <SegmentID>24</SegmentID>
        <SegStyle>Contour1</SegStyle>
        <End>
          <X>-17.8954</X>
          <Y>54.3899</Y>
        </End>
      </Segment>
      <Segment>
        <SegmentID>25</SegmentID>
        <SegStyle>Contour1</SegStyle>
        <End>
          <X>-32.1569</X>
          <Y>54.3899</Y>
        </End>
      </Segment>
      <Segment>
        <SegmentID>26</SegmentID>
        <SegStyle>Contour1</SegStyle>
        <End>
          <X>-39.6449</X>
          <Y>54.3899</Y>
        </End>
      </Segment>
      <Segment>
        <SegmentID>27</SegmentID>
        <SegStyle>Contour1</SegStyle>
        <End>
          <X>-39.6449</X>
          <Y>42.29</Y>
        </End>
      </Segment>
      <Segment>
        <SegmentID>28</SegmentID>
        <SegStyle>Contour1</SegStyle>
        <End>
          <X>-32.1569</X>
          <Y>42.29</Y>
        </End>
      </Segment>
      <Segment>
        <SegmentID>29</SegmentID>
        <SegStyle>Contour1</SegStyle>
        <End>
          <X>-32.1569</X>
          <Y>54.3899</Y>
        </End>
      </Segment>
      <Segment>
        <SegmentID>30</SegmentID>
        <SegStyle>Contour1</SegStyle>
        <End>
          <X>-17.9754</X>
          <Y>54.3099</Y>
        </End>
      </Segment>
      <Segment>
        <SegmentID>31</SegmentID>
        <SegStyle>Contour1</SegStyle>
        <End>
          <X>-25.1822</X>
          <Y>54.3099</Y>
        </End>
      </Segment>
      <Segment>
        <SegmentID>32</SegmentID>
        <SegStyle>Contour1</SegStyle>
        <End>
          <X>-25.1822</X>
          <Y>42.37</Y>
        </End>
      </Segment>
      <Segment>
        <SegmentID>33</SegmentID>
        <SegStyle>Contour1</SegStyle>
        <End>
          <X>-17.9754</X>
          <Y>42.37</Y>
        </End>
      </Segment>
      <Segment>
        <SegmentID>34</SegmentID>
        <SegStyle>Contour1</SegStyle>
        <End>
          <X>-17.9754</X>
          <Y>54.3099</Y>
        </End>
      </Segment>
      <Segment>
        <SegmentID>35</SegmentID>
        <SegStyle>Contour1</SegStyle>
        <End>
          <X>-32.2369</X>
          <Y>54.3099</Y>
        </End>
      </Segment>
      <Segment>
        <SegmentID>36</SegmentID>
        <SegStyle>Contour1</SegStyle>
        <End>
          <X>-39.5649</X>
          <Y>54.3099</Y>
        </End>
      </Segment>
      <Segment>
        <SegmentID>37</SegmentID>
        <SegStyle>Contour1</SegStyle>
        <End>
          <X>-39.5649</X>
          <Y>42.37</Y>
        </End>
      </Segment>
      <Segment>
        <SegmentID>38</SegmentID>
        <SegStyle>Contour1</SegStyle>
        <End>
          <X>-32.2369</X>
          <Y>42.37</Y>
        </End>
      </Segment>
      <Segment>
        <SegmentID>39</SegmentID>
        <SegStyle>Contour1</SegStyle>
        <End>
          <X>-32.2369</X>
          <Y>54.3099</Y>
        </End>
      </Segment>
    </Path>
  </Trajectory>
  <Trajectory>
    <TrajectoryID>1</TrajectoryID>
    <PathProcessingMode>sequential</PathProcessingMode>
    <Path>
      <Type>contour</Type>
      <Tag>part1</Tag>
      <NumSegments>40.0</NumSegments>
      <SkyWritingMode>0</SkyWritingMode>
      <Start>
        <X>-17.7354</X>
        <Y>54.5499</Y>
      </Start>
      <Segment>
        <SegmentID>1</SegmentID>
        <SegStyle>Contour1</SegStyle>
        <End>
          <X>-25.4222</X>
          <Y>54.5499</Y>
        </End>
      </Segment>
      <Segment>
        <SegmentID>2</SegmentID>
        <SegStyle>Contour1</SegStyle>
        <End>
          <X>-25.4222</X>
          <Y>42.13</Y>
        </End>
      </Segment>
      <Segment>
        <SegmentID>3</SegmentID>
        <SegStyle>Contour1</SegStyle>
        <End>
          <X>-17.7354</X>
          <Y>42.13</Y>
        </End>
      </Segment>
      <Segment>
        <SegmentID>4</SegmentID>
        <SegStyle>Contour1</SegStyle>
        <End>
          <X>-17.7354</X>
          <Y>54.5499</Y>
        </End>
      </Segment>
      <Segment>
        <SegmentID>5</SegmentID>
        <SegStyle>Contour1</SegStyle>
        <End>
          <X>-31.9969</X>
          <Y>54.5499</Y>
        </End>
      </Segment>
      <Segment>
        <SegmentID>6</SegmentID>
        <SegStyle>Contour1</SegStyle>
        <End>
          <X>-39.8049</X>
          <Y>54.5499</Y>
        </End>
      </Segment>
      <Segment>
        <SegmentID>7</SegmentID>
        <SegStyle>Contour1</SegStyle>
        <End>
          <X>-39.8049</X>
          <Y>42.13</Y>
        </End>
      </Segment>
      <Segment>
        <SegmentID>8</SegmentID>
        <SegStyle>Contour1</SegStyle>
        <End>
          <X>-31.9969</X>
          <Y>42.13</Y>
        </End>
      </Segment>
      <Segment>
        <SegmentID>9</SegmentID>
        <SegStyle>Contour1</SegStyle>
        <End>
          <X>-31.9969</X>
          <Y>54.5499</Y>
        </End>
      </Segment>
      <Segment>
        <SegmentID>10</SegmentID>
        <SegStyle>Contour1</SegStyle>
        <End>
          <X>-17.8154</X>
          <Y>54.4699</Y>
        </End>
      </Segment>
      <Segment>
        <SegmentID>11</SegmentID>
        <SegStyle>Contour1</SegStyle>
        <End>
          <X>-25.3422</X>
          <Y>54.4699</Y>
        </End>
      </Segment>
      <Segment>
        <SegmentID>12</SegmentID>
        <SegStyle>Contour1</SegStyle>
        <End>
          <X>-25.3422</X>
          <Y>42.21</Y>
        </End>
      </Segment>
      <Segment>
        <SegmentID>13</SegmentID>
        <SegStyle>Contour1</SegStyle>
        <End>
          <X>-17.8154</X>
          <Y>42.21</Y>
        </End>
      </Segment>
      <Segment>
        <SegmentID>14</SegmentID>
        <SegStyle>Contour1</SegStyle>
        <End>
          <X>-17.8154</X>
          <Y>54.4699</Y>
        </End>
      </Segment>
      <Segment>
        <SegmentID>15</SegmentID>
        <SegStyle>Contour1</SegStyle>
        <End>
          <X>-32.0769</X>
          <Y>54.4699</Y>
        </End>
      </Segment>
      <Segment>
        <SegmentID>16</SegmentID>
        <SegStyle>Contour1</SegStyle>
        <End>
          <X>-39.7249</X>
          <Y>54.4699</Y>
        </End>
      </Segment>
      <Segment>
        <SegmentID>17</SegmentID>
        <SegStyle>Contour1</SegStyle>
        <End>
          <X>-39.7249</X>
          <Y>42.21</Y>
        </End>
      </Segment>
      <Segment>
        <SegmentID>18</SegmentID>
        <SegStyle>Contour1</SegStyle>
        <End>
          <X>-32.0769</X>
          <Y>42.21</Y>
        </End>
      </Segment>
      <Segment>
        <SegmentID>19</SegmentID>
        <SegStyle>Contour1</SegStyle>
        <End>
          <X>-32.0769</X>
          <Y>54.4699</Y>
        </End>
      </Segment>
      <Segment>
        <SegmentID>20</SegmentID>
        <SegStyle>Contour1</SegStyle>
        <End>
          <X>-17.8954</X>
          <Y>54.3899</Y>
        </End>
      </Segment>
      <Segment>
        <SegmentID>21</SegmentID>
        <SegStyle>Contour1</SegStyle>
        <End>
          <X>-25.2622</X>
          <Y>54.3899</Y>
        </End>
      </Segment>
      <Segment>
        <SegmentID>22</SegmentID>
        <SegStyle>Contour1</SegStyle>
        <End>
          <X>-25.2622</X>
          <Y>42.29</Y>
        </End>
      </Segment>
      <Segment>
        <SegmentID>23</SegmentID>
        <SegStyle>Contour1</SegStyle>
        <End>
          <X>-17.8954</X>
          <Y>42.29</Y>
        </End>
      </Segment>
      <Segment>
        <SegmentID>24</SegmentID>
        <SegStyle>Contour1</SegStyle>
        <End>
          <X>-17.8954</X>
          <Y>54.3899</Y>
        </End>
      </Segment>
      <Segment>
        <SegmentID>25</SegmentID>
        <SegStyle>Contour1</SegStyle>
        <End>
          <X>-32.1569</X>
          <Y>54.3899</Y>
        </End>
      </Segment>
      <Segment>
        <SegmentID>26</SegmentID>
        <SegStyle>Contour1</SegStyle>
        <End>
          <X>-39.6449</X>
          <Y>54.3899</Y>
        </End>
      </Segment>
      <Segment>
        <SegmentID>27</SegmentID>
        <SegStyle>Contour1</SegStyle>
        <End>
          <X>-39.6449</X>
          <Y>42.29</Y>
        </End>
      </Segment>
      <Segment>
        <SegmentID>28</SegmentID>
        <SegStyle>Contour1</SegStyle>
        <End>
          <X>-32.1569</X>
          <Y>42.29</Y>
        </End>
      </Segment>
      <Segment>
        <SegmentID>29</SegmentID>
        <SegStyle>Contour1</SegStyle>
        <End>
          <X>-32.1569</X>
          <Y>54.3899</Y>
        </End>
      </Segment>
      <Segment>
        <SegmentID>30</SegmentID>
        <SegStyle>Contour1</SegStyle>
        <End>
          <X>-17.9754</X>
          <Y>54.3099</Y>
        </End>
      </Segment>
      <Segment>
        <SegmentID>31</SegmentID>
        <SegStyle>Contour1</SegStyle>
        <End>
          <X>-25.1822</X>
          <Y>54.3099</Y>
        </End>
      </Segment>
      <Segment>
        <SegmentID>32</SegmentID>
        <SegStyle>Contour1</SegStyle>
        <End>
          <X>-25.1822</X>
          <Y>42.37</Y>
        </End>
      </Segment>
      <Segment>
        <SegmentID>33</SegmentID>
        <SegStyle>Contour1</SegStyle>
        <End>
          <X>-17.9754</X>
          <Y>42.37</Y>
        </End>
      </Segment>
      <Segment>
        <SegmentID>34</SegmentID>
        <SegStyle>Contour1</SegStyle>
        <End>
          <X>-17.9754</X>
          <Y>54.3099</Y>
        </End>
      </Segment>
      <Segment>
        <SegmentID>35</SegmentID>
        <SegStyle>Contour1</SegStyle>
        <End>
          <X>-32.2369</X>
          <Y>54.3099</Y>
        </End>
      </Segment>
      <Segment>
        <SegmentID>36</SegmentID>
        <SegStyle>Contour1</SegStyle>
        <End>
          <X>-39.5649</X>
          <Y>54.3099</Y>
        </End>
      </Segment>
      <Segment>
        <SegmentID>37</SegmentID>
        <SegStyle>Contour1</SegStyle>
        <End>
          <X>-39.5649</X>
          <Y>42.37</Y>
        </End>
      </Segment>
      <Segment>
        <SegmentID>38</SegmentID>
        <SegStyle>Contour1</SegStyle>
        <End>
          <X>-32.2369</X>
          <Y>42.37</Y>
        </End>
      </Segment>
      <Segment>
        <SegmentID>39</SegmentID>
        <SegStyle>Contour1</SegStyle>
        <End>
          <X>-32.2369</X>
          <Y>54.3099</Y>
        </End>
      </Segment>
    </Path>
  </Trajectory>
</TrajectoryList>
</Layer>