<Layer><Header>
  <AmericaMakesSchemaVersion>2021-04-30</AmericaMakesSchemaVersion>
  <LayerNum>3</LayerNum>
  <LayerThickness>0.05</LayerThickness>
  <DosingFactor>1.75</DosingFactor>
</Header>
<VelocityProfileList>
  <VelocityProfile>
    <ID>0</ID>
    <Velocity>5000</Velocity>
    <Mode>Delay</Mode>
    <LaserOnDelay>500</LaserOnDelay>
    <LaserOffDelay>0</LaserOffDelay>
    <MarkDelay>0</MarkDelay>
    <PolygonDelay>0</PolygonDelay>
  </VelocityProfile>
  <VelocityProfile>
    <ID>1</ID>
    <Velocity>500</Velocity>
    <Mode>Delay</Mode>
    <LaserOnDelay>250</LaserOnDelay>
    <LaserOffDelay>0</LaserOffDelay>
    <MarkDelay>300</MarkDelay>
    <PolygonDelay>0</PolygonDelay>
  </VelocityProfile>
  <VelocityProfile>
    <ID>2</ID>
    <Velocity>250</Velocity>
    <Mode>Auto</Mode>
    <LaserOnDelay>0</LaserOnDelay>
    <LaserOffDelay>0</LaserOffDelay>
    <MarkDelay>0</MarkDelay>
    <PolygonDelay>0</PolygonDelay>
  </VelocityProfile>
</VelocityProfileList>
<SegmentStyleList>
  <SegmentStyle>
    <ID>Contour1</ID>
    <VelocityProfileID>2</VelocityProfileID>
    <LaserMode>Independent</LaserMode>
  </SegmentStyle>
  <Traveler>
    <ID>1</ID>
    <SyncDelay>0</SyncDelay>
    <Power>250</Power>
    <SpotSize>50</SpotSize>
  </Traveler>
  <SegmentStyle>
    <ID>Hatch1</ID>
    <VelocityProfileID>1</VelocityProfileID>
    <LaserMode>Independent</LaserMode>
  </SegmentStyle>
  <Traveler>
    <ID>1</ID>
    <SyncDelay>0</SyncDelay>
    <Power>300</Power>
    <SpotSize>50</SpotSize>
  </Traveler>
  <SegmentStyle>
    <ID>SupportContour</ID>
    <VelocityProfileID>2</VelocityProfileID>
    <LaserMode>Independent</LaserMode>
  </SegmentStyle>
  <Traveler>
    <ID>1</ID>
    <SyncDelay>0</SyncDelay>
    <Power>250</Power>
    <SpotSize>70</SpotSize>
  </Traveler>
</SegmentStyleList>
<TrajectoryList>
  <Trajectory>
    <TrajectoryID>0</TrajectoryID>
    <PathProcessingMode>sequential</PathProcessingMode>
    <Path>
      <Type>contour</Type>
      <Tag>part1</Tag>
      <NumSegments>20.0</NumSegments>
      <SkyWritingMode>0</SkyWritingMode>
      <Start>
        <X>-23.2664</X>
        <Y>54.5499</Y>
      </Start>
      <Segment>
        <SegmentID>1</SegmentID>
        <SegStyle>Contour1</SegStyle>
        <End>
          <X>-34.1638</X>
          <Y>54.5499</Y>
        </End>
      </Segment>
      <Segment>
        <SegmentID>2</SegmentID>
        <SegStyle>Contour1</SegStyle>
        <End>
          <X>-34.1638</X>
          <Y>42.13</Y>
        </End>
      </Segment>
      <Segment>
        <SegmentID>3</SegmentID>
        <SegStyle>Contour1</SegStyle>
        <End>
          <X>-23.2664</X>
          <Y>42.13</Y>
        </End>
      </Segment>
      <Segment>
        <SegmentID>4</SegmentID>
        <SegStyle>Contour1</SegStyle>
        <End>
          <X>-23.2664</X>
          <Y>54.5499</Y>
        </End>
      </Segment>
      <Segment>
        <SegmentID>5</SegmentID>
        <SegStyle>Contour1</SegStyle>
        <End>
          <X>-23.3464</X>
          <Y>54.4699</Y>
        </End>
      </Segment>
      <Segment>
        <SegmentID>6</SegmentID>
        <SegStyle>Contour1</SegStyle>
        <End>
          <X>-34.0838</X>
          <Y>54.4699</Y>
        </End>
      </Segment>
      <Segment>
        <SegmentID>7</SegmentID>
        <SegStyle>Contour1</SegStyle>
        <End>
          <X>-34.0838</X>
          <Y>42.21</Y>
        </End>
      </Segment>
      <Segment>
        <SegmentID>8</SegmentID>
        <SegStyle>Contour1</SegStyle>
        <End>
          <X>-23.3464</X>
          <Y>42.21</Y>
        </End>
      </Segment>
      <Segment>
        <SegmentID>9</SegmentID>
        <SegStyle>Contour1</SegStyle>
        <End>
          <X>-23.3464</X>
          <Y>54.4699</Y>
        </End>
      </Segment>
      <Segment>
        <SegmentID>10</SegmentID>
        <SegStyle>Contour1</SegStyle>
        <End>
          <X>-23.4264</X>
          <Y>54.3899</Y>
        </End>
      </Segment>
      <Segment>
        <SegmentID>11</SegmentID>
        <SegStyle>Contour1</SegStyle>
        <End>
          <X>-34.0038</X>
          <Y>54.3899</Y>
        </End>
      </Segment>
      <Segment>
        <SegmentID>12</SegmentID>
        <SegStyle>Contour1</SegStyle>
        <End>
          <X>-34.0038</X>
          <Y>42.29</Y>
        </End>
      </Segment>
      <Segment>
        <SegmentID>13</SegmentID>
        <SegStyle>Contour1</SegStyle>
        <End>
          <X>-23.4264</X>
          <Y>42.29</Y>
        </End>
      </Segment>
      <Segment>
        <SegmentID>14</SegmentID>
        <SegStyle>Contour1</SegStyle>
        <End>
          <X>-23.4264</X>
          <Y>54.3899</Y>
        </End>
      </Segment>
      <Segment>
        <SegmentID>15</SegmentID>
        <SegStyle>Contour1</SegStyle>
        <End>
          <X>-23.5064</X>
          <Y>54.3099</Y>
        </End>
      </Segment>
      <Segment>
        <SegmentID>16</SegmentID>
        <SegStyle>Contour1</SegStyle>
        <End>
          <X>-33.9238</X>
          <Y>54.3099</Y>
        </End>
      </Segment>
      <Segment>
        <SegmentID>17</SegmentID>
        <SegStyle>Contour1</SegStyle>
        <End>
          <X>-33.9238</X>
          <Y>42.37</Y>
        </End>
      </Segment>
      <Segment>
        <SegmentID>18</SegmentID>
        <SegStyle>Contour1</SegStyle>
        <End>
          <X>-23.5064</X>
          <Y>42.37</Y>
        </End>
      </Segment>
      <Segment>
        <SegmentID>19</SegmentID>
        <SegStyle>Contour1</SegStyle>
        <End>
          <X>-23.5064</X>
          <Y>54.3099</Y>
        </End>
      </Segment>
    </Path>
  </Trajectory>
  <Trajectory>
    <TrajectoryID>1</TrajectoryID>
    <PathProcessingMode>sequential</PathProcessingMode>
    <Path>
      <Type>hatch</Type>
      <Tag>part1</Tag>
      <NumSegments>264.0</NumSegments>
      <SkyWritingMode>0</SkyWritingMode>
      <Start>
        <X>-33.8438</X>
        <Y>52.7525</Y>
      </Start>
      <Segment>
        <SegmentID>1</SegmentID>
        <SegStyle>Hatch1</SegStyle>
        <End>
          <X>-33.8025</X>
          <Y>54.2299</Y>
        </End>
      </Segment>
      <Segment>
        <SegmentID>2</SegmentID>
        <SegStyle>Hatch1</SegStyle>
        <End>
          <X>-33.7225</X>
          <Y>54.2299</Y>
        </End>
      </Segment>
      <Segment>
        <SegmentID>3</SegmentID>
        <SegStyle>Hatch1</SegStyle>
        <End>
          <X>-33.8438</X>
          <Y>49.8859</Y>
        </End>
      </Segment>
      <Segment>
        <SegmentID>4</SegmentID>
        <SegStyle>Hatch1</SegStyle>
        <End>
          <X>-33.8438</X>
          <Y>47.0216</Y>
        </End>
      </Segment>
      <Segment>
        <SegmentID>5</SegmentID>
        <SegStyle>Hatch1</SegStyle>
        <End>
          <X>-33.6424</X>
          <Y>54.2299</Y>
        </End>
      </Segment>
      <Segment>
        <SegmentID>6</SegmentID>
        <SegStyle>Hatch1</SegStyle>
        <End>
          <X>-33.5624</X>
          <Y>54.2299</Y>
        </End>
      </Segment>
      <Segment>
        <SegmentID>7</SegmentID>
        <SegStyle>Hatch1</SegStyle>
        <End>
          <X>-33.8438</X>
          <Y>44.1566</Y>
        </End>
      </Segment>
      <Segment>
        <SegmentID>8</SegmentID>
        <SegStyle>Hatch1</SegStyle>
        <End>
          <X>-33.8114</X>
          <Y>42.45</Y>
        </End>
      </Segment>
      <Segment>
        <SegmentID>9</SegmentID>
        <SegStyle>Hatch1</SegStyle>
        <End>
          <X>-33.4824</X>
          <Y>54.2299</Y>
        </End>
      </Segment>
      <Segment>
        <SegmentID>10</SegmentID>
        <SegStyle>Hatch1</SegStyle>
        <End>
          <X>-33.4023</X>
          <Y>54.2299</Y>
        </End>
      </Segment>
      <Segment>
        <SegmentID>11</SegmentID>
        <SegStyle>Hatch1</SegStyle>
        <End>
          <X>-33.7314</X>
          <Y>42.45</Y>
        </End>
      </Segment>
      <Segment>
        <SegmentID>12</SegmentID>
        <SegStyle>Hatch1</SegStyle>
        <End>
          <X>-33.6514</X>
          <Y>42.45</Y>
        </End>
      </Segment>
      <Segment>
        <SegmentID>13</SegmentID>
        <SegStyle>Hatch1</SegStyle>
        <End>
          <X>-33.3224</X>
          <Y>54.2299</Y>
        </End>
      </Segment>
      <Segment>
        <SegmentID>14</SegmentID>
        <SegStyle>Hatch1</SegStyle>
        <End>
          <X>-33.2423</X>
          <Y>54.2299</Y>
        </End>
      </Segment>
      <Segment>
        <SegmentID>15</SegmentID>
        <SegStyle>Hatch1</SegStyle>
        <End>
          <X>-33.5713</X>
          <Y>42.45</Y>
        </End>
      </Segment>
      <Segment>
        <SegmentID>16</SegmentID>
        <SegStyle>Hatch1</SegStyle>
        <End>
          <X>-33.4913</X>
          <Y>42.45</Y>
        </End>
      </Segment>
      <Segment>
        <SegmentID>17</SegmentID>
        <SegStyle>Hatch1</SegStyle>
        <End>
          <X>-33.1622</X>
          <Y>54.2299</Y>
        </End>
      </Segment>
      <Segment>
        <SegmentID>18</SegmentID>
        <SegStyle>Hatch1</SegStyle>
        <End>
          <X>-33.0823</X>
          <Y>54.2299</Y>
        </End>
      </Segment>
      <Segment>
        <SegmentID>19</SegmentID>
        <SegStyle>Hatch1</SegStyle>
        <End>
          <X>-33.4113</X>
          <Y>42.45</Y>
        </End>
      </Segment>
      <Segment>
        <SegmentID>20</SegmentID>
        <SegStyle>Hatch1</SegStyle>
        <End>
          <X>-33.3312</X>
          <Y>42.45</Y>
        </End>
      </Segment>
      <Segment>
        <SegmentID>21</SegmentID>
        <SegStyle>Hatch1</SegStyle>
        <End>
          <X>-33.0022</X>
          <Y>54.2299</Y>
        </End>
      </Segment>
      <Segment>
        <SegmentID>22</SegmentID>
        <SegStyle>Hatch1</SegStyle>
        <End>
          <X>-32.9221</X>
          <Y>54.2299</Y>
        </End>
      </Segment>
      <Segment>
        <SegmentID>23</SegmentID>
        <SegStyle>Hatch1</SegStyle>
        <End>
          <X>-33.2512</X>
          <Y>42.45</Y>
        </End>
      </Segment>
      <Segment>
        <SegmentID>24</SegmentID>
        <SegStyle>Hatch1</SegStyle>
        <End>
          <X>-33.1712</X>
          <Y>42.45</Y>
        </End>
      </Segment>
      <Segment>
        <SegmentID>25</SegmentID>
        <SegStyle>Hatch1</SegStyle>
        <End>
          <X>-32.8421</X>
          <Y>54.2299</Y>
        </End>
      </Segment>
      <Segment>
        <SegmentID>26</SegmentID>
        <SegStyle>Hatch1</SegStyle>
        <End>
          <X>-32.7621</X>
          <Y>54.2299</Y>
        </End>
      </Segment>
      <Segment>
        <SegmentID>27</SegmentID>
        <SegStyle>Hatch1</SegStyle>
        <End>
          <X>-33.0911</X>
          <Y>42.45</Y>
        </End>
      </Segment>
      <Segment>
        <SegmentID>28</SegmentID>
        <SegStyle>Hatch1</SegStyle>
        <End>
          <X>-33.0111</X>
          <Y>42.45</Y>
        </End>
      </Segment>
      <Segment>
        <SegmentID>29</SegmentID>
        <SegStyle>Hatch1</SegStyle>
        <End>
          <X>-32.6821</X>
          <Y>54.2299</Y>
        </End>
      </Segment>
      <Segment>
        <SegmentID>30</SegmentID>
        <SegStyle>Hatch1</SegStyle>
        <End>
          <X>-32.602</X>
          <Y>54.2299</Y>
        </End>
      </Segment>
      <Segment>
        <SegmentID>31</SegmentID>
        <SegStyle>Hatch1</SegStyle>
        <End>
          <X>-32.9311</X>
          <Y>42.45</Y>
        </End>
      </Segment>
      <Segment>
        <SegmentID>32</SegmentID>
        <SegStyle>Hatch1</SegStyle>
        <End>
          <X>-32.8511</X>
          <Y>42.45</Y>
        </End>
      </Segment>
      <Segment>
        <SegmentID>33</SegmentID>
        <SegStyle>Hatch1</SegStyle>
        <End>
          <X>-32.522</X>
          <Y>54.2299</Y>
        </End>
      </Segment>
      <Segment>
        <SegmentID>34</SegmentID>
        <SegStyle>Hatch1</SegStyle>
        <End>
          <X>-32.442</X>
          <Y>54.2299</Y>
        </End>
      </Segment>
      <Segment>
        <SegmentID>35</SegmentID>
        <SegStyle>Hatch1</SegStyle>
        <End>
          <X>-32.771</X>
          <Y>42.45</Y>
        </End>
      </Segment>
      <Segment>
        <SegmentID>36</SegmentID>
        <SegStyle>Hatch1</SegStyle>
        <End>
          <X>-32.691</X>
          <Y>42.45</Y>
        </End>
      </Segment>
      <Segment>
        <SegmentID>37</SegmentID>
        <SegStyle>Hatch1</SegStyle>
        <End>
          <X>-32.3619</X>
          <Y>54.2299</Y>
        </End>
      </Segment>
      <Segment>
        <SegmentID>38</SegmentID>
        <SegStyle>Hatch1</SegStyle>
        <End>
          <X>-32.2819</X>
          <Y>54.2299</Y>
        </End>
      </Segment>
      <Segment>
        <SegmentID>39</SegmentID>
        <SegStyle>Hatch1</SegStyle>
        <End>
          <X>-32.611</X>
          <Y>42.45</Y>
        </End>
      </Segment>
      <Segment>
        <SegmentID>40</SegmentID>
        <SegStyle>Hatch1</SegStyle>
        <End>
          <X>-32.5309</X>
          <Y>42.45</Y>
        </End>
      </Segment>
      <Segment>
        <SegmentID>41</SegmentID>
        <SegStyle>Hatch1</SegStyle>
        <End>
          <X>-32.2019</X>
          <Y>54.2299</Y>
        </End>
      </Segment>
      <Segment>
        <SegmentID>42</SegmentID>
        <SegStyle>Hatch1</SegStyle>
        <End>
          <X>-32.1218</X>
          <Y>54.2299</Y>
        </End>
      </Segment>
      <Segment>
        <SegmentID>43</SegmentID>
        <SegStyle>Hatch1</SegStyle>
        <End>
          <X>-32.4509</X>
          <Y>42.45</Y>
        </End>
      </Segment>
      <Segment>
        <SegmentID>44</SegmentID>
        <SegStyle>Hatch1</SegStyle>
        <End>
          <X>-32.3709</X>
          <Y>42.45</Y>
        </End>
      </Segment>
      <Segment>
        <SegmentID>45</SegmentID>
        <SegStyle>Hatch1</SegStyle>
        <End>
          <X>-32.0419</X>
          <Y>54.2299</Y>
        </End>
      </Segment>
      <Segment>
        <SegmentID>46</SegmentID>
        <SegStyle>Hatch1</SegStyle>
        <End>
          <X>-31.9618</X>
          <Y>54.2299</Y>
        </End>
      </Segment>
      <Segment>
        <SegmentID>47</SegmentID>
        <SegStyle>Hatch1</SegStyle>
        <End>
          <X>-32.2908</X>
          <Y>42.45</Y>
        </End>
      </Segment>
      <Segment>
        <SegmentID>48</SegmentID>
        <SegStyle>Hatch1</SegStyle>
        <End>
          <X>-32.2108</X>
          <Y>42.45</Y>
        </End>
      </Segment>
      <Segment>
        <SegmentID>49</SegmentID>
        <SegStyle>Hatch1</SegStyle>
        <End>
          <X>-31.8818</X>
          <Y>54.2299</Y>
        </End>
      </Segment>
      <Segment>
        <SegmentID>50</SegmentID>
        <SegStyle>Hatch1</SegStyle>
        <End>
          <X>-31.8018</X>
          <Y>54.2299</Y>
        </End>
      </Segment>
      <Segment>
        <SegmentID>51</SegmentID>
        <SegStyle>Hatch1</SegStyle>
        <End>
          <X>-32.1308</X>
          <Y>42.45</Y>
        </End>
      </Segment>
      <Segment>
        <SegmentID>52</SegmentID>
        <SegStyle>Hatch1</SegStyle>
        <End>
          <X>-32.0507</X>
          <Y>42.45</Y>
        </End>
      </Segment>
      <Segment>
        <SegmentID>53</SegmentID>
        <SegStyle>Hatch1</SegStyle>
        <End>
          <X>-31.7217</X>
          <Y>54.2299</Y>
        </End>
      </Segment>
      <Segment>
        <SegmentID>54</SegmentID>
        <SegStyle>Hatch1</SegStyle>
        <End>
          <X>-31.6417</X>
          <Y>54.2299</Y>
        </End>
      </Segment>
      <Segment>
        <SegmentID>55</SegmentID>
        <SegStyle>Hatch1</SegStyle>
        <End>
          <X>-31.9708</X>
          <Y>42.45</Y>
        </End>
      </Segment>
      <Segment>
        <SegmentID>56</SegmentID>
        <SegStyle>Hatch1</SegStyle>
        <End>
          <X>-31.8907</X>
          <Y>42.45</Y>
        </End>
      </Segment>
      <Segment>
        <SegmentID>57</SegmentID>
        <SegStyle>Hatch1</SegStyle>
        <End>
          <X>-31.5616</X>
          <Y>54.2299</Y>
        </End>
      </Segment>
      <Segment>
        <SegmentID>58</SegmentID>
        <SegStyle>Hatch1</SegStyle>
        <End>
          <X>-31.4816</X>
          <Y>54.2299</Y>
        </End>
      </Segment>
      <Segment>
        <SegmentID>59</SegmentID>
        <SegStyle>Hatch1</SegStyle>
        <End>
          <X>-31.8106</X>
          <Y>42.45</Y>
        </End>
      </Segment>
      <Segment>
        <SegmentID>60</SegmentID>
        <SegStyle>Hatch1</SegStyle>
        <End>
          <X>-31.7306</X>
          <Y>42.45</Y>
        </End>
      </Segment>
      <Segment>
        <SegmentID>61</SegmentID>
        <SegStyle>Hatch1</SegStyle>
        <End>
          <X>-31.4016</X>
          <Y>54.2299</Y>
        </End>
      </Segment>
      <Segment>
        <SegmentID>62</SegmentID>
        <SegStyle>Hatch1</SegStyle>
        <End>
          <X>-31.3215</X>
          <Y>54.2299</Y>
        </End>
      </Segment>
      <Segment>
        <SegmentID>63</SegmentID>
        <SegStyle>Hatch1</SegStyle>
        <End>
          <X>-31.6506</X>
          <Y>42.45</Y>
        </End>
      </Segment>
      <Segment>
        <SegmentID>64</SegmentID>
        <SegStyle>Hatch1</SegStyle>
        <End>
          <X>-31.5706</X>
          <Y>42.45</Y>
        </End>
      </Segment>
      <Segment>
        <SegmentID>65</SegmentID>
        <SegStyle>Hatch1</SegStyle>
        <End>
          <X>-31.2415</X>
          <Y>54.2299</Y>
        </End>
      </Segment>
      <Segment>
        <SegmentID>66</SegmentID>
        <SegStyle>Hatch1</SegStyle>
        <End>
          <X>-31.1615</X>
          <Y>54.2299</Y>
        </End>
      </Segment>
      <Segment>
        <SegmentID>67</SegmentID>
        <SegStyle>Hatch1</SegStyle>
        <End>
          <X>-31.4905</X>
          <Y>42.45</Y>
        </End>
      </Segment>
      <Segment>
        <SegmentID>68</SegmentID>
        <SegStyle>Hatch1</SegStyle>
        <End>
          <X>-31.4105</X>
          <Y>42.45</Y>
        </End>
      </Segment>
      <Segment>
        <SegmentID>69</SegmentID>
        <SegStyle>Hatch1</SegStyle>
        <End>
          <X>-31.0814</X>
          <Y>54.2299</Y>
        </End>
      </Segment>
      <Segment>
        <SegmentID>70</SegmentID>
        <SegStyle>Hatch1</SegStyle>
        <End>
          <X>-31.0015</X>
          <Y>54.2299</Y>
        </End>
      </Segment>
      <Segment>
        <SegmentID>71</SegmentID>
        <SegStyle>Hatch1</SegStyle>
        <End>
          <X>-31.3305</X>
          <Y>42.45</Y>
        </End>
      </Segment>
      <Segment>
        <SegmentID>72</SegmentID>
        <SegStyle>Hatch1</SegStyle>
        <End>
          <X>-31.2504</X>
          <Y>42.45</Y>
        </End>
      </Segment>
      <Segment>
        <SegmentID>73</SegmentID>
        <SegStyle>Hatch1</SegStyle>
        <End>
          <X>-30.9214</X>
          <Y>54.2299</Y>
        </End>
      </Segment>
      <Segment>
        <SegmentID>74</SegmentID>
        <SegStyle>Hatch1</SegStyle>
        <End>
          <X>-30.8413</X>
          <Y>54.2299</Y>
        </End>
      </Segment>
      <Segment>
        <SegmentID>75</SegmentID>
        <SegStyle>Hatch1</SegStyle>
        <End>
          <X>-31.1704</X>
          <Y>42.45</Y>
        </End>
      </Segment>
      <Segment>
        <SegmentID>76</SegmentID>
        <SegStyle>Hatch1</SegStyle>
        <End>
          <X>-31.0904</X>
          <Y>42.45</Y>
        </End>
      </Segment>
      <Segment>
        <SegmentID>77</SegmentID>
        <SegStyle>Hatch1</SegStyle>
        <End>
          <X>-30.7614</X>
          <Y>54.2299</Y>
        </End>
      </Segment>
      <Segment>
        <SegmentID>78</SegmentID>
        <SegStyle>Hatch1</SegStyle>
        <End>
          <X>-30.6813</X>
          <Y>54.2299</Y>
        </End>
      </Segment>
      <Segment>
        <SegmentID>79</SegmentID>
        <SegStyle>Hatch1</SegStyle>
        <End>
          <X>-31.0103</X>
          <Y>42.45</Y>
        </End>
      </Segment>
      <Segment>
        <SegmentID>80</SegmentID>
        <SegStyle>Hatch1</SegStyle>
        <End>
          <X>-30.9303</X>
          <Y>42.45</Y>
        </End>
      </Segment>
      <Segment>
        <SegmentID>81</SegmentID>
        <SegStyle>Hatch1</SegStyle>
        <End>
          <X>-30.6013</X>
          <Y>54.2299</Y>
        </End>
      </Segment>
      <Segment>
        <SegmentID>82</SegmentID>
        <SegStyle>Hatch1</SegStyle>
        <End>
          <X>-30.5213</X>
          <Y>54.2299</Y>
        </End>
      </Segment>
      <Segment>
        <SegmentID>83</SegmentID>
        <SegStyle>Hatch1</SegStyle>
        <End>
          <X>-30.8503</X>
          <Y>42.45</Y>
        </End>
      </Segment>
      <Segment>
        <SegmentID>84</SegmentID>
        <SegStyle>Hatch1</SegStyle>
        <End>
          <X>-30.7702</X>
          <Y>42.45</Y>
        </End>
      </Segment>
      <Segment>
        <SegmentID>85</SegmentID>
        <SegStyle>Hatch1</SegStyle>
        <End>
          <X>-30.4412</X>
          <Y>54.2299</Y>
        </End>
      </Segment>
      <Segment>
        <SegmentID>86</SegmentID>
        <SegStyle>Hatch1</SegStyle>
        <End>
          <X>-30.3612</X>
          <Y>54.2299</Y>
        </End>
      </Segment>
      <Segment>
        <SegmentID>87</SegmentID>
        <SegStyle>Hatch1</SegStyle>
        <End>
          <X>-30.6903</X>
          <Y>42.45</Y>
        </End>
      </Segment>
      <Segment>
        <SegmentID>88</SegmentID>
        <SegStyle>Hatch1</SegStyle>
        <End>
          <X>-30.6102</X>
          <Y>42.45</Y>
        </End>
      </Segment>
      <Segment>
        <SegmentID>89</SegmentID>
        <SegStyle>Hatch1</SegStyle>
        <End>
          <X>-30.2811</X>
          <Y>54.2299</Y>
        </End>
      </Segment>
      <Segment>
        <SegmentID>90</SegmentID>
        <SegStyle>Hatch1</SegStyle>
        <End>
          <X>-30.2011</X>
          <Y>54.2299</Y>
        </End>
      </Segment>
      <Segment>
        <SegmentID>91</SegmentID>
        <SegStyle>Hatch1</SegStyle>
        <End>
          <X>-30.5301</X>
          <Y>42.45</Y>
        </End>
      </Segment>
      <Segment>
        <SegmentID>92</SegmentID>
        <SegStyle>Hatch1</SegStyle>
        <End>
          <X>-30.4501</X>
          <Y>42.45</Y>
        </End>
      </Segment>
      <Segment>
        <SegmentID>93</SegmentID>
        <SegStyle>Hatch1</SegStyle>
        <End>
          <X>-30.1211</X>
          <Y>54.2299</Y>
        </End>
      </Segment>
      <Segment>
        <SegmentID>94</SegmentID>
        <SegStyle>Hatch1</SegStyle>
        <End>
          <X>-30.041</X>
          <Y>54.2299</Y>
        </End>
      </Segment>
      <Segment>
        <SegmentID>95</SegmentID>
        <SegStyle>Hatch1</SegStyle>
        <End>
          <X>-30.3701</X>
          <Y>42.45</Y>
        </End>
      </Segment>
      <Segment>
        <SegmentID>96</SegmentID>
        <SegStyle>Hatch1</SegStyle>
        <End>
          <X>-30.2901</X>
          <Y>42.45</Y>
        </End>
      </Segment>
      <Segment>
        <SegmentID>97</SegmentID>
        <SegStyle>Hatch1</SegStyle>
        <End>
          <X>-29.961</X>
          <Y>54.2299</Y>
        </End>
      </Segment>
      <Segment>
        <SegmentID>98</SegmentID>
        <SegStyle>Hatch1</SegStyle>
        <End>
          <X>-29.881</X>
          <Y>54.2299</Y>
        </End>
      </Segment>
      <Segment>
        <SegmentID>99</SegmentID>
        <SegStyle>Hatch1</SegStyle>
        <End>
          <X>-30.21</X>
          <Y>42.45</Y>
        </End>
      </Segment>
      <Segment>
        <SegmentID>100</SegmentID>
        <SegStyle>Hatch1</SegStyle>
        <End>
          <X>-30.13</X>
          <Y>42.45</Y>
        </End>
      </Segment>
      <Segment>
        <SegmentID>101</SegmentID>
        <SegStyle>Hatch1</SegStyle>
        <End>
          <X>-29.8009</X>
          <Y>54.2299</Y>
        </End>
      </Segment>
      <Segment>
        <SegmentID>102</SegmentID>
        <SegStyle>Hatch1</SegStyle>
        <End>
          <X>-29.721</X>
          <Y>54.2299</Y>
        </End>
      </Segment>
      <Segment>
        <SegmentID>103</SegmentID>
        <SegStyle>Hatch1</SegStyle>
        <End>
          <X>-30.05</X>
          <Y>42.45</Y>
        </End>
      </Segment>
      <Segment>
        <SegmentID>104</SegmentID>
        <SegStyle>Hatch1</SegStyle>
        <End>
          <X>-29.9699</X>
          <Y>42.45</Y>
        </End>
      </Segment>
      <Segment>
        <SegmentID>105</SegmentID>
        <SegStyle>Hatch1</SegStyle>
        <End>
          <X>-29.6409</X>
          <Y>54.2299</Y>
        </End>
      </Segment>
      <Segment>
        <SegmentID>106</SegmentID>
        <SegStyle>Hatch1</SegStyle>
        <End>
          <X>-29.5608</X>
          <Y>54.2299</Y>
        </End>
      </Segment>
      <Segment>
        <SegmentID>107</SegmentID>
        <SegStyle>Hatch1</SegStyle>
        <End>
          <X>-29.8899</X>
          <Y>42.45</Y>
        </End>
      </Segment>
      <Segment>
        <SegmentID>108</SegmentID>
        <SegStyle>Hatch1</SegStyle>
        <End>
          <X>-29.8099</X>
          <Y>42.45</Y>
        </End>
      </Segment>
      <Segment>
        <SegmentID>109</SegmentID>
        <SegStyle>Hatch1</SegStyle>
        <End>
          <X>-29.4809</X>
          <Y>54.2299</Y>
        </End>
      </Segment>
      <Segment>
        <SegmentID>110</SegmentID>
        <SegStyle>Hatch1</SegStyle>
        <End>
          <X>-29.4008</X>
          <Y>54.2299</Y>
        </End>
      </Segment>
      <Segment>
        <SegmentID>111</SegmentID>
        <SegStyle>Hatch1</SegStyle>
        <End>
          <X>-29.7298</X>
          <Y>42.45</Y>
        </End>
      </Segment>
      <Segment>
        <SegmentID>112</SegmentID>
        <SegStyle>Hatch1</SegStyle>
        <End>
          <X>-29.6498</X>
          <Y>42.45</Y>
        </End>
      </Segment>
      <Segment>
        <SegmentID>113</SegmentID>
        <SegStyle>Hatch1</SegStyle>
        <End>
          <X>-29.3208</X>
          <Y>54.2299</Y>
        </End>
      </Segment>
      <Segment>
        <SegmentID>114</SegmentID>
        <SegStyle>Hatch1</SegStyle>
        <End>
          <X>-29.2408</X>
          <Y>54.2299</Y>
        </End>
      </Segment>
      <Segment>
        <SegmentID>115</SegmentID>
        <SegStyle>Hatch1</SegStyle>
        <End>
          <X>-29.5698</X>
          <Y>42.45</Y>
        </End>
      </Segment>
      <Segment>
        <SegmentID>116</SegmentID>
        <SegStyle>Hatch1</SegStyle>
        <End>
          <X>-29.4897</X>
          <Y>42.45</Y>
        </End>
      </Segment>
      <Segment>
        <SegmentID>117</SegmentID>
        <SegStyle>Hatch1</SegStyle>
        <End>
          <X>-29.1607</X>
          <Y>54.2299</Y>
        </End>
      </Segment>
      <Segment>
        <SegmentID>118</SegmentID>
        <SegStyle>Hatch1</SegStyle>
        <End>
          <X>-29.0807</X>
          <Y>54.2299</Y>
        </End>
      </Segment>
      <Segment>
        <SegmentID>119</SegmentID>
        <SegStyle>Hatch1</SegStyle>
        <End>
          <X>-29.4098</X>
          <Y>42.45</Y>
        </End>
      </Segment>
      <Segment>
        <SegmentID>120</SegmentID>
        <SegStyle>Hatch1</SegStyle>
        <End>
          <X>-29.3297</X>
          <Y>42.45</Y>
        </End>
      </Segment>
      <Segment>
        <SegmentID>121</SegmentID>
        <SegStyle>Hatch1</SegStyle>
        <End>
          <X>-29.0006</X>
          <Y>54.2299</Y>
        </End>
      </Segment>
      <Segment>
        <SegmentID>122</SegmentID>
        <SegStyle>Hatch1</SegStyle>
        <End>
          <X>-28.9206</X>
          <Y>54.2299</Y>
        </End>
      </Segment>
      <Segment>
        <SegmentID>123</SegmentID>
        <SegStyle>Hatch1</SegStyle>
        <End>
          <X>-29.2496</X>
          <Y>42.45</Y>
        </End>
      </Segment>
      <Segment>
        <SegmentID>124</SegmentID>
        <SegStyle>Hatch1</SegStyle>
        <End>
          <X>-29.1696</X>
          <Y>42.45</Y>
        </End>
      </Segment>
      <Segment>
        <SegmentID>125</SegmentID>
        <SegStyle>Hatch1</SegStyle>
        <End>
          <X>-28.8406</X>
          <Y>54.2299</Y>
        </End>
      </Segment>
      <Segment>
        <SegmentID>126</SegmentID>
        <SegStyle>Hatch1</SegStyle>
        <End>
          <X>-28.7605</X>
          <Y>54.2299</Y>
        </End>
      </Segment>
      <Segment>
        <SegmentID>127</SegmentID>
        <SegStyle>Hatch1</SegStyle>
        <End>
          <X>-29.0896</X>
          <Y>42.45</Y>
        </End>
      </Segment>
      <Segment>
        <SegmentID>128</SegmentID>
        <SegStyle>Hatch1</SegStyle>
        <End>
          <X>-29.0096</X>
          <Y>42.45</Y>
        </End>
      </Segment>
      <Segment>
        <SegmentID>129</SegmentID>
        <SegStyle>Hatch1</SegStyle>
        <End>
          <X>-28.6805</X>
          <Y>54.2299</Y>
        </End>
      </Segment>
      <Segment>
        <SegmentID>130</SegmentID>
        <SegStyle>Hatch1</SegStyle>
        <End>
          <X>-28.6005</X>
          <Y>54.2299</Y>
        </End>
      </Segment>
      <Segment>
        <SegmentID>131</SegmentID>
        <SegStyle>Hatch1</SegStyle>
        <End>
          <X>-28.9295</X>
          <Y>42.45</Y>
        </End>
      </Segment>
      <Segment>
        <SegmentID>132</SegmentID>
        <SegStyle>Hatch1</SegStyle>
        <End>
          <X>-28.8495</X>
          <Y>42.45</Y>
        </End>
      </Segment>
      <Segment>
        <SegmentID>133</SegmentID>
        <SegStyle>Hatch1</SegStyle>
        <End>
          <X>-28.5204</X>
          <Y>54.2299</Y>
        </End>
      </Segment>
      <Segment>
        <SegmentID>134</SegmentID>
        <SegStyle>Hatch1</SegStyle>
        <End>
          <X>-28.4405</X>
          <Y>54.2299</Y>
        </End>
      </Segment>
      <Segment>
        <SegmentID>135</SegmentID>
        <SegStyle>Hatch1</SegStyle>
        <End>
          <X>-28.7695</X>
          <Y>42.45</Y>
        </End>
      </Segment>
      <Segment>
        <SegmentID>136</SegmentID>
        <SegStyle>Hatch1</SegStyle>
        <End>
          <X>-28.6894</X>
          <Y>42.45</Y>
        </End>
      </Segment>
      <Segment>
        <SegmentID>137</SegmentID>
        <SegStyle>Hatch1</SegStyle>
        <End>
          <X>-28.3604</X>
          <Y>54.2299</Y>
        </End>
      </Segment>
      <Segment>
        <SegmentID>138</SegmentID>
        <SegStyle>Hatch1</SegStyle>
        <End>
          <X>-28.2803</X>
          <Y>54.2299</Y>
        </End>
      </Segment>
      <Segment>
        <SegmentID>139</SegmentID>
        <SegStyle>Hatch1</SegStyle>
        <End>
          <X>-28.6094</X>
          <Y>42.45</Y>
        </End>
      </Segment>
      <Segment>
        <SegmentID>140</SegmentID>
        <SegStyle>Hatch1</SegStyle>
        <End>
          <X>-28.5294</X>
          <Y>42.45</Y>
        </End>
      </Segment>
      <Segment>
        <SegmentID>141</SegmentID>
        <SegStyle>Hatch1</SegStyle>
        <End>
          <X>-28.2004</X>
          <Y>54.2299</Y>
        </End>
      </Segment>
      <Segment>
        <SegmentID>142</SegmentID>
        <SegStyle>Hatch1</SegStyle>
        <End>
          <X>-28.1203</X>
          <Y>54.2299</Y>
        </End>
      </Segment>
      <Segment>
        <SegmentID>143</SegmentID>
        <SegStyle>Hatch1</SegStyle>
        <End>
          <X>-28.4493</X>
          <Y>42.45</Y>
        </End>
      </Segment>
      <Segment>
        <SegmentID>144</SegmentID>
        <SegStyle>Hatch1</SegStyle>
        <End>
          <X>-28.3693</X>
          <Y>42.45</Y>
        </End>
      </Segment>
      <Segment>
        <SegmentID>145</SegmentID>
        <SegStyle>Hatch1</SegStyle>
        <End>
          <X>-28.0403</X>
          <Y>54.2299</Y>
        </End>
      </Segment>
      <Segment>
        <SegmentID>146</SegmentID>
        <SegStyle>Hatch1</SegStyle>
        <End>
          <X>-27.9603</X>
          <Y>54.2299</Y>
        </End>
      </Segment>
      <Segment>
        <SegmentID>147</SegmentID>
        <SegStyle>Hatch1</SegStyle>
        <End>
          <X>-28.2893</X>
          <Y>42.45</Y>
        </End>
      </Segment>
      <Segment>
        <SegmentID>148</SegmentID>
        <SegStyle>Hatch1</SegStyle>
        <End>
          <X>-28.2092</X>
          <Y>42.45</Y>
        </End>
      </Segment>
      <Segment>
        <SegmentID>149</SegmentID>
        <SegStyle>Hatch1</SegStyle>
        <End>
          <X>-27.8802</X>
          <Y>54.2299</Y>
        </End>
      </Segment>
      <Segment>
        <SegmentID>150</SegmentID>
        <SegStyle>Hatch1</SegStyle>
        <End>
          <X>-27.8002</X>
          <Y>54.2299</Y>
        </End>
      </Segment>
      <Segment>
        <SegmentID>151</SegmentID>
        <SegStyle>Hatch1</SegStyle>
        <End>
          <X>-28.1293</X>
          <Y>42.45</Y>
        </End>
      </Segment>
      <Segment>
        <SegmentID>152</SegmentID>
        <SegStyle>Hatch1</SegStyle>
        <End>
          <X>-28.0492</X>
          <Y>42.45</Y>
        </End>
      </Segment>
      <Segment>
        <SegmentID>153</SegmentID>
        <SegStyle>Hatch1</SegStyle>
        <End>
          <X>-27.7201</X>
          <Y>54.2299</Y>
        </End>
      </Segment>
      <Segment>
        <SegmentID>154</SegmentID>
        <SegStyle>Hatch1</SegStyle>
        <End>
          <X>-27.6401</X>
          <Y>54.2299</Y>
        </End>
      </Segment>
      <Segment>
        <SegmentID>155</SegmentID>
        <SegStyle>Hatch1</SegStyle>
        <End>
          <X>-27.9691</X>
          <Y>42.45</Y>
        </End>
      </Segment>
      <Segment>
        <SegmentID>156</SegmentID>
        <SegStyle>Hatch1</SegStyle>
        <End>
          <X>-27.8891</X>
          <Y>42.45</Y>
        </End>
      </Segment>
      <Segment>
        <SegmentID>157</SegmentID>
        <SegStyle>Hatch1</SegStyle>
        <End>
          <X>-27.5601</X>
          <Y>54.2299</Y>
        </End>
      </Segment>
      <Segment>
        <SegmentID>158</SegmentID>
        <SegStyle>Hatch1</SegStyle>
        <End>
          <X>-27.48</X>
          <Y>54.2299</Y>
        </End>
      </Segment>
      <Segment>
        <SegmentID>159</SegmentID>
        <SegStyle>Hatch1</SegStyle>
        <End>
          <X>-27.8091</X>
          <Y>42.45</Y>
        </End>
      </Segment>
      <Segment>
        <SegmentID>160</SegmentID>
        <SegStyle>Hatch1</SegStyle>
        <End>
          <X>-27.7291</X>
          <Y>42.45</Y>
        </End>
      </Segment>
      <Segment>
        <SegmentID>161</SegmentID>
        <SegStyle>Hatch1</SegStyle>
        <End>
          <X>-27.4</X>
          <Y>54.2299</Y>
        </End>
      </Segment>
      <Segment>
        <SegmentID>162</SegmentID>
        <SegStyle>Hatch1</SegStyle>
        <End>
          <X>-27.32</X>
          <Y>54.2299</Y>
        </End>
      </Segment>
      <Segment>
        <SegmentID>163</SegmentID>
        <SegStyle>Hatch1</SegStyle>
        <End>
          <X>-27.649</X>
          <Y>42.45</Y>
        </End>
      </Segment>
      <Segment>
        <SegmentID>164</SegmentID>
        <SegStyle>Hatch1</SegStyle>
        <End>
          <X>-27.569</X>
          <Y>42.45</Y>
        </End>
      </Segment>
      <Segment>
        <SegmentID>165</SegmentID>
        <SegStyle>Hatch1</SegStyle>
        <End>
          <X>-27.2399</X>
          <Y>54.2299</Y>
        </End>
      </Segment>
      <Segment>
        <SegmentID>166</SegmentID>
        <SegStyle>Hatch1</SegStyle>
        <End>
          <X>-27.16</X>
          <Y>54.2299</Y>
        </End>
      </Segment>
      <Segment>
        <SegmentID>167</SegmentID>
        <SegStyle>Hatch1</SegStyle>
        <End>
          <X>-27.489</X>
          <Y>42.45</Y>
        </End>
      </Segment>
      <Segment>
        <SegmentID>168</SegmentID>
        <SegStyle>Hatch1</SegStyle>
        <End>
          <X>-27.4089</X>
          <Y>42.45</Y>
        </End>
      </Segment>
      <Segment>
        <SegmentID>169</SegmentID>
        <SegStyle>Hatch1</SegStyle>
        <End>
          <X>-27.0799</X>
          <Y>54.2299</Y>
        </End>
      </Segment>
      <Segment>
        <SegmentID>170</SegmentID>
        <SegStyle>Hatch1</SegStyle>
        <End>
          <X>-26.9998</X>
          <Y>54.2299</Y>
        </End>
      </Segment>
      <Segment>
        <SegmentID>171</SegmentID>
        <SegStyle>Hatch1</SegStyle>
        <End>
          <X>-27.3289</X>
          <Y>42.45</Y>
        </End>
      </Segment>
      <Segment>
        <SegmentID>172</SegmentID>
        <SegStyle>Hatch1</SegStyle>
        <End>
          <X>-27.2489</X>
          <Y>42.45</Y>
        </End>
      </Segment>
      <Segment>
        <SegmentID>173</SegmentID>
        <SegStyle>Hatch1</SegStyle>
        <End>
          <X>-26.9199</X>
          <Y>54.2299</Y>
        </End>
      </Segment>
      <Segment>
        <SegmentID>174</SegmentID>
        <SegStyle>Hatch1</SegStyle>
        <End>
          <X>-26.8398</X>
          <Y>54.2299</Y>
        </End>
      </Segment>
      <Segment>
        <SegmentID>175</SegmentID>
        <SegStyle>Hatch1</SegStyle>
        <End>
          <X>-27.1688</X>
          <Y>42.45</Y>
        </End>
      </Segment>
      <Segment>
        <SegmentID>176</SegmentID>
        <SegStyle>Hatch1</SegStyle>
        <End>
          <X>-27.0888</X>
          <Y>42.45</Y>
        </End>
      </Segment>
      <Segment>
        <SegmentID>177</SegmentID>
        <SegStyle>Hatch1</SegStyle>
        <End>
          <X>-26.7598</X>
          <Y>54.2299</Y>
        </End>
      </Segment>
      <Segment>
        <SegmentID>178</SegmentID>
        <SegStyle>Hatch1</SegStyle>
        <End>
          <X>-26.6798</X>
          <Y>54.2299</Y>
        </End>
      </Segment>
      <Segment>
        <SegmentID>179</SegmentID>
        <SegStyle>Hatch1</SegStyle>
        <End>
          <X>-27.0088</X>
          <Y>42.45</Y>
        </End>
      </Segment>
      <Segment>
        <SegmentID>180</SegmentID>
        <SegStyle>Hatch1</SegStyle>
        <End>
          <X>-26.9287</X>
          <Y>42.45</Y>
        </End>
      </Segment>
      <Segment>
        <SegmentID>181</SegmentID>
        <SegStyle>Hatch1</SegStyle>
        <End>
          <X>-26.5997</X>
          <Y>54.2299</Y>
        </End>
      </Segment>
      <Segment>
        <SegmentID>182</SegmentID>
        <SegStyle>Hatch1</SegStyle>
        <End>
          <X>-26.5197</X>
          <Y>54.2299</Y>
        </End>
      </Segment>
      <Segment>
        <SegmentID>183</SegmentID>
        <SegStyle>Hatch1</SegStyle>
        <End>
          <X>-26.8488</X>
          <Y>42.45</Y>
        </End>
      </Segment>
      <Segment>
        <SegmentID>184</SegmentID>
        <SegStyle>Hatch1</SegStyle>
        <End>
          <X>-26.7687</X>
          <Y>42.45</Y>
        </End>
      </Segment>
      <Segment>
        <SegmentID>185</SegmentID>
        <SegStyle>Hatch1</SegStyle>
        <End>
          <X>-26.4397</X>
          <Y>54.2299</Y>
        </End>
      </Segment>
      <Segment>
        <SegmentID>186</SegmentID>
        <SegStyle>Hatch1</SegStyle>
        <End>
          <X>-26.3596</X>
          <Y>54.2299</Y>
        </End>
      </Segment>
      <Segment>
        <SegmentID>187</SegmentID>
        <SegStyle>Hatch1</SegStyle>
        <End>
          <X>-26.6887</X>
          <Y>42.45</Y>
        </End>
      </Segment>
      <Segment>
        <SegmentID>188</SegmentID>
        <SegStyle>Hatch1</SegStyle>
        <End>
          <X>-26.6086</X>
          <Y>42.45</Y>
        </End>
      </Segment>
      <Segment>
        <SegmentID>189</SegmentID>
        <SegStyle>Hatch1</SegStyle>
        <End>
          <X>-26.2796</X>
          <Y>54.2299</Y>
        </End>
      </Segment>
      <Segment>
        <SegmentID>190</SegmentID>
        <SegStyle>Hatch1</SegStyle>
        <End>
          <X>-26.1995</X>
          <Y>54.2299</Y>
        </End>
      </Segment>
      <Segment>
        <SegmentID>191</SegmentID>
        <SegStyle>Hatch1</SegStyle>
        <End>
          <X>-26.5286</X>
          <Y>42.45</Y>
        </End>
      </Segment>
      <Segment>
        <SegmentID>192</SegmentID>
        <SegStyle>Hatch1</SegStyle>
        <End>
          <X>-26.4486</X>
          <Y>42.45</Y>
        </End>
      </Segment>
      <Segment>
        <SegmentID>193</SegmentID>
        <SegStyle>Hatch1</SegStyle>
        <End>
          <X>-26.1195</X>
          <Y>54.2299</Y>
        </End>
      </Segment>
      <Segment>
        <SegmentID>194</SegmentID>
        <SegStyle>Hatch1</SegStyle>
        <End>
          <X>-26.0395</X>
          <Y>54.2299</Y>
        </End>
      </Segment>
      <Segment>
        <SegmentID>195</SegmentID>
        <SegStyle>Hatch1</SegStyle>
        <End>
          <X>-26.3685</X>
          <Y>42.45</Y>
        </End>
      </Segment>
      <Segment>
        <SegmentID>196</SegmentID>
        <SegStyle>Hatch1</SegStyle>
        <End>
          <X>-26.2885</X>
          <Y>42.45</Y>
        </End>
      </Segment>
      <Segment>
        <SegmentID>197</SegmentID>
        <SegStyle>Hatch1</SegStyle>
        <End>
          <X>-25.9594</X>
          <Y>54.2299</Y>
        </End>
      </Segment>
      <Segment>
        <SegmentID>198</SegmentID>
        <SegStyle>Hatch1</SegStyle>
        <End>
          <X>-25.8795</X>
          <Y>54.2299</Y>
        </End>
      </Segment>
      <Segment>
        <SegmentID>199</SegmentID>
        <SegStyle>Hatch1</SegStyle>
        <End>
          <X>-26.2085</X>
          <Y>42.45</Y>
        </End>
      </Segment>
      <Segment>
        <SegmentID>200</SegmentID>
        <SegStyle>Hatch1</SegStyle>
        <End>
          <X>-26.1284</X>
          <Y>42.45</Y>
        </End>
      </Segment>
      <Segment>
        <SegmentID>201</SegmentID>
        <SegStyle>Hatch1</SegStyle>
        <End>
          <X>-25.7994</X>
          <Y>54.2299</Y>
        </End>
      </Segment>
      <Segment>
        <SegmentID>202</SegmentID>
        <SegStyle>Hatch1</SegStyle>
        <End>
          <X>-25.7193</X>
          <Y>54.2299</Y>
        </End>
      </Segment>
      <Segment>
        <SegmentID>203</SegmentID>
        <SegStyle>Hatch1</SegStyle>
        <End>
          <X>-26.0484</X>
          <Y>42.45</Y>
        </End>
      </Segment>
      <Segment>
        <SegmentID>204</SegmentID>
        <SegStyle>Hatch1</SegStyle>
        <End>
          <X>-25.9684</X>
          <Y>42.45</Y>
        </End>
      </Segment>
      <Segment>
        <SegmentID>205</SegmentID>
        <SegStyle>Hatch1</SegStyle>
        <End>
          <X>-25.6394</X>
          <Y>54.2299</Y>
        </End>
      </Segment>
      <Segment>
        <SegmentID>206</SegmentID>
        <SegStyle>Hatch1</SegStyle>
        <End>
          <X>-25.5593</X>
          <Y>54.2299</Y>
        </End>
      </Segment>
      <Segment>
        <SegmentID>207</SegmentID>
        <SegStyle>Hatch1</SegStyle>
        <End>
          <X>-25.8883</X>
          <Y>42.45</Y>
        </End>
      </Segment>
      <Segment>
        <SegmentID>208</SegmentID>
        <SegStyle>Hatch1</SegStyle>
        <End>
          <X>-25.8084</X>
          <Y>42.45</Y>
        </End>
      </Segment>
      <Segment>
        <SegmentID>209</SegmentID>
        <SegStyle>Hatch1</SegStyle>
        <End>
          <X>-25.4793</X>
          <Y>54.2299</Y>
        </End>
      </Segment>
      <Segment>
        <SegmentID>210</SegmentID>
        <SegStyle>Hatch1</SegStyle>
        <End>
          <X>-25.3993</X>
          <Y>54.2299</Y>
        </End>
      </Segment>
      <Segment>
        <SegmentID>211</SegmentID>
        <SegStyle>Hatch1</SegStyle>
        <End>
          <X>-25.7283</X>
          <Y>42.45</Y>
        </End>
      </Segment>
      <Segment>
        <SegmentID>212</SegmentID>
        <SegStyle>Hatch1</SegStyle>
        <End>
          <X>-25.6482</X>
          <Y>42.45</Y>
        </End>
      </Segment>
      <Segment>
        <SegmentID>213</SegmentID>
        <SegStyle>Hatch1</SegStyle>
        <End>
          <X>-25.3192</X>
          <Y>54.2299</Y>
        </End>
      </Segment>
      <Segment>
        <SegmentID>214</SegmentID>
        <SegStyle>Hatch1</SegStyle>
        <End>
          <X>-25.2392</X>
          <Y>54.2299</Y>
        </End>
      </Segment>
      <Segment>
        <SegmentID>215</SegmentID>
        <SegStyle>Hatch1</SegStyle>
        <End>
          <X>-25.5683</X>
          <Y>42.45</Y>
        </End>
      </Segment>
      <Segment>
        <SegmentID>216</SegmentID>
        <SegStyle>Hatch1</SegStyle>
        <End>
          <X>-25.4882</X>
          <Y>42.45</Y>
        </End>
      </Segment>
      <Segment>
        <SegmentID>217</SegmentID>
        <SegStyle>Hatch1</SegStyle>
        <End>
          <X>-25.1592</X>
          <Y>54.2299</Y>
        </End>
      </Segment>
      <Segment>
        <SegmentID>218</SegmentID>
        <SegStyle>Hatch1</SegStyle>
        <End>
          <X>-25.0791</X>
          <Y>54.2299</Y>
        </End>
      </Segment>
      <Segment>
        <SegmentID>219</SegmentID>
        <SegStyle>Hatch1</SegStyle>
        <End>
          <X>-25.4082</X>
          <Y>42.45</Y>
        </End>
      </Segment>
      <Segment>
        <SegmentID>220</SegmentID>
        <SegStyle>Hatch1</SegStyle>
        <End>
          <X>-25.3281</X>
          <Y>42.45</Y>
        </End>
      </Segment>
      <Segment>
        <SegmentID>221</SegmentID>
        <SegStyle>Hatch1</SegStyle>
        <End>
          <X>-24.9991</X>
          <Y>54.2299</Y>
        </End>
      </Segment>
      <Segment>
        <SegmentID>222</SegmentID>
        <SegStyle>Hatch1</SegStyle>
        <End>
          <X>-24.919</X>
          <Y>54.2299</Y>
        </End>
      </Segment>
      <Segment>
        <SegmentID>223</SegmentID>
        <SegStyle>Hatch1</SegStyle>
        <End>
          <X>-25.2481</X>
          <Y>42.45</Y>
        </End>
      </Segment>
      <Segment>
        <SegmentID>224</SegmentID>
        <SegStyle>Hatch1</SegStyle>
        <End>
          <X>-25.1681</X>
          <Y>42.45</Y>
        </End>
      </Segment>
      <Segment>
        <SegmentID>225</SegmentID>
        <SegStyle>Hatch1</SegStyle>
        <End>
          <X>-24.839</X>
          <Y>54.2299</Y>
        </End>
      </Segment>
      <Segment>
        <SegmentID>226</SegmentID>
        <SegStyle>Hatch1</SegStyle>
        <End>
          <X>-24.759</X>
          <Y>54.2299</Y>
        </End>
      </Segment>
      <Segment>
        <SegmentID>227</SegmentID>
        <SegStyle>Hatch1</SegStyle>
        <End>
          <X>-25.088</X>
          <Y>42.45</Y>
        </End>
      </Segment>
      <Segment>
        <SegmentID>228</SegmentID>
        <SegStyle>Hatch1</SegStyle>
        <End>
          <X>-25.008</X>
          <Y>42.45</Y>
        </End>
      </Segment>
      <Segment>
        <SegmentID>229</SegmentID>
        <SegStyle>Hatch1</SegStyle>
        <End>
          <X>-24.6789</X>
          <Y>54.2299</Y>
        </End>
      </Segment>
      <Segment>
        <SegmentID>230</SegmentID>
        <SegStyle>Hatch1</SegStyle>
        <End>
          <X>-24.599</X>
          <Y>54.2299</Y>
        </End>
      </Segment>
      <Segment>
        <SegmentID>231</SegmentID>
        <SegStyle>Hatch1</SegStyle>
        <End>
          <X>-24.928</X>
          <Y>42.45</Y>
        </End>
      </Segment>
      <Segment>
        <SegmentID>232</SegmentID>
        <SegStyle>Hatch1</SegStyle>
        <End>
          <X>-24.8479</X>
          <Y>42.45</Y>
        </End>
      </Segment>
      <Segment>
        <SegmentID>233</SegmentID>
        <SegStyle>Hatch1</SegStyle>
        <End>
          <X>-24.5189</X>
          <Y>54.2299</Y>
        </End>
      </Segment>
      <Segment>
        <SegmentID>234</SegmentID>
        <SegStyle>Hatch1</SegStyle>
        <End>
          <X>-24.4388</X>
          <Y>54.2299</Y>
        </End>
      </Segment>
      <Segment>
        <SegmentID>235</SegmentID>
        <SegStyle>Hatch1</SegStyle>
        <End>
          <X>-24.7679</X>
          <Y>42.45</Y>
        </End>
      </Segment>
      <Segment>
        <SegmentID>236</SegmentID>
        <SegStyle>Hatch1</SegStyle>
        <End>
          <X>-24.6879</X>
          <Y>42.45</Y>
        </End>
      </Segment>
      <Segment>
        <SegmentID>237</SegmentID>
        <SegStyle>Hatch1</SegStyle>
        <End>
          <X>-24.3589</X>
          <Y>54.2299</Y>
        </End>
      </Segment>
      <Segment>
        <SegmentID>238</SegmentID>
        <SegStyle>Hatch1</SegStyle>
        <End>
          <X>-24.2788</X>
          <Y>54.2299</Y>
        </End>
      </Segment>
      <Segment>
        <SegmentID>239</SegmentID>
        <SegStyle>Hatch1</SegStyle>
        <End>
          <X>-24.6078</X>
          <Y>42.45</Y>
        </End>
      </Segment>
      <Segment>
        <SegmentID>240</SegmentID>
        <SegStyle>Hatch1</SegStyle>
        <End>
          <X>-24.5279</X>
          <Y>42.45</Y>
        </End>
      </Segment>
      <Segment>
        <SegmentID>241</SegmentID>
        <SegStyle>Hatch1</SegStyle>
        <End>
          <X>-24.1988</X>
          <Y>54.2299</Y>
        </End>
      </Segment>
      <Segment>
        <SegmentID>242</SegmentID>
        <SegStyle>Hatch1</SegStyle>
        <End>
          <X>-24.1188</X>
          <Y>54.2299</Y>
        </End>
      </Segment>
      <Segment>
        <SegmentID>243</SegmentID>
        <SegStyle>Hatch1</SegStyle>
        <End>
          <X>-24.4478</X>
          <Y>42.45</Y>
        </End>
      </Segment>
      <Segment>
        <SegmentID>244</SegmentID>
        <SegStyle>Hatch1</SegStyle>
        <End>
          <X>-24.3677</X>
          <Y>42.45</Y>
        </End>
      </Segment>
      <Segment>
        <SegmentID>245</SegmentID>
        <SegStyle>Hatch1</SegStyle>
        <End>
          <X>-24.0387</X>
          <Y>54.2299</Y>
        </End>
      </Segment>
      <Segment>
        <SegmentID>246</SegmentID>
        <SegStyle>Hatch1</SegStyle>
        <End>
          <X>-23.9587</X>
          <Y>54.2299</Y>
        </End>
      </Segment>
      <Segment>
        <SegmentID>247</SegmentID>
        <SegStyle>Hatch1</SegStyle>
        <End>
          <X>-24.2878</X>
          <Y>42.45</Y>
        </End>
      </Segment>
      <Segment>
        <SegmentID>248</SegmentID>
        <SegStyle>Hatch1</SegStyle>
        <End>
          <X>-24.2077</X>
          <Y>42.45</Y>
        </End>
      </Segment>
      <Segment>
        <SegmentID>249</SegmentID>
        <SegStyle>Hatch1</SegStyle>
        <End>
          <X>-23.8787</X>
          <Y>54.2299</Y>
        </End>
      </Segment>
      <Segment>
        <SegmentID>250</SegmentID>
        <SegStyle>Hatch1</SegStyle>
        <End>
          <X>-23.7986</X>
          <Y>54.2299</Y>
        </End>
      </Segment>
      <Segment>
        <SegmentID>251</SegmentID>
        <SegStyle>Hatch1</SegStyle>
        <End>
          <X>-24.1277</X>
          <Y>42.45</Y>
        </End>
      </Segment>
      <Segment>
        <SegmentID>252</SegmentID>
        <SegStyle>Hatch1</SegStyle>
        <End>
          <X>-24.0476</X>
          <Y>42.45</Y>
        </End>
      </Segment>
      <Segment>
        <SegmentID>253</SegmentID>
        <SegStyle>Hatch1</SegStyle>
        <End>
          <X>-23.7186</X>
          <Y>54.2299</Y>
        </End>
      </Segment>
      <Segment>
        <SegmentID>254</SegmentID>
        <SegStyle>Hatch1</SegStyle>
        <End>
          <X>-23.6385</X>
          <Y>54.2299</Y>
        </End>
      </Segment>
      <Segment>
        <SegmentID>255</SegmentID>
        <SegStyle>Hatch1</SegStyle>
        <End>
          <X>-23.9676</X>
          <Y>42.45</Y>
        </End>
      </Segment>
      <Segment>
        <SegmentID>256</SegmentID>
        <SegStyle>Hatch1</SegStyle>
        <End>
          <X>-23.8876</X>
          <Y>42.45</Y>
        </End>
      </Segment>
      <Segment>
        <SegmentID>257</SegmentID>
        <SegStyle>Hatch1</SegStyle>
        <End>
          <X>-23.5864</X>
          <Y>53.2327</Y>
        </End>
      </Segment>
      <Segment>
        <SegmentID>258</SegmentID>
        <SegStyle>Hatch1</SegStyle>
        <End>
          <X>-23.5864</X>
          <Y>50.3662</Y>
        </End>
      </Segment>
      <Segment>
        <SegmentID>259</SegmentID>
        <SegStyle>Hatch1</SegStyle>
        <End>
          <X>-23.8075</X>
          <Y>42.45</Y>
        </End>
      </Segment>
      <Segment>
        <SegmentID>260</SegmentID>
        <SegStyle>Hatch1</SegStyle>
        <End>
          <X>-23.7275</X>
          <Y>42.45</Y>
        </End>
      </Segment>
      <Segment>
        <SegmentID>261</SegmentID>
        <SegStyle>Hatch1</SegStyle>
        <End>
          <X>-23.5864</X>
          <Y>47.5017</Y>
        </End>
      </Segment>
      <Segment>
        <SegmentID>262</SegmentID>
        <SegStyle>Hatch1</SegStyle>
        <End>
          <X>-23.6475</X>
          <Y>42.45</Y>
        </End>
      </Segment>
      <Segment>
        <SegmentID>263</SegmentID>
        <SegStyle>Hatch1</SegStyle>
        <End>
          <X>-23.5864</X>
          <Y>44.6368</Y>
        </End>
      </Segment>
    </Path>
  </Trajectory>
</TrajectoryList>
</Layer>